path,label,method
manipulated_sequences_FaceShifter_c23_438_434_frame_01.jpg,1,FaceShifter
original_sequences_youtube_c23_503_frame_01.jpg,0,youtube
original_sequences_youtube_c23_035_frame_05.jpg,0,youtube
original_sequences_youtube_c23_645_frame_02.jpg,0,youtube
original_sequences_youtube_c23_474_frame_04.jpg,0,youtube
manipulated_sequences_FaceShifter_c23_489_022_frame_03.jpg,1,FaceShifter
original_sequences_youtube_c23_243_frame_04.jpg,0,youtube
manipulated_sequences_Deepfakes_c23_372_413_frame_01.jpg,1,Deepfakes
manipulated_sequences_FaceShifter_c23_917_924_frame_04.jpg,1,FaceShifter
original_sequences_youtube_c23_197_frame_05.jpg,0,youtube
original_sequences_youtube_c23_380_frame_03.jpg,0,youtube
manipulated_sequences_FaceSwap_c23_494_445_frame_04.jpg,1,FaceSwap
manipulated_sequences_Deepfakes_c23_930_763_frame_01.jpg,1,Deepfakes
manipulated_sequences_Deepfakes_c23_903_792_frame_04.jpg,1,Deepfakes
original_sequences_youtube_c23_477_frame_04.jpg,0,youtube
manipulated_sequences_FaceShifter_c23_743_750_frame_04.jpg,1,FaceShifter
original_sequences_youtube_c23_040_frame_01.jpg,0,youtube
manipulated_sequences_Face2Face_c23_149_152_frame_03.jpg,1,Face2Face
manipulated_sequences_FaceSwap_c23_168_222_frame_03.jpg,1,FaceSwap
manipulated_sequences_NeuralTextures_c23_650_625_frame_02.jpg,1,NeuralTextures
manipulated_sequences_Face2Face_c23_482_465_frame_02.jpg,1,Face2Face
original_sequences_youtube_c23_787_frame_05.jpg,0,youtube
original_sequences_youtube_c23_049_frame_05.jpg,0,youtube
manipulated_sequences_Face2Face_c23_419_824_frame_01.jpg,1,Face2Face
original_sequences_youtube_c23_614_frame_01.jpg,0,youtube
manipulated_sequences_Face2Face_c23_307_365_frame_01.jpg,1,Face2Face
original_sequences_youtube_c23_296_frame_04.jpg,0,youtube
manipulated_sequences_NeuralTextures_c23_374_407_frame_01.jpg,1,NeuralTextures
manipulated_sequences_FaceShifter_c23_201_203_frame_05.jpg,1,FaceShifter
manipulated_sequences_NeuralTextures_c23_170_186_frame_03.jpg,1,NeuralTextures
original_sequences_youtube_c23_253_frame_04.jpg,0,youtube
original_sequences_youtube_c23_528_frame_05.jpg,0,youtube
original_sequences_youtube_c23_426_frame_01.jpg,0,youtube
original_sequences_youtube_c23_853_frame_02.jpg,0,youtube
manipulated_sequences_NeuralTextures_c23_282_238_frame_01.jpg,1,NeuralTextures
original_sequences_youtube_c23_615_frame_03.jpg,0,youtube
manipulated_sequences_Deepfakes_c23_250_461_frame_03.jpg,1,Deepfakes
original_sequences_youtube_c23_201_frame_03.jpg,0,youtube
original_sequences_youtube_c23_496_frame_03.jpg,0,youtube
manipulated_sequences_FaceShifter_c23_574_547_frame_05.jpg,1,FaceShifter
manipulated_sequences_Deepfakes_c23_693_698_frame_05.jpg,1,Deepfakes
original_sequences_youtube_c23_361_frame_05.jpg,0,youtube
manipulated_sequences_NeuralTextures_c23_907_795_frame_02.jpg,1,NeuralTextures
original_sequences_youtube_c23_638_frame_02.jpg,0,youtube
manipulated_sequences_Face2Face_c23_927_912_frame_01.jpg,1,Face2Face
original_sequences_youtube_c23_323_frame_02.jpg,0,youtube
original_sequences_youtube_c23_393_frame_04.jpg,0,youtube
original_sequences_youtube_c23_995_frame_01.jpg,0,youtube
original_sequences_youtube_c23_173_frame_03.jpg,0,youtube
original_sequences_youtube_c23_450_frame_05.jpg,0,youtube
original_sequences_youtube_c23_434_frame_02.jpg,0,youtube
manipulated_sequences_NeuralTextures_c23_141_161_frame_02.jpg,1,NeuralTextures
original_sequences_youtube_c23_283_frame_04.jpg,0,youtube
manipulated_sequences_NeuralTextures_c23_727_729_frame_04.jpg,1,NeuralTextures
original_sequences_youtube_c23_047_frame_04.jpg,0,youtube
manipulated_sequences_FaceSwap_c23_769_784_frame_02.jpg,1,FaceSwap
original_sequences_youtube_c23_590_frame_05.jpg,0,youtube
manipulated_sequences_Face2Face_c23_092_098_frame_01.jpg,1,Face2Face
original_sequences_youtube_c23_617_frame_02.jpg,0,youtube
original_sequences_youtube_c23_662_frame_04.jpg,0,youtube
original_sequences_youtube_c23_058_frame_04.jpg,0,youtube
manipulated_sequences_FaceSwap_c23_336_338_frame_05.jpg,1,FaceSwap
manipulated_sequences_FaceShifter_c23_186_170_frame_04.jpg,1,FaceShifter
original_sequences_youtube_c23_861_frame_05.jpg,0,youtube
original_sequences_youtube_c23_499_frame_01.jpg,0,youtube
manipulated_sequences_NeuralTextures_c23_650_625_frame_04.jpg,1,NeuralTextures
original_sequences_youtube_c23_141_frame_03.jpg,0,youtube
manipulated_sequences_Face2Face_c23_981_985_frame_04.jpg,1,Face2Face
manipulated_sequences_FaceShifter_c23_480_389_frame_02.jpg,1,FaceShifter
original_sequences_youtube_c23_232_frame_05.jpg,0,youtube
manipulated_sequences_Deepfakes_c23_541_523_frame_02.jpg,1,Deepfakes
original_sequences_youtube_c23_441_frame_05.jpg,0,youtube
original_sequences_youtube_c23_525_frame_01.jpg,0,youtube
original_sequences_youtube_c23_877_frame_03.jpg,0,youtube
original_sequences_youtube_c23_957_frame_05.jpg,0,youtube
manipulated_sequences_NeuralTextures_c23_188_191_frame_02.jpg,1,NeuralTextures
original_sequences_youtube_c23_104_frame_03.jpg,0,youtube
manipulated_sequences_FaceShifter_c23_884_968_frame_01.jpg,1,FaceShifter
manipulated_sequences_NeuralTextures_c23_076_079_frame_05.jpg,1,NeuralTextures
original_sequences_youtube_c23_345_frame_01.jpg,0,youtube
manipulated_sequences_Face2Face_c23_692_610_frame_02.jpg,1,Face2Face
original_sequences_youtube_c23_707_frame_02.jpg,0,youtube
manipulated_sequences_Deepfakes_c23_015_919_frame_04.jpg,1,Deepfakes
original_sequences_youtube_c23_320_frame_05.jpg,0,youtube
manipulated_sequences_Deepfakes_c23_746_571_frame_03.jpg,1,Deepfakes
original_sequences_youtube_c23_037_frame_01.jpg,0,youtube
original_sequences_youtube_c23_372_frame_01.jpg,0,youtube
original_sequences_youtube_c23_085_frame_01.jpg,0,youtube
manipulated_sequences_Face2Face_c23_972_718_frame_04.jpg,1,Face2Face
manipulated_sequences_FaceSwap_c23_039_058_frame_02.jpg,1,FaceSwap
manipulated_sequences_FaceSwap_c23_134_192_frame_01.jpg,1,FaceSwap
manipulated_sequences_FaceSwap_c23_727_729_frame_01.jpg,1,FaceSwap
manipulated_sequences_Face2Face_c23_036_035_frame_02.jpg,1,Face2Face
original_sequences_youtube_c23_113_frame_01.jpg,0,youtube
original_sequences_youtube_c23_700_frame_01.jpg,0,youtube
original_sequences_youtube_c23_457_frame_05.jpg,0,youtube
manipulated_sequences_Face2Face_c23_848_894_frame_04.jpg,1,Face2Face
manipulated_sequences_FaceSwap_c23_834_852_frame_02.jpg,1,FaceSwap
manipulated_sequences_FaceSwap_c23_706_479_frame_05.jpg,1,FaceSwap
manipulated_sequences_FaceSwap_c23_480_389_frame_02.jpg,1,FaceSwap
original_sequences_youtube_c23_068_frame_04.jpg,0,youtube
manipulated_sequences_Deepfakes_c23_869_780_frame_02.jpg,1,Deepfakes
original_sequences_youtube_c23_302_frame_02.jpg,0,youtube
manipulated_sequences_NeuralTextures_c23_203_201_frame_05.jpg,1,NeuralTextures
manipulated_sequences_FaceShifter_c23_570_624_frame_03.jpg,1,FaceShifter
original_sequences_youtube_c23_321_frame_01.jpg,0,youtube
original_sequences_youtube_c23_244_frame_04.jpg,0,youtube
manipulated_sequences_FaceSwap_c23_316_369_frame_04.jpg,1,FaceSwap
manipulated_sequences_Face2Face_c23_696_686_frame_02.jpg,1,Face2Face
original_sequences_youtube_c23_705_frame_03.jpg,0,youtube
manipulated_sequences_Deepfakes_c23_014_790_frame_01.jpg,1,Deepfakes
manipulated_sequences_FaceShifter_c23_018_019_frame_03.jpg,1,FaceShifter
original_sequences_youtube_c23_415_frame_04.jpg,0,youtube
original_sequences_youtube_c23_953_frame_03.jpg,0,youtube
manipulated_sequences_NeuralTextures_c23_781_806_frame_02.jpg,1,NeuralTextures
original_sequences_youtube_c23_630_frame_03.jpg,0,youtube
manipulated_sequences_FaceSwap_c23_895_915_frame_02.jpg,1,FaceSwap
original_sequences_youtube_c23_644_frame_04.jpg,0,youtube
original_sequences_youtube_c23_548_frame_03.jpg,0,youtube
original_sequences_youtube_c23_793_frame_01.jpg,0,youtube
manipulated_sequences_FaceSwap_c23_289_228_frame_03.jpg,1,FaceSwap
original_sequences_youtube_c23_152_frame_03.jpg,0,youtube
manipulated_sequences_FaceSwap_c23_552_851_frame_02.jpg,1,FaceSwap
manipulated_sequences_Deepfakes_c23_473_366_frame_04.jpg,1,Deepfakes
original_sequences_youtube_c23_972_frame_02.jpg,0,youtube
original_sequences_youtube_c23_358_frame_04.jpg,0,youtube
original_sequences_youtube_c23_829_frame_05.jpg,0,youtube
original_sequences_youtube_c23_719_frame_02.jpg,0,youtube
manipulated_sequences_Face2Face_c23_871_814_frame_05.jpg,1,Face2Face
original_sequences_youtube_c23_886_frame_04.jpg,0,youtube
manipulated_sequences_FaceShifter_c23_756_503_frame_02.jpg,1,FaceShifter
original_sequences_youtube_c23_507_frame_02.jpg,0,youtube
original_sequences_youtube_c23_652_frame_05.jpg,0,youtube
manipulated_sequences_Deepfakes_c23_272_396_frame_03.jpg,1,Deepfakes
manipulated_sequences_NeuralTextures_c23_221_206_frame_04.jpg,1,NeuralTextures
manipulated_sequences_Face2Face_c23_488_399_frame_05.jpg,1,Face2Face
original_sequences_youtube_c23_509_frame_05.jpg,0,youtube
manipulated_sequences_FaceShifter_c23_877_886_frame_02.jpg,1,FaceShifter
original_sequences_youtube_c23_133_frame_03.jpg,0,youtube
manipulated_sequences_NeuralTextures_c23_651_835_frame_04.jpg,1,NeuralTextures
original_sequences_youtube_c23_976_frame_04.jpg,0,youtube
manipulated_sequences_FaceSwap_c23_651_835_frame_04.jpg,1,FaceSwap
manipulated_sequences_FaceShifter_c23_530_594_frame_05.jpg,1,FaceShifter
original_sequences_youtube_c23_178_frame_04.jpg,0,youtube
manipulated_sequences_FaceSwap_c23_052_108_frame_01.jpg,1,FaceSwap
manipulated_sequences_FaceShifter_c23_864_839_frame_04.jpg,1,FaceShifter
manipulated_sequences_Deepfakes_c23_578_636_frame_04.jpg,1,Deepfakes
original_sequences_youtube_c23_352_frame_05.jpg,0,youtube
original_sequences_youtube_c23_490_frame_04.jpg,0,youtube
original_sequences_youtube_c23_113_frame_03.jpg,0,youtube
manipulated_sequences_FaceShifter_c23_957_959_frame_04.jpg,1,FaceShifter
manipulated_sequences_FaceShifter_c23_905_860_frame_02.jpg,1,FaceShifter
original_sequences_youtube_c23_806_frame_05.jpg,0,youtube
manipulated_sequences_NeuralTextures_c23_756_503_frame_03.jpg,1,NeuralTextures
manipulated_sequences_Deepfakes_c23_841_639_frame_02.jpg,1,Deepfakes
manipulated_sequences_FaceShifter_c23_854_747_frame_05.jpg,1,FaceShifter
manipulated_sequences_Deepfakes_c23_982_004_frame_02.jpg,1,Deepfakes
original_sequences_youtube_c23_906_frame_03.jpg,0,youtube
manipulated_sequences_Deepfakes_c23_546_621_frame_05.jpg,1,Deepfakes
original_sequences_youtube_c23_447_frame_03.jpg,0,youtube
original_sequences_youtube_c23_997_frame_04.jpg,0,youtube
original_sequences_youtube_c23_530_frame_05.jpg,0,youtube
manipulated_sequences_FaceSwap_c23_462_467_frame_02.jpg,1,FaceSwap
original_sequences_youtube_c23_147_frame_04.jpg,0,youtube
original_sequences_youtube_c23_268_frame_03.jpg,0,youtube
original_sequences_youtube_c23_070_frame_04.jpg,0,youtube
manipulated_sequences_Face2Face_c23_253_183_frame_01.jpg,1,Face2Face
manipulated_sequences_NeuralTextures_c23_208_215_frame_03.jpg,1,NeuralTextures
manipulated_sequences_NeuralTextures_c23_645_688_frame_04.jpg,1,NeuralTextures
original_sequences_youtube_c23_712_frame_01.jpg,0,youtube
original_sequences_youtube_c23_985_frame_01.jpg,0,youtube
manipulated_sequences_Face2Face_c23_113_983_frame_03.jpg,1,Face2Face
manipulated_sequences_FaceSwap_c23_608_675_frame_05.jpg,1,FaceSwap
manipulated_sequences_FaceShifter_c23_574_547_frame_02.jpg,1,FaceShifter
original_sequences_youtube_c23_930_frame_01.jpg,0,youtube
original_sequences_youtube_c23_163_frame_04.jpg,0,youtube
original_sequences_youtube_c23_368_frame_03.jpg,0,youtube
manipulated_sequences_NeuralTextures_c23_022_489_frame_02.jpg,1,NeuralTextures
original_sequences_youtube_c23_875_frame_04.jpg,0,youtube
manipulated_sequences_Deepfakes_c23_111_094_frame_03.jpg,1,Deepfakes
manipulated_sequences_NeuralTextures_c23_900_926_frame_03.jpg,1,NeuralTextures
original_sequences_youtube_c23_007_frame_01.jpg,0,youtube
manipulated_sequences_Deepfakes_c23_614_616_frame_02.jpg,1,Deepfakes
original_sequences_youtube_c23_541_frame_05.jpg,0,youtube
manipulated_sequences_Deepfakes_c23_051_332_frame_03.jpg,1,Deepfakes
manipulated_sequences_FaceSwap_c23_149_152_frame_03.jpg,1,FaceSwap
original_sequences_youtube_c23_883_frame_03.jpg,0,youtube
manipulated_sequences_FaceSwap_c23_049_946_frame_04.jpg,1,FaceSwap
original_sequences_youtube_c23_808_frame_01.jpg,0,youtube
original_sequences_youtube_c23_435_frame_02.jpg,0,youtube
manipulated_sequences_NeuralTextures_c23_829_808_frame_05.jpg,1,NeuralTextures
original_sequences_youtube_c23_992_frame_04.jpg,0,youtube
original_sequences_youtube_c23_744_frame_03.jpg,0,youtube
original_sequences_youtube_c23_331_frame_05.jpg,0,youtube
manipulated_sequences_NeuralTextures_c23_112_892_frame_04.jpg,1,NeuralTextures
original_sequences_youtube_c23_749_frame_04.jpg,0,youtube
original_sequences_youtube_c23_750_frame_05.jpg,0,youtube
original_sequences_youtube_c23_095_frame_01.jpg,0,youtube
original_sequences_youtube_c23_661_frame_04.jpg,0,youtube
original_sequences_youtube_c23_514_frame_03.jpg,0,youtube
manipulated_sequences_Deepfakes_c23_142_138_frame_02.jpg,1,Deepfakes
manipulated_sequences_NeuralTextures_c23_507_418_frame_03.jpg,1,NeuralTextures
original_sequences_youtube_c23_390_frame_04.jpg,0,youtube
original_sequences_youtube_c23_454_frame_01.jpg,0,youtube
manipulated_sequences_Face2Face_c23_372_413_frame_01.jpg,1,Face2Face
original_sequences_youtube_c23_139_frame_04.jpg,0,youtube
manipulated_sequences_FaceSwap_c23_674_744_frame_02.jpg,1,FaceSwap
original_sequences_youtube_c23_963_frame_03.jpg,0,youtube
manipulated_sequences_NeuralTextures_c23_513_305_frame_03.jpg,1,NeuralTextures
original_sequences_youtube_c23_028_frame_05.jpg,0,youtube
original_sequences_youtube_c23_042_frame_02.jpg,0,youtube
manipulated_sequences_FaceSwap_c23_215_208_frame_05.jpg,1,FaceSwap
manipulated_sequences_FaceSwap_c23_860_905_frame_02.jpg,1,FaceSwap
manipulated_sequences_Face2Face_c23_966_988_frame_01.jpg,1,Face2Face
manipulated_sequences_Deepfakes_c23_908_207_frame_05.jpg,1,Deepfakes
manipulated_sequences_NeuralTextures_c23_457_398_frame_04.jpg,1,NeuralTextures
manipulated_sequences_FaceShifter_c23_533_450_frame_02.jpg,1,FaceShifter
manipulated_sequences_FaceShifter_c23_287_426_frame_05.jpg,1,FaceShifter
manipulated_sequences_FaceSwap_c23_898_922_frame_01.jpg,1,FaceSwap
original_sequences_youtube_c23_050_frame_05.jpg,0,youtube
manipulated_sequences_FaceSwap_c23_701_579_frame_03.jpg,1,FaceSwap
manipulated_sequences_FaceShifter_c23_642_635_frame_03.jpg,1,FaceShifter
manipulated_sequences_NeuralTextures_c23_543_559_frame_02.jpg,1,NeuralTextures
original_sequences_youtube_c23_587_frame_03.jpg,0,youtube
manipulated_sequences_Face2Face_c23_319_352_frame_03.jpg,1,Face2Face
original_sequences_youtube_c23_956_frame_03.jpg,0,youtube
manipulated_sequences_NeuralTextures_c23_212_179_frame_04.jpg,1,NeuralTextures
manipulated_sequences_FaceSwap_c23_397_602_frame_02.jpg,1,FaceSwap
original_sequences_youtube_c23_813_frame_03.jpg,0,youtube
manipulated_sequences_Deepfakes_c23_936_931_frame_05.jpg,1,Deepfakes
original_sequences_youtube_c23_787_frame_01.jpg,0,youtube
original_sequences_youtube_c23_907_frame_02.jpg,0,youtube
manipulated_sequences_Deepfakes_c23_556_588_frame_02.jpg,1,Deepfakes
manipulated_sequences_FaceShifter_c23_791_770_frame_05.jpg,1,FaceShifter
original_sequences_youtube_c23_377_frame_02.jpg,0,youtube
manipulated_sequences_Deepfakes_c23_761_766_frame_02.jpg,1,Deepfakes
original_sequences_youtube_c23_390_frame_01.jpg,0,youtube
original_sequences_youtube_c23_240_frame_01.jpg,0,youtube
manipulated_sequences_FaceShifter_c23_719_737_frame_04.jpg,1,FaceShifter
manipulated_sequences_NeuralTextures_c23_786_819_frame_05.jpg,1,NeuralTextures
manipulated_sequences_FaceSwap_c23_879_963_frame_03.jpg,1,FaceSwap
original_sequences_youtube_c23_077_frame_05.jpg,0,youtube
original_sequences_youtube_c23_685_frame_04.jpg,0,youtube
original_sequences_youtube_c23_152_frame_02.jpg,0,youtube
original_sequences_youtube_c23_809_frame_01.jpg,0,youtube
original_sequences_youtube_c23_259_frame_03.jpg,0,youtube
manipulated_sequences_FaceShifter_c23_669_682_frame_04.jpg,1,FaceShifter
original_sequences_youtube_c23_635_frame_05.jpg,0,youtube
original_sequences_youtube_c23_689_frame_02.jpg,0,youtube
original_sequences_youtube_c23_012_frame_04.jpg,0,youtube
manipulated_sequences_FaceSwap_c23_575_603_frame_01.jpg,1,FaceSwap
original_sequences_youtube_c23_168_frame_01.jpg,0,youtube
manipulated_sequences_Face2Face_c23_517_521_frame_02.jpg,1,Face2Face
manipulated_sequences_FaceShifter_c23_778_798_frame_04.jpg,1,FaceShifter
original_sequences_youtube_c23_794_frame_03.jpg,0,youtube
manipulated_sequences_FaceSwap_c23_523_541_frame_02.jpg,1,FaceSwap
original_sequences_youtube_c23_609_frame_04.jpg,0,youtube
manipulated_sequences_Face2Face_c23_018_019_frame_02.jpg,1,Face2Face
original_sequences_youtube_c23_947_frame_04.jpg,0,youtube
original_sequences_youtube_c23_674_frame_05.jpg,0,youtube
original_sequences_youtube_c23_892_frame_05.jpg,0,youtube
manipulated_sequences_FaceSwap_c23_452_550_frame_01.jpg,1,FaceSwap
manipulated_sequences_Face2Face_c23_831_508_frame_04.jpg,1,Face2Face
original_sequences_youtube_c23_995_frame_03.jpg,0,youtube
original_sequences_youtube_c23_685_frame_01.jpg,0,youtube
manipulated_sequences_Deepfakes_c23_881_856_frame_03.jpg,1,Deepfakes
manipulated_sequences_NeuralTextures_c23_187_234_frame_04.jpg,1,NeuralTextures
original_sequences_youtube_c23_817_frame_04.jpg,0,youtube
original_sequences_youtube_c23_737_frame_05.jpg,0,youtube
original_sequences_youtube_c23_948_frame_03.jpg,0,youtube
original_sequences_youtube_c23_081_frame_02.jpg,0,youtube
manipulated_sequences_Face2Face_c23_190_176_frame_02.jpg,1,Face2Face
manipulated_sequences_Face2Face_c23_704_723_frame_03.jpg,1,Face2Face
manipulated_sequences_NeuralTextures_c23_257_420_frame_01.jpg,1,NeuralTextures
original_sequences_youtube_c23_716_frame_03.jpg,0,youtube
manipulated_sequences_Deepfakes_c23_231_663_frame_01.jpg,1,Deepfakes
manipulated_sequences_FaceSwap_c23_479_706_frame_01.jpg,1,FaceSwap
original_sequences_youtube_c23_733_frame_02.jpg,0,youtube
manipulated_sequences_FaceSwap_c23_488_399_frame_05.jpg,1,FaceSwap
manipulated_sequences_Deepfakes_c23_390_709_frame_05.jpg,1,Deepfakes
manipulated_sequences_FaceSwap_c23_493_538_frame_02.jpg,1,FaceSwap
original_sequences_youtube_c23_114_frame_01.jpg,0,youtube
manipulated_sequences_NeuralTextures_c23_225_151_frame_02.jpg,1,NeuralTextures
manipulated_sequences_Face2Face_c23_794_779_frame_01.jpg,1,Face2Face
manipulated_sequences_Face2Face_c23_438_434_frame_02.jpg,1,Face2Face
manipulated_sequences_FaceShifter_c23_981_985_frame_04.jpg,1,FaceShifter
original_sequences_youtube_c23_923_frame_01.jpg,0,youtube
original_sequences_youtube_c23_378_frame_04.jpg,0,youtube
original_sequences_youtube_c23_454_frame_02.jpg,0,youtube
original_sequences_youtube_c23_152_frame_04.jpg,0,youtube
manipulated_sequences_Deepfakes_c23_694_767_frame_04.jpg,1,Deepfakes
manipulated_sequences_FaceSwap_c23_283_313_frame_02.jpg,1,FaceSwap
manipulated_sequences_NeuralTextures_c23_639_841_frame_05.jpg,1,NeuralTextures
original_sequences_youtube_c23_354_frame_02.jpg,0,youtube
manipulated_sequences_FaceSwap_c23_726_713_frame_04.jpg,1,FaceSwap
manipulated_sequences_FaceShifter_c23_593_577_frame_04.jpg,1,FaceShifter
manipulated_sequences_FaceSwap_c23_698_693_frame_02.jpg,1,FaceSwap
manipulated_sequences_FaceShifter_c23_070_057_frame_03.jpg,1,FaceShifter
original_sequences_youtube_c23_754_frame_04.jpg,0,youtube
manipulated_sequences_FaceSwap_c23_227_169_frame_03.jpg,1,FaceSwap
manipulated_sequences_FaceSwap_c23_203_201_frame_05.jpg,1,FaceSwap
original_sequences_youtube_c23_534_frame_01.jpg,0,youtube
manipulated_sequences_FaceShifter_c23_971_564_frame_02.jpg,1,FaceShifter
original_sequences_youtube_c23_837_frame_05.jpg,0,youtube
original_sequences_youtube_c23_316_frame_02.jpg,0,youtube
manipulated_sequences_Deepfakes_c23_340_341_frame_05.jpg,1,Deepfakes
manipulated_sequences_NeuralTextures_c23_688_645_frame_01.jpg,1,NeuralTextures
manipulated_sequences_FaceShifter_c23_879_963_frame_01.jpg,1,FaceShifter
original_sequences_youtube_c23_175_frame_04.jpg,0,youtube
manipulated_sequences_Deepfakes_c23_315_322_frame_05.jpg,1,Deepfakes
manipulated_sequences_Face2Face_c23_955_078_frame_01.jpg,1,Face2Face
manipulated_sequences_NeuralTextures_c23_768_793_frame_03.jpg,1,NeuralTextures
manipulated_sequences_NeuralTextures_c23_165_137_frame_02.jpg,1,NeuralTextures
manipulated_sequences_FaceShifter_c23_001_870_frame_05.jpg,1,FaceShifter
original_sequences_youtube_c23_241_frame_04.jpg,0,youtube
manipulated_sequences_FaceShifter_c23_507_418_frame_01.jpg,1,FaceShifter
original_sequences_youtube_c23_881_frame_01.jpg,0,youtube
manipulated_sequences_FaceShifter_c23_626_562_frame_03.jpg,1,FaceShifter
manipulated_sequences_FaceSwap_c23_456_435_frame_05.jpg,1,FaceSwap
manipulated_sequences_Deepfakes_c23_601_653_frame_02.jpg,1,Deepfakes
manipulated_sequences_FaceSwap_c23_823_584_frame_02.jpg,1,FaceSwap
original_sequences_youtube_c23_521_frame_02.jpg,0,youtube
manipulated_sequences_Deepfakes_c23_164_216_frame_01.jpg,1,Deepfakes
manipulated_sequences_NeuralTextures_c23_529_633_frame_04.jpg,1,NeuralTextures
manipulated_sequences_FaceShifter_c23_488_399_frame_04.jpg,1,FaceShifter
manipulated_sequences_FaceShifter_c23_645_688_frame_01.jpg,1,FaceShifter
original_sequences_youtube_c23_378_frame_02.jpg,0,youtube
manipulated_sequences_FaceSwap_c23_212_179_frame_02.jpg,1,FaceSwap
manipulated_sequences_FaceSwap_c23_981_985_frame_04.jpg,1,FaceSwap
original_sequences_youtube_c23_388_frame_02.jpg,0,youtube
original_sequences_youtube_c23_660_frame_01.jpg,0,youtube
original_sequences_youtube_c23_079_frame_03.jpg,0,youtube
original_sequences_youtube_c23_659_frame_04.jpg,0,youtube
original_sequences_youtube_c23_727_frame_02.jpg,0,youtube
manipulated_sequences_NeuralTextures_c23_530_594_frame_05.jpg,1,NeuralTextures
original_sequences_youtube_c23_482_frame_03.jpg,0,youtube
original_sequences_youtube_c23_066_frame_01.jpg,0,youtube
manipulated_sequences_FaceSwap_c23_561_998_frame_05.jpg,1,FaceSwap
manipulated_sequences_FaceShifter_c23_871_814_frame_05.jpg,1,FaceShifter
original_sequences_youtube_c23_418_frame_04.jpg,0,youtube
manipulated_sequences_Deepfakes_c23_732_691_frame_04.jpg,1,Deepfakes
manipulated_sequences_NeuralTextures_c23_333_377_frame_02.jpg,1,NeuralTextures
original_sequences_youtube_c23_742_frame_02.jpg,0,youtube
manipulated_sequences_FaceSwap_c23_281_474_frame_04.jpg,1,FaceSwap
manipulated_sequences_NeuralTextures_c23_988_966_frame_03.jpg,1,NeuralTextures
original_sequences_youtube_c23_613_frame_04.jpg,0,youtube
original_sequences_youtube_c23_050_frame_04.jpg,0,youtube
manipulated_sequences_NeuralTextures_c23_568_628_frame_03.jpg,1,NeuralTextures
manipulated_sequences_FaceShifter_c23_940_941_frame_02.jpg,1,FaceShifter
manipulated_sequences_FaceShifter_c23_135_880_frame_05.jpg,1,FaceShifter
manipulated_sequences_FaceSwap_c23_827_817_frame_05.jpg,1,FaceSwap
original_sequences_youtube_c23_265_frame_05.jpg,0,youtube
original_sequences_youtube_c23_423_frame_01.jpg,0,youtube
original_sequences_youtube_c23_519_frame_04.jpg,0,youtube
manipulated_sequences_NeuralTextures_c23_794_779_frame_01.jpg,1,NeuralTextures
original_sequences_youtube_c23_160_frame_01.jpg,0,youtube
manipulated_sequences_Deepfakes_c23_257_420_frame_01.jpg,1,Deepfakes
original_sequences_youtube_c23_854_frame_04.jpg,0,youtube
manipulated_sequences_NeuralTextures_c23_039_058_frame_03.jpg,1,NeuralTextures
original_sequences_youtube_c23_753_frame_05.jpg,0,youtube
original_sequences_youtube_c23_873_frame_01.jpg,0,youtube
manipulated_sequences_Deepfakes_c23_340_341_frame_01.jpg,1,Deepfakes
original_sequences_youtube_c23_967_frame_02.jpg,0,youtube
manipulated_sequences_FaceSwap_c23_141_161_frame_01.jpg,1,FaceSwap
manipulated_sequences_Deepfakes_c23_627_658_frame_05.jpg,1,Deepfakes
manipulated_sequences_FaceSwap_c23_606_567_frame_04.jpg,1,FaceSwap
manipulated_sequences_FaceSwap_c23_627_658_frame_05.jpg,1,FaceSwap
manipulated_sequences_Face2Face_c23_077_100_frame_03.jpg,1,Face2Face
original_sequences_youtube_c23_348_frame_03.jpg,0,youtube
original_sequences_youtube_c23_136_frame_02.jpg,0,youtube
original_sequences_youtube_c23_031_frame_02.jpg,0,youtube
manipulated_sequences_FaceSwap_c23_717_684_frame_01.jpg,1,FaceSwap
original_sequences_youtube_c23_542_frame_04.jpg,0,youtube
original_sequences_youtube_c23_841_frame_02.jpg,0,youtube
original_sequences_youtube_c23_754_frame_03.jpg,0,youtube
manipulated_sequences_NeuralTextures_c23_493_538_frame_02.jpg,1,NeuralTextures
manipulated_sequences_FaceSwap_c23_534_490_frame_01.jpg,1,FaceSwap
original_sequences_youtube_c23_064_frame_02.jpg,0,youtube
original_sequences_youtube_c23_180_frame_02.jpg,0,youtube
original_sequences_youtube_c23_489_frame_02.jpg,0,youtube
manipulated_sequences_FaceShifter_c23_989_993_frame_02.jpg,1,FaceShifter
manipulated_sequences_FaceShifter_c23_390_709_frame_05.jpg,1,FaceShifter
original_sequences_youtube_c23_769_frame_05.jpg,0,youtube
original_sequences_youtube_c23_281_frame_02.jpg,0,youtube
original_sequences_youtube_c23_874_frame_01.jpg,0,youtube
manipulated_sequences_FaceShifter_c23_623_630_frame_03.jpg,1,FaceShifter
manipulated_sequences_NeuralTextures_c23_272_396_frame_03.jpg,1,NeuralTextures
original_sequences_youtube_c23_762_frame_02.jpg,0,youtube
original_sequences_youtube_c23_669_frame_05.jpg,0,youtube
original_sequences_youtube_c23_687_frame_05.jpg,0,youtube
manipulated_sequences_FaceShifter_c23_723_704_frame_03.jpg,1,FaceShifter
manipulated_sequences_NeuralTextures_c23_287_426_frame_02.jpg,1,NeuralTextures
original_sequences_youtube_c23_444_frame_04.jpg,0,youtube
original_sequences_youtube_c23_264_frame_01.jpg,0,youtube
manipulated_sequences_Deepfakes_c23_829_808_frame_05.jpg,1,Deepfakes
manipulated_sequences_Deepfakes_c23_069_961_frame_01.jpg,1,Deepfakes
manipulated_sequences_Deepfakes_c23_769_784_frame_02.jpg,1,Deepfakes
original_sequences_youtube_c23_115_frame_03.jpg,0,youtube
original_sequences_youtube_c23_186_frame_05.jpg,0,youtube
original_sequences_youtube_c23_101_frame_04.jpg,0,youtube
original_sequences_youtube_c23_034_frame_01.jpg,0,youtube
manipulated_sequences_FaceSwap_c23_271_264_frame_03.jpg,1,FaceSwap
manipulated_sequences_NeuralTextures_c23_688_645_frame_05.jpg,1,NeuralTextures
manipulated_sequences_NeuralTextures_c23_337_522_frame_02.jpg,1,NeuralTextures
original_sequences_youtube_c23_638_frame_01.jpg,0,youtube
original_sequences_youtube_c23_444_frame_05.jpg,0,youtube
original_sequences_youtube_c23_201_frame_01.jpg,0,youtube
manipulated_sequences_FaceSwap_c23_012_026_frame_03.jpg,1,FaceSwap
original_sequences_youtube_c23_655_frame_01.jpg,0,youtube
original_sequences_youtube_c23_076_frame_03.jpg,0,youtube
manipulated_sequences_FaceSwap_c23_753_789_frame_05.jpg,1,FaceSwap
original_sequences_youtube_c23_868_frame_03.jpg,0,youtube
original_sequences_youtube_c23_363_frame_05.jpg,0,youtube
manipulated_sequences_FaceSwap_c23_348_202_frame_03.jpg,1,FaceSwap
manipulated_sequences_Face2Face_c23_100_077_frame_03.jpg,1,Face2Face
manipulated_sequences_NeuralTextures_c23_143_140_frame_03.jpg,1,NeuralTextures
original_sequences_youtube_c23_781_frame_03.jpg,0,youtube
original_sequences_youtube_c23_948_frame_01.jpg,0,youtube
manipulated_sequences_NeuralTextures_c23_537_563_frame_01.jpg,1,NeuralTextures
manipulated_sequences_NeuralTextures_c23_209_016_frame_03.jpg,1,NeuralTextures
manipulated_sequences_Deepfakes_c23_357_432_frame_04.jpg,1,Deepfakes
original_sequences_youtube_c23_545_frame_05.jpg,0,youtube
original_sequences_youtube_c23_819_frame_05.jpg,0,youtube
manipulated_sequences_FaceSwap_c23_419_824_frame_01.jpg,1,FaceSwap
manipulated_sequences_Face2Face_c23_092_098_frame_05.jpg,1,Face2Face
manipulated_sequences_NeuralTextures_c23_183_253_frame_02.jpg,1,NeuralTextures
manipulated_sequences_FaceSwap_c23_201_203_frame_05.jpg,1,FaceSwap
original_sequences_youtube_c23_677_frame_04.jpg,0,youtube
manipulated_sequences_Face2Face_c23_012_026_frame_03.jpg,1,Face2Face
manipulated_sequences_Face2Face_c23_627_658_frame_05.jpg,1,Face2Face
original_sequences_youtube_c23_598_frame_04.jpg,0,youtube
original_sequences_youtube_c23_721_frame_03.jpg,0,youtube
original_sequences_youtube_c23_568_frame_02.jpg,0,youtube
original_sequences_youtube_c23_006_frame_02.jpg,0,youtube
manipulated_sequences_NeuralTextures_c23_395_401_frame_01.jpg,1,NeuralTextures
original_sequences_youtube_c23_671_frame_03.jpg,0,youtube
manipulated_sequences_FaceShifter_c23_601_653_frame_01.jpg,1,FaceShifter
original_sequences_youtube_c23_325_frame_02.jpg,0,youtube
original_sequences_youtube_c23_732_frame_02.jpg,0,youtube
manipulated_sequences_Deepfakes_c23_510_528_frame_04.jpg,1,Deepfakes
manipulated_sequences_Deepfakes_c23_937_888_frame_05.jpg,1,Deepfakes
manipulated_sequences_FaceShifter_c23_282_238_frame_01.jpg,1,FaceShifter
manipulated_sequences_Face2Face_c23_717_684_frame_02.jpg,1,Face2Face
original_sequences_youtube_c23_912_frame_03.jpg,0,youtube
original_sequences_youtube_c23_012_frame_05.jpg,0,youtube
manipulated_sequences_Deepfakes_c23_158_379_frame_04.jpg,1,Deepfakes
manipulated_sequences_Deepfakes_c23_278_306_frame_05.jpg,1,Deepfakes
manipulated_sequences_Deepfakes_c23_783_916_frame_02.jpg,1,Deepfakes
original_sequences_youtube_c23_423_frame_02.jpg,0,youtube
original_sequences_youtube_c23_450_frame_02.jpg,0,youtube
original_sequences_youtube_c23_734_frame_02.jpg,0,youtube
manipulated_sequences_Face2Face_c23_650_625_frame_04.jpg,1,Face2Face
original_sequences_youtube_c23_213_frame_02.jpg,0,youtube
manipulated_sequences_FaceSwap_c23_212_179_frame_03.jpg,1,FaceSwap
original_sequences_youtube_c23_946_frame_01.jpg,0,youtube
original_sequences_youtube_c23_063_frame_02.jpg,0,youtube
original_sequences_youtube_c23_748_frame_03.jpg,0,youtube
manipulated_sequences_FaceSwap_c23_098_092_frame_02.jpg,1,FaceSwap
original_sequences_youtube_c23_295_frame_05.jpg,0,youtube
original_sequences_youtube_c23_015_frame_04.jpg,0,youtube
manipulated_sequences_FaceShifter_c23_024_073_frame_01.jpg,1,FaceShifter
manipulated_sequences_NeuralTextures_c23_455_471_frame_04.jpg,1,NeuralTextures
original_sequences_youtube_c23_082_frame_01.jpg,0,youtube
manipulated_sequences_FaceSwap_c23_842_714_frame_04.jpg,1,FaceSwap
manipulated_sequences_NeuralTextures_c23_374_407_frame_04.jpg,1,NeuralTextures
manipulated_sequences_NeuralTextures_c23_108_052_frame_02.jpg,1,NeuralTextures
manipulated_sequences_NeuralTextures_c23_306_278_frame_04.jpg,1,NeuralTextures
original_sequences_youtube_c23_525_frame_04.jpg,0,youtube
original_sequences_youtube_c23_914_frame_02.jpg,0,youtube
original_sequences_youtube_c23_488_frame_01.jpg,0,youtube
original_sequences_youtube_c23_909_frame_01.jpg,0,youtube
original_sequences_youtube_c23_546_frame_03.jpg,0,youtube
manipulated_sequences_Deepfakes_c23_688_645_frame_01.jpg,1,Deepfakes
manipulated_sequences_NeuralTextures_c23_191_188_frame_05.jpg,1,NeuralTextures
original_sequences_youtube_c23_405_frame_03.jpg,0,youtube
manipulated_sequences_Deepfakes_c23_077_100_frame_03.jpg,1,Deepfakes
manipulated_sequences_FaceShifter_c23_033_097_frame_04.jpg,1,FaceShifter
manipulated_sequences_NeuralTextures_c23_813_700_frame_01.jpg,1,NeuralTextures
original_sequences_youtube_c23_652_frame_03.jpg,0,youtube
manipulated_sequences_FaceShifter_c23_453_402_frame_05.jpg,1,FaceShifter
original_sequences_youtube_c23_206_frame_03.jpg,0,youtube
original_sequences_youtube_c23_479_frame_05.jpg,0,youtube
original_sequences_youtube_c23_742_frame_03.jpg,0,youtube
original_sequences_youtube_c23_086_frame_05.jpg,0,youtube
original_sequences_youtube_c23_464_frame_01.jpg,0,youtube
manipulated_sequences_FaceShifter_c23_671_677_frame_03.jpg,1,FaceShifter
manipulated_sequences_Deepfakes_c23_316_369_frame_01.jpg,1,Deepfakes
original_sequences_youtube_c23_916_frame_05.jpg,0,youtube
original_sequences_youtube_c23_160_frame_04.jpg,0,youtube
original_sequences_youtube_c23_974_frame_02.jpg,0,youtube
original_sequences_youtube_c23_238_frame_01.jpg,0,youtube
manipulated_sequences_NeuralTextures_c23_948_965_frame_03.jpg,1,NeuralTextures
manipulated_sequences_NeuralTextures_c23_834_852_frame_05.jpg,1,NeuralTextures
manipulated_sequences_Face2Face_c23_238_282_frame_02.jpg,1,Face2Face
original_sequences_youtube_c23_369_frame_05.jpg,0,youtube
manipulated_sequences_Deepfakes_c23_412_274_frame_03.jpg,1,Deepfakes
manipulated_sequences_FaceSwap_c23_543_559_frame_02.jpg,1,FaceSwap
original_sequences_youtube_c23_855_frame_04.jpg,0,youtube
original_sequences_youtube_c23_291_frame_01.jpg,0,youtube
manipulated_sequences_FaceShifter_c23_726_713_frame_04.jpg,1,FaceShifter
manipulated_sequences_FaceShifter_c23_729_727_frame_02.jpg,1,FaceShifter
manipulated_sequences_FaceShifter_c23_390_709_frame_03.jpg,1,FaceShifter
manipulated_sequences_FaceSwap_c23_847_906_frame_01.jpg,1,FaceSwap
manipulated_sequences_FaceSwap_c23_517_521_frame_02.jpg,1,FaceSwap
original_sequences_youtube_c23_749_frame_01.jpg,0,youtube
original_sequences_youtube_c23_350_frame_02.jpg,0,youtube
manipulated_sequences_FaceShifter_c23_433_498_frame_03.jpg,1,FaceShifter
manipulated_sequences_Face2Face_c23_336_338_frame_05.jpg,1,Face2Face
original_sequences_youtube_c23_239_frame_01.jpg,0,youtube
original_sequences_youtube_c23_627_frame_05.jpg,0,youtube
original_sequences_youtube_c23_976_frame_03.jpg,0,youtube
original_sequences_youtube_c23_845_frame_04.jpg,0,youtube
manipulated_sequences_NeuralTextures_c23_562_626_frame_04.jpg,1,NeuralTextures
manipulated_sequences_FaceSwap_c23_059_050_frame_02.jpg,1,FaceSwap
manipulated_sequences_FaceShifter_c23_077_100_frame_03.jpg,1,FaceShifter
original_sequences_youtube_c23_562_frame_03.jpg,0,youtube
manipulated_sequences_Deepfakes_c23_406_391_frame_04.jpg,1,Deepfakes
manipulated_sequences_Deepfakes_c23_543_559_frame_02.jpg,1,Deepfakes
original_sequences_youtube_c23_549_frame_05.jpg,0,youtube
manipulated_sequences_FaceShifter_c23_337_522_frame_03.jpg,1,FaceShifter
manipulated_sequences_FaceShifter_c23_786_819_frame_02.jpg,1,FaceShifter
manipulated_sequences_Deepfakes_c23_618_629_frame_01.jpg,1,Deepfakes
original_sequences_youtube_c23_641_frame_01.jpg,0,youtube
original_sequences_youtube_c23_256_frame_01.jpg,0,youtube
original_sequences_youtube_c23_153_frame_03.jpg,0,youtube
original_sequences_youtube_c23_522_frame_05.jpg,0,youtube
original_sequences_youtube_c23_333_frame_05.jpg,0,youtube
manipulated_sequences_FaceSwap_c23_268_269_frame_04.jpg,1,FaceSwap
original_sequences_youtube_c23_066_frame_04.jpg,0,youtube
original_sequences_youtube_c23_991_frame_04.jpg,0,youtube
original_sequences_youtube_c23_272_frame_03.jpg,0,youtube
manipulated_sequences_FaceSwap_c23_637_427_frame_03.jpg,1,FaceSwap
original_sequences_youtube_c23_817_frame_01.jpg,0,youtube
manipulated_sequences_Face2Face_c23_696_686_frame_04.jpg,1,Face2Face
original_sequences_youtube_c23_473_frame_04.jpg,0,youtube
manipulated_sequences_Face2Face_c23_325_492_frame_04.jpg,1,Face2Face
manipulated_sequences_NeuralTextures_c23_972_718_frame_04.jpg,1,NeuralTextures
original_sequences_youtube_c23_493_frame_05.jpg,0,youtube
original_sequences_youtube_c23_899_frame_01.jpg,0,youtube
manipulated_sequences_Face2Face_c23_106_198_frame_04.jpg,1,Face2Face
manipulated_sequences_NeuralTextures_c23_889_045_frame_03.jpg,1,NeuralTextures
original_sequences_youtube_c23_373_frame_02.jpg,0,youtube
manipulated_sequences_Face2Face_c23_905_860_frame_02.jpg,1,Face2Face
manipulated_sequences_Deepfakes_c23_367_371_frame_03.jpg,1,Deepfakes
manipulated_sequences_FaceSwap_c23_430_459_frame_03.jpg,1,FaceSwap
manipulated_sequences_Face2Face_c23_907_795_frame_02.jpg,1,Face2Face
original_sequences_youtube_c23_265_frame_01.jpg,0,youtube
manipulated_sequences_NeuralTextures_c23_623_630_frame_03.jpg,1,NeuralTextures
manipulated_sequences_NeuralTextures_c23_210_241_frame_04.jpg,1,NeuralTextures
original_sequences_youtube_c23_983_frame_02.jpg,0,youtube
original_sequences_youtube_c23_173_frame_05.jpg,0,youtube
manipulated_sequences_NeuralTextures_c23_397_602_frame_01.jpg,1,NeuralTextures
original_sequences_youtube_c23_958_frame_04.jpg,0,youtube
original_sequences_youtube_c23_406_frame_03.jpg,0,youtube
manipulated_sequences_NeuralTextures_c23_368_378_frame_02.jpg,1,NeuralTextures
manipulated_sequences_FaceSwap_c23_501_326_frame_01.jpg,1,FaceSwap
manipulated_sequences_Deepfakes_c23_468_470_frame_05.jpg,1,Deepfakes
manipulated_sequences_NeuralTextures_c23_018_019_frame_03.jpg,1,NeuralTextures
manipulated_sequences_NeuralTextures_c23_280_249_frame_02.jpg,1,NeuralTextures
original_sequences_youtube_c23_466_frame_02.jpg,0,youtube
manipulated_sequences_Face2Face_c23_382_409_frame_01.jpg,1,Face2Face
manipulated_sequences_FaceSwap_c23_990_008_frame_01.jpg,1,FaceSwap
original_sequences_youtube_c23_524_frame_02.jpg,0,youtube
manipulated_sequences_Face2Face_c23_550_452_frame_01.jpg,1,Face2Face
manipulated_sequences_Face2Face_c23_733_935_frame_05.jpg,1,Face2Face
original_sequences_youtube_c23_930_frame_03.jpg,0,youtube
original_sequences_youtube_c23_597_frame_01.jpg,0,youtube
manipulated_sequences_Deepfakes_c23_525_509_frame_03.jpg,1,Deepfakes
original_sequences_youtube_c23_242_frame_02.jpg,0,youtube
original_sequences_youtube_c23_329_frame_01.jpg,0,youtube
original_sequences_youtube_c23_216_frame_04.jpg,0,youtube
manipulated_sequences_NeuralTextures_c23_859_843_frame_02.jpg,1,NeuralTextures
manipulated_sequences_Face2Face_c23_015_919_frame_01.jpg,1,Face2Face
original_sequences_youtube_c23_045_frame_04.jpg,0,youtube
manipulated_sequences_NeuralTextures_c23_873_872_frame_03.jpg,1,NeuralTextures
manipulated_sequences_FaceSwap_c23_437_360_frame_01.jpg,1,FaceSwap
manipulated_sequences_Face2Face_c23_179_212_frame_03.jpg,1,Face2Face
manipulated_sequences_Face2Face_c23_374_407_frame_04.jpg,1,Face2Face
manipulated_sequences_FaceShifter_c23_744_674_frame_01.jpg,1,FaceShifter
manipulated_sequences_Face2Face_c23_782_787_frame_01.jpg,1,Face2Face
manipulated_sequences_FaceShifter_c23_206_221_frame_01.jpg,1,FaceShifter
original_sequences_youtube_c23_158_frame_04.jpg,0,youtube
manipulated_sequences_FaceSwap_c23_213_083_frame_02.jpg,1,FaceSwap
original_sequences_youtube_c23_846_frame_04.jpg,0,youtube
original_sequences_youtube_c23_492_frame_01.jpg,0,youtube
original_sequences_youtube_c23_444_frame_02.jpg,0,youtube
manipulated_sequences_Deepfakes_c23_124_085_frame_01.jpg,1,Deepfakes
manipulated_sequences_Deepfakes_c23_586_223_frame_04.jpg,1,Deepfakes
original_sequences_youtube_c23_404_frame_05.jpg,0,youtube
original_sequences_youtube_c23_394_frame_04.jpg,0,youtube
original_sequences_youtube_c23_634_frame_03.jpg,0,youtube
manipulated_sequences_FaceShifter_c23_393_405_frame_05.jpg,1,FaceShifter
manipulated_sequences_FaceShifter_c23_175_159_frame_03.jpg,1,FaceShifter
manipulated_sequences_Face2Face_c23_458_722_frame_03.jpg,1,Face2Face
original_sequences_youtube_c23_657_frame_02.jpg,0,youtube
manipulated_sequences_Face2Face_c23_149_152_frame_02.jpg,1,Face2Face
manipulated_sequences_Deepfakes_c23_696_686_frame_02.jpg,1,Deepfakes
original_sequences_youtube_c23_835_frame_04.jpg,0,youtube
original_sequences_youtube_c23_232_frame_04.jpg,0,youtube
original_sequences_youtube_c23_514_frame_02.jpg,0,youtube
original_sequences_youtube_c23_782_frame_01.jpg,0,youtube
manipulated_sequences_FaceShifter_c23_828_830_frame_03.jpg,1,FaceShifter
manipulated_sequences_Face2Face_c23_033_097_frame_04.jpg,1,Face2Face
original_sequences_youtube_c23_782_frame_05.jpg,0,youtube
original_sequences_youtube_c23_568_frame_05.jpg,0,youtube
original_sequences_youtube_c23_199_frame_02.jpg,0,youtube
original_sequences_youtube_c23_868_frame_02.jpg,0,youtube
manipulated_sequences_FaceSwap_c23_642_635_frame_03.jpg,1,FaceSwap
manipulated_sequences_Face2Face_c23_663_231_frame_03.jpg,1,Face2Face
manipulated_sequences_FaceSwap_c23_836_950_frame_03.jpg,1,FaceSwap
manipulated_sequences_FaceShifter_c23_931_936_frame_02.jpg,1,FaceShifter
original_sequences_youtube_c23_134_frame_05.jpg,0,youtube
original_sequences_youtube_c23_130_frame_01.jpg,0,youtube
original_sequences_youtube_c23_733_frame_04.jpg,0,youtube
original_sequences_youtube_c23_083_frame_01.jpg,0,youtube
manipulated_sequences_FaceShifter_c23_240_290_frame_04.jpg,1,FaceShifter
original_sequences_youtube_c23_122_frame_02.jpg,0,youtube
original_sequences_youtube_c23_820_frame_02.jpg,0,youtube
manipulated_sequences_Deepfakes_c23_919_015_frame_01.jpg,1,Deepfakes
original_sequences_youtube_c23_376_frame_03.jpg,0,youtube
original_sequences_youtube_c23_169_frame_03.jpg,0,youtube
original_sequences_youtube_c23_971_frame_01.jpg,0,youtube
manipulated_sequences_NeuralTextures_c23_781_806_frame_01.jpg,1,NeuralTextures
original_sequences_youtube_c23_805_frame_02.jpg,0,youtube
original_sequences_youtube_c23_175_frame_01.jpg,0,youtube
manipulated_sequences_NeuralTextures_c23_577_593_frame_04.jpg,1,NeuralTextures
original_sequences_youtube_c23_982_frame_05.jpg,0,youtube
original_sequences_youtube_c23_265_frame_04.jpg,0,youtube
original_sequences_youtube_c23_903_frame_03.jpg,0,youtube
manipulated_sequences_Deepfakes_c23_847_906_frame_04.jpg,1,Deepfakes
original_sequences_youtube_c23_738_frame_03.jpg,0,youtube
original_sequences_youtube_c23_497_frame_01.jpg,0,youtube
manipulated_sequences_FaceSwap_c23_531_549_frame_05.jpg,1,FaceSwap
original_sequences_youtube_c23_747_frame_03.jpg,0,youtube
manipulated_sequences_Face2Face_c23_749_659_frame_05.jpg,1,Face2Face
manipulated_sequences_Face2Face_c23_089_065_frame_05.jpg,1,Face2Face
original_sequences_youtube_c23_803_frame_05.jpg,0,youtube
manipulated_sequences_Deepfakes_c23_462_467_frame_03.jpg,1,Deepfakes
manipulated_sequences_Deepfakes_c23_386_154_frame_03.jpg,1,Deepfakes
original_sequences_youtube_c23_754_frame_02.jpg,0,youtube
original_sequences_youtube_c23_659_frame_02.jpg,0,youtube
manipulated_sequences_Deepfakes_c23_990_008_frame_01.jpg,1,Deepfakes
manipulated_sequences_NeuralTextures_c23_655_444_frame_02.jpg,1,NeuralTextures
original_sequences_youtube_c23_330_frame_02.jpg,0,youtube
original_sequences_youtube_c23_257_frame_05.jpg,0,youtube
manipulated_sequences_FaceSwap_c23_118_120_frame_01.jpg,1,FaceSwap
manipulated_sequences_NeuralTextures_c23_783_916_frame_05.jpg,1,NeuralTextures
original_sequences_youtube_c23_666_frame_03.jpg,0,youtube
original_sequences_youtube_c23_246_frame_04.jpg,0,youtube
original_sequences_youtube_c23_607_frame_04.jpg,0,youtube
original_sequences_youtube_c23_205_frame_03.jpg,0,youtube
manipulated_sequences_NeuralTextures_c23_506_478_frame_02.jpg,1,NeuralTextures
original_sequences_youtube_c23_319_frame_05.jpg,0,youtube
original_sequences_youtube_c23_997_frame_01.jpg,0,youtube
manipulated_sequences_Face2Face_c23_465_482_frame_04.jpg,1,Face2Face
manipulated_sequences_Face2Face_c23_952_882_frame_05.jpg,1,Face2Face
original_sequences_youtube_c23_663_frame_01.jpg,0,youtube
manipulated_sequences_NeuralTextures_c23_613_685_frame_01.jpg,1,NeuralTextures
manipulated_sequences_FaceSwap_c23_373_394_frame_03.jpg,1,FaceSwap
original_sequences_youtube_c23_824_frame_01.jpg,0,youtube
original_sequences_youtube_c23_115_frame_02.jpg,0,youtube
manipulated_sequences_Deepfakes_c23_625_650_frame_01.jpg,1,Deepfakes
original_sequences_youtube_c23_913_frame_04.jpg,0,youtube
original_sequences_youtube_c23_626_frame_04.jpg,0,youtube
manipulated_sequences_Deepfakes_c23_141_161_frame_02.jpg,1,Deepfakes
original_sequences_youtube_c23_802_frame_03.jpg,0,youtube
manipulated_sequences_FaceSwap_c23_635_642_frame_02.jpg,1,FaceSwap
original_sequences_youtube_c23_056_frame_04.jpg,0,youtube
original_sequences_youtube_c23_365_frame_05.jpg,0,youtube
manipulated_sequences_FaceShifter_c23_454_527_frame_03.jpg,1,FaceShifter
manipulated_sequences_NeuralTextures_c23_546_621_frame_05.jpg,1,NeuralTextures
manipulated_sequences_NeuralTextures_c23_784_769_frame_03.jpg,1,NeuralTextures
manipulated_sequences_FaceSwap_c23_985_981_frame_03.jpg,1,FaceSwap
manipulated_sequences_FaceShifter_c23_830_828_frame_02.jpg,1,FaceShifter
manipulated_sequences_NeuralTextures_c23_695_422_frame_04.jpg,1,NeuralTextures
manipulated_sequences_NeuralTextures_c23_760_611_frame_04.jpg,1,NeuralTextures
original_sequences_youtube_c23_181_frame_02.jpg,0,youtube
original_sequences_youtube_c23_018_frame_02.jpg,0,youtube
original_sequences_youtube_c23_562_frame_02.jpg,0,youtube
original_sequences_youtube_c23_221_frame_01.jpg,0,youtube
original_sequences_youtube_c23_190_frame_01.jpg,0,youtube
original_sequences_youtube_c23_542_frame_03.jpg,0,youtube
manipulated_sequences_FaceShifter_c23_453_402_frame_01.jpg,1,FaceShifter
manipulated_sequences_FaceShifter_c23_060_088_frame_05.jpg,1,FaceShifter
original_sequences_youtube_c23_484_frame_02.jpg,0,youtube
manipulated_sequences_NeuralTextures_c23_733_935_frame_02.jpg,1,NeuralTextures
manipulated_sequences_FaceShifter_c23_536_540_frame_04.jpg,1,FaceShifter
original_sequences_youtube_c23_650_frame_01.jpg,0,youtube
manipulated_sequences_Face2Face_c23_014_790_frame_03.jpg,1,Face2Face
original_sequences_youtube_c23_729_frame_02.jpg,0,youtube
manipulated_sequences_NeuralTextures_c23_533_450_frame_02.jpg,1,NeuralTextures
original_sequences_youtube_c23_222_frame_05.jpg,0,youtube
original_sequences_youtube_c23_524_frame_04.jpg,0,youtube
manipulated_sequences_FaceSwap_c23_495_512_frame_05.jpg,1,FaceSwap
manipulated_sequences_Face2Face_c23_693_698_frame_05.jpg,1,Face2Face
original_sequences_youtube_c23_276_frame_04.jpg,0,youtube
manipulated_sequences_Deepfakes_c23_963_879_frame_04.jpg,1,Deepfakes
original_sequences_youtube_c23_455_frame_05.jpg,0,youtube
manipulated_sequences_NeuralTextures_c23_705_707_frame_05.jpg,1,NeuralTextures
original_sequences_youtube_c23_379_frame_03.jpg,0,youtube
manipulated_sequences_FaceShifter_c23_693_698_frame_05.jpg,1,FaceShifter
manipulated_sequences_Face2Face_c23_802_885_frame_01.jpg,1,Face2Face
manipulated_sequences_FaceSwap_c23_358_380_frame_02.jpg,1,FaceSwap
manipulated_sequences_NeuralTextures_c23_094_111_frame_02.jpg,1,NeuralTextures
original_sequences_youtube_c23_703_frame_02.jpg,0,youtube
manipulated_sequences_Face2Face_c23_988_966_frame_03.jpg,1,Face2Face
manipulated_sequences_FaceShifter_c23_333_377_frame_03.jpg,1,FaceShifter
manipulated_sequences_Deepfakes_c23_645_688_frame_01.jpg,1,Deepfakes
original_sequences_youtube_c23_082_frame_02.jpg,0,youtube
manipulated_sequences_FaceSwap_c23_408_424_frame_01.jpg,1,FaceSwap
manipulated_sequences_NeuralTextures_c23_857_909_frame_01.jpg,1,NeuralTextures
original_sequences_youtube_c23_693_frame_02.jpg,0,youtube
manipulated_sequences_FaceSwap_c23_275_887_frame_04.jpg,1,FaceSwap
original_sequences_youtube_c23_615_frame_05.jpg,0,youtube
manipulated_sequences_FaceSwap_c23_060_088_frame_05.jpg,1,FaceSwap
manipulated_sequences_FaceSwap_c23_253_183_frame_01.jpg,1,FaceSwap
original_sequences_youtube_c23_732_frame_04.jpg,0,youtube
manipulated_sequences_FaceShifter_c23_014_790_frame_03.jpg,1,FaceShifter
manipulated_sequences_FaceSwap_c23_272_396_frame_01.jpg,1,FaceSwap
manipulated_sequences_Face2Face_c23_944_032_frame_05.jpg,1,Face2Face
manipulated_sequences_NeuralTextures_c23_942_943_frame_04.jpg,1,NeuralTextures
manipulated_sequences_FaceShifter_c23_527_454_frame_05.jpg,1,FaceShifter
manipulated_sequences_Deepfakes_c23_383_353_frame_04.jpg,1,Deepfakes
original_sequences_youtube_c23_291_frame_02.jpg,0,youtube
manipulated_sequences_Face2Face_c23_386_154_frame_03.jpg,1,Face2Face
original_sequences_youtube_c23_272_frame_05.jpg,0,youtube
manipulated_sequences_FaceSwap_c23_175_159_frame_03.jpg,1,FaceSwap
original_sequences_youtube_c23_703_frame_01.jpg,0,youtube
original_sequences_youtube_c23_839_frame_05.jpg,0,youtube
original_sequences_youtube_c23_880_frame_05.jpg,0,youtube
manipulated_sequences_Face2Face_c23_685_613_frame_05.jpg,1,Face2Face
manipulated_sequences_FaceSwap_c23_893_913_frame_01.jpg,1,FaceSwap
original_sequences_youtube_c23_672_frame_02.jpg,0,youtube
manipulated_sequences_Face2Face_c23_221_206_frame_01.jpg,1,Face2Face
original_sequences_youtube_c23_927_frame_03.jpg,0,youtube
original_sequences_youtube_c23_686_frame_04.jpg,0,youtube
original_sequences_youtube_c23_529_frame_02.jpg,0,youtube
original_sequences_youtube_c23_799_frame_05.jpg,0,youtube
original_sequences_youtube_c23_342_frame_01.jpg,0,youtube
manipulated_sequences_NeuralTextures_c23_993_989_frame_04.jpg,1,NeuralTextures
manipulated_sequences_Deepfakes_c23_321_288_frame_01.jpg,1,Deepfakes
original_sequences_youtube_c23_058_frame_02.jpg,0,youtube
original_sequences_youtube_c23_387_frame_05.jpg,0,youtube
original_sequences_youtube_c23_887_frame_05.jpg,0,youtube
original_sequences_youtube_c23_522_frame_02.jpg,0,youtube
original_sequences_youtube_c23_170_frame_02.jpg,0,youtube
manipulated_sequences_Deepfakes_c23_190_176_frame_02.jpg,1,Deepfakes
original_sequences_youtube_c23_631_frame_03.jpg,0,youtube
original_sequences_youtube_c23_343_frame_05.jpg,0,youtube
manipulated_sequences_NeuralTextures_c23_097_033_frame_04.jpg,1,NeuralTextures
manipulated_sequences_Face2Face_c23_989_993_frame_02.jpg,1,Face2Face
original_sequences_youtube_c23_649_frame_02.jpg,0,youtube
manipulated_sequences_Deepfakes_c23_667_446_frame_02.jpg,1,Deepfakes
manipulated_sequences_Face2Face_c23_271_264_frame_02.jpg,1,Face2Face
original_sequences_youtube_c23_978_frame_04.jpg,0,youtube
manipulated_sequences_FaceShifter_c23_554_572_frame_01.jpg,1,FaceShifter
original_sequences_youtube_c23_798_frame_03.jpg,0,youtube
manipulated_sequences_FaceShifter_c23_436_526_frame_03.jpg,1,FaceShifter
original_sequences_youtube_c23_569_frame_03.jpg,0,youtube
manipulated_sequences_NeuralTextures_c23_634_660_frame_05.jpg,1,NeuralTextures
original_sequences_youtube_c23_811_frame_03.jpg,0,youtube
original_sequences_youtube_c23_307_frame_03.jpg,0,youtube
original_sequences_youtube_c23_477_frame_01.jpg,0,youtube
manipulated_sequences_FaceShifter_c23_722_458_frame_02.jpg,1,FaceShifter
original_sequences_youtube_c23_146_frame_02.jpg,0,youtube
manipulated_sequences_NeuralTextures_c23_952_882_frame_05.jpg,1,NeuralTextures
original_sequences_youtube_c23_010_frame_04.jpg,0,youtube
manipulated_sequences_FaceSwap_c23_964_174_frame_04.jpg,1,FaceSwap
original_sequences_youtube_c23_712_frame_03.jpg,0,youtube
original_sequences_youtube_c23_935_frame_04.jpg,0,youtube
manipulated_sequences_Face2Face_c23_489_022_frame_03.jpg,1,Face2Face
original_sequences_youtube_c23_412_frame_04.jpg,0,youtube
manipulated_sequences_NeuralTextures_c23_479_706_frame_01.jpg,1,NeuralTextures
original_sequences_youtube_c23_475_frame_05.jpg,0,youtube
original_sequences_youtube_c23_316_frame_04.jpg,0,youtube
manipulated_sequences_FaceShifter_c23_112_892_frame_04.jpg,1,FaceShifter
original_sequences_youtube_c23_823_frame_03.jpg,0,youtube
original_sequences_youtube_c23_189_frame_02.jpg,0,youtube
manipulated_sequences_NeuralTextures_c23_510_528_frame_03.jpg,1,NeuralTextures
manipulated_sequences_FaceSwap_c23_462_467_frame_04.jpg,1,FaceSwap
original_sequences_youtube_c23_576_frame_04.jpg,0,youtube
manipulated_sequences_FaceSwap_c23_395_401_frame_04.jpg,1,FaceSwap
manipulated_sequences_Face2Face_c23_573_757_frame_03.jpg,1,Face2Face
manipulated_sequences_Deepfakes_c23_051_332_frame_05.jpg,1,Deepfakes
manipulated_sequences_Face2Face_c23_521_517_frame_01.jpg,1,Face2Face
manipulated_sequences_Deepfakes_c23_779_794_frame_01.jpg,1,Deepfakes
manipulated_sequences_NeuralTextures_c23_949_868_frame_03.jpg,1,NeuralTextures
manipulated_sequences_FaceShifter_c23_316_369_frame_04.jpg,1,FaceShifter
original_sequences_youtube_c23_422_frame_04.jpg,0,youtube
manipulated_sequences_Deepfakes_c23_455_471_frame_03.jpg,1,Deepfakes
manipulated_sequences_FaceSwap_c23_690_689_frame_02.jpg,1,FaceSwap
manipulated_sequences_Face2Face_c23_454_527_frame_03.jpg,1,Face2Face
manipulated_sequences_NeuralTextures_c23_877_886_frame_01.jpg,1,NeuralTextures
original_sequences_youtube_c23_142_frame_03.jpg,0,youtube
original_sequences_youtube_c23_918_frame_02.jpg,0,youtube
original_sequences_youtube_c23_859_frame_02.jpg,0,youtube
manipulated_sequences_FaceSwap_c23_903_792_frame_04.jpg,1,FaceSwap
manipulated_sequences_NeuralTextures_c23_180_105_frame_02.jpg,1,NeuralTextures
original_sequences_youtube_c23_692_frame_04.jpg,0,youtube
original_sequences_youtube_c23_245_frame_03.jpg,0,youtube
manipulated_sequences_FaceShifter_c23_558_583_frame_01.jpg,1,FaceShifter
manipulated_sequences_NeuralTextures_c23_382_409_frame_01.jpg,1,NeuralTextures
manipulated_sequences_FaceSwap_c23_670_661_frame_03.jpg,1,FaceSwap
original_sequences_youtube_c23_350_frame_04.jpg,0,youtube
original_sequences_youtube_c23_099_frame_01.jpg,0,youtube
original_sequences_youtube_c23_245_frame_01.jpg,0,youtube
original_sequences_youtube_c23_700_frame_02.jpg,0,youtube
manipulated_sequences_FaceSwap_c23_392_339_frame_01.jpg,1,FaceSwap
manipulated_sequences_Deepfakes_c23_881_856_frame_05.jpg,1,Deepfakes
original_sequences_youtube_c23_818_frame_01.jpg,0,youtube
original_sequences_youtube_c23_008_frame_05.jpg,0,youtube
original_sequences_youtube_c23_310_frame_01.jpg,0,youtube
original_sequences_youtube_c23_253_frame_05.jpg,0,youtube
manipulated_sequences_Face2Face_c23_418_507_frame_01.jpg,1,Face2Face
manipulated_sequences_Face2Face_c23_483_370_frame_02.jpg,1,Face2Face
original_sequences_youtube_c23_890_frame_05.jpg,0,youtube
manipulated_sequences_Deepfakes_c23_895_915_frame_05.jpg,1,Deepfakes
manipulated_sequences_Deepfakes_c23_593_577_frame_04.jpg,1,Deepfakes
manipulated_sequences_Face2Face_c23_538_493_frame_01.jpg,1,Face2Face
original_sequences_youtube_c23_730_frame_05.jpg,0,youtube
original_sequences_youtube_c23_439_frame_02.jpg,0,youtube
manipulated_sequences_Deepfakes_c23_830_828_frame_01.jpg,1,Deepfakes
manipulated_sequences_NeuralTextures_c23_745_777_frame_05.jpg,1,NeuralTextures
original_sequences_youtube_c23_683_frame_02.jpg,0,youtube
manipulated_sequences_Deepfakes_c23_102_114_frame_02.jpg,1,Deepfakes
manipulated_sequences_Face2Face_c23_441_439_frame_01.jpg,1,Face2Face
manipulated_sequences_Deepfakes_c23_391_406_frame_03.jpg,1,Deepfakes
manipulated_sequences_FaceShifter_c23_289_228_frame_03.jpg,1,FaceShifter
original_sequences_youtube_c23_289_frame_05.jpg,0,youtube
manipulated_sequences_Face2Face_c23_786_819_frame_01.jpg,1,Face2Face
manipulated_sequences_FaceSwap_c23_723_704_frame_05.jpg,1,FaceSwap
original_sequences_youtube_c23_978_frame_02.jpg,0,youtube
manipulated_sequences_FaceShifter_c23_972_718_frame_04.jpg,1,FaceShifter
manipulated_sequences_Deepfakes_c23_282_238_frame_03.jpg,1,Deepfakes
original_sequences_youtube_c23_200_frame_04.jpg,0,youtube
original_sequences_youtube_c23_293_frame_02.jpg,0,youtube
manipulated_sequences_Deepfakes_c23_393_405_frame_01.jpg,1,Deepfakes
manipulated_sequences_Deepfakes_c23_454_527_frame_01.jpg,1,Deepfakes
manipulated_sequences_NeuralTextures_c23_892_112_frame_01.jpg,1,NeuralTextures
manipulated_sequences_Deepfakes_c23_836_950_frame_03.jpg,1,Deepfakes
manipulated_sequences_NeuralTextures_c23_974_953_frame_01.jpg,1,NeuralTextures
manipulated_sequences_FaceSwap_c23_791_770_frame_05.jpg,1,FaceSwap
manipulated_sequences_Deepfakes_c23_726_713_frame_04.jpg,1,Deepfakes
original_sequences_youtube_c23_897_frame_02.jpg,0,youtube
manipulated_sequences_NeuralTextures_c23_897_969_frame_03.jpg,1,NeuralTextures
manipulated_sequences_NeuralTextures_c23_049_946_frame_04.jpg,1,NeuralTextures
original_sequences_youtube_c23_604_frame_01.jpg,0,youtube
manipulated_sequences_Face2Face_c23_068_028_frame_02.jpg,1,Face2Face
manipulated_sequences_NeuralTextures_c23_614_616_frame_02.jpg,1,NeuralTextures
manipulated_sequences_FaceShifter_c23_876_891_frame_04.jpg,1,FaceShifter
original_sequences_youtube_c23_233_frame_04.jpg,0,youtube
manipulated_sequences_FaceSwap_c23_167_166_frame_04.jpg,1,FaceSwap
original_sequences_youtube_c23_861_frame_04.jpg,0,youtube
original_sequences_youtube_c23_871_frame_01.jpg,0,youtube
manipulated_sequences_FaceShifter_c23_979_875_frame_02.jpg,1,FaceShifter
original_sequences_youtube_c23_433_frame_05.jpg,0,youtube
original_sequences_youtube_c23_802_frame_05.jpg,0,youtube
manipulated_sequences_FaceShifter_c23_372_413_frame_01.jpg,1,FaceShifter
original_sequences_youtube_c23_737_frame_03.jpg,0,youtube
manipulated_sequences_FaceShifter_c23_130_139_frame_02.jpg,1,FaceShifter
manipulated_sequences_Face2Face_c23_280_249_frame_04.jpg,1,Face2Face
original_sequences_youtube_c23_859_frame_05.jpg,0,youtube
manipulated_sequences_NeuralTextures_c23_568_628_frame_05.jpg,1,NeuralTextures
manipulated_sequences_Deepfakes_c23_626_562_frame_04.jpg,1,Deepfakes
original_sequences_youtube_c23_387_frame_04.jpg,0,youtube
original_sequences_youtube_c23_612_frame_01.jpg,0,youtube
manipulated_sequences_NeuralTextures_c23_487_477_frame_02.jpg,1,NeuralTextures
original_sequences_youtube_c23_619_frame_05.jpg,0,youtube
original_sequences_youtube_c23_500_frame_01.jpg,0,youtube
original_sequences_youtube_c23_643_frame_04.jpg,0,youtube
manipulated_sequences_NeuralTextures_c23_697_581_frame_04.jpg,1,NeuralTextures
original_sequences_youtube_c23_040_frame_05.jpg,0,youtube
original_sequences_youtube_c23_419_frame_04.jpg,0,youtube
manipulated_sequences_FaceShifter_c23_572_554_frame_03.jpg,1,FaceShifter
manipulated_sequences_NeuralTextures_c23_143_140_frame_04.jpg,1,NeuralTextures
manipulated_sequences_FaceSwap_c23_193_030_frame_02.jpg,1,FaceSwap
original_sequences_youtube_c23_889_frame_01.jpg,0,youtube
manipulated_sequences_FaceSwap_c23_495_512_frame_01.jpg,1,FaceSwap
manipulated_sequences_NeuralTextures_c23_541_523_frame_05.jpg,1,NeuralTextures
original_sequences_youtube_c23_791_frame_04.jpg,0,youtube
manipulated_sequences_Deepfakes_c23_453_402_frame_01.jpg,1,Deepfakes
manipulated_sequences_FaceShifter_c23_383_353_frame_05.jpg,1,FaceShifter
original_sequences_youtube_c23_747_frame_04.jpg,0,youtube
original_sequences_youtube_c23_360_frame_01.jpg,0,youtube
original_sequences_youtube_c23_161_frame_04.jpg,0,youtube
manipulated_sequences_FaceSwap_c23_577_593_frame_04.jpg,1,FaceSwap
manipulated_sequences_FaceShifter_c23_160_928_frame_01.jpg,1,FaceShifter
original_sequences_youtube_c23_384_frame_02.jpg,0,youtube
original_sequences_youtube_c23_995_frame_02.jpg,0,youtube
original_sequences_youtube_c23_689_frame_01.jpg,0,youtube
manipulated_sequences_FaceSwap_c23_186_170_frame_04.jpg,1,FaceSwap
original_sequences_youtube_c23_728_frame_03.jpg,0,youtube
manipulated_sequences_NeuralTextures_c23_527_454_frame_02.jpg,1,NeuralTextures
original_sequences_youtube_c23_014_frame_02.jpg,0,youtube
manipulated_sequences_FaceShifter_c23_827_817_frame_05.jpg,1,FaceShifter
manipulated_sequences_Face2Face_c23_779_794_frame_03.jpg,1,Face2Face
original_sequences_youtube_c23_476_frame_01.jpg,0,youtube
original_sequences_youtube_c23_657_frame_04.jpg,0,youtube
original_sequences_youtube_c23_407_frame_01.jpg,0,youtube
original_sequences_youtube_c23_998_frame_05.jpg,0,youtube
original_sequences_youtube_c23_867_frame_02.jpg,0,youtube
original_sequences_youtube_c23_849_frame_01.jpg,0,youtube
original_sequences_youtube_c23_525_frame_05.jpg,0,youtube
original_sequences_youtube_c23_690_frame_01.jpg,0,youtube
manipulated_sequences_FaceSwap_c23_482_465_frame_02.jpg,1,FaceSwap
original_sequences_youtube_c23_235_frame_03.jpg,0,youtube
manipulated_sequences_FaceShifter_c23_057_070_frame_05.jpg,1,FaceShifter
original_sequences_youtube_c23_903_frame_04.jpg,0,youtube
original_sequences_youtube_c23_150_frame_03.jpg,0,youtube
original_sequences_youtube_c23_833_frame_05.jpg,0,youtube
manipulated_sequences_NeuralTextures_c23_296_293_frame_04.jpg,1,NeuralTextures
manipulated_sequences_Deepfakes_c23_479_706_frame_02.jpg,1,Deepfakes
manipulated_sequences_Deepfakes_c23_806_781_frame_01.jpg,1,Deepfakes
manipulated_sequences_NeuralTextures_c23_047_862_frame_02.jpg,1,NeuralTextures
original_sequences_youtube_c23_193_frame_01.jpg,0,youtube
manipulated_sequences_Deepfakes_c23_782_787_frame_02.jpg,1,Deepfakes
original_sequences_youtube_c23_498_frame_01.jpg,0,youtube
manipulated_sequences_FaceShifter_c23_255_214_frame_03.jpg,1,FaceShifter
original_sequences_youtube_c23_480_frame_01.jpg,0,youtube
manipulated_sequences_FaceSwap_c23_647_622_frame_04.jpg,1,FaceSwap
original_sequences_youtube_c23_547_frame_05.jpg,0,youtube
original_sequences_youtube_c23_778_frame_03.jpg,0,youtube
original_sequences_youtube_c23_078_frame_01.jpg,0,youtube
manipulated_sequences_NeuralTextures_c23_317_359_frame_03.jpg,1,NeuralTextures
manipulated_sequences_FaceShifter_c23_164_216_frame_01.jpg,1,FaceShifter
original_sequences_youtube_c23_459_frame_03.jpg,0,youtube
original_sequences_youtube_c23_993_frame_03.jpg,0,youtube
original_sequences_youtube_c23_470_frame_03.jpg,0,youtube
manipulated_sequences_Deepfakes_c23_200_189_frame_05.jpg,1,Deepfakes
original_sequences_youtube_c23_729_frame_05.jpg,0,youtube
manipulated_sequences_NeuralTextures_c23_073_024_frame_02.jpg,1,NeuralTextures
manipulated_sequences_Deepfakes_c23_627_658_frame_02.jpg,1,Deepfakes
manipulated_sequences_Face2Face_c23_929_962_frame_03.jpg,1,Face2Face
original_sequences_youtube_c23_717_frame_03.jpg,0,youtube
manipulated_sequences_FaceSwap_c23_208_215_frame_03.jpg,1,FaceSwap
manipulated_sequences_NeuralTextures_c23_827_817_frame_05.jpg,1,NeuralTextures
manipulated_sequences_FaceSwap_c23_179_212_frame_03.jpg,1,FaceSwap
original_sequences_youtube_c23_433_frame_01.jpg,0,youtube
manipulated_sequences_FaceShifter_c23_929_962_frame_03.jpg,1,FaceShifter
original_sequences_youtube_c23_678_frame_02.jpg,0,youtube
original_sequences_youtube_c23_421_frame_05.jpg,0,youtube
original_sequences_youtube_c23_667_frame_04.jpg,0,youtube
original_sequences_youtube_c23_789_frame_04.jpg,0,youtube
original_sequences_youtube_c23_800_frame_05.jpg,0,youtube
original_sequences_youtube_c23_979_frame_05.jpg,0,youtube
original_sequences_youtube_c23_263_frame_03.jpg,0,youtube
original_sequences_youtube_c23_077_frame_02.jpg,0,youtube
manipulated_sequences_Deepfakes_c23_097_033_frame_04.jpg,1,Deepfakes
manipulated_sequences_FaceSwap_c23_549_531_frame_04.jpg,1,FaceSwap
original_sequences_youtube_c23_424_frame_01.jpg,0,youtube
manipulated_sequences_Face2Face_c23_781_806_frame_02.jpg,1,Face2Face
original_sequences_youtube_c23_326_frame_01.jpg,0,youtube
original_sequences_youtube_c23_640_frame_05.jpg,0,youtube
manipulated_sequences_Deepfakes_c23_045_889_frame_01.jpg,1,Deepfakes
original_sequences_youtube_c23_448_frame_03.jpg,0,youtube
manipulated_sequences_FaceShifter_c23_075_977_frame_04.jpg,1,FaceShifter
original_sequences_youtube_c23_588_frame_05.jpg,0,youtube
manipulated_sequences_FaceShifter_c23_013_883_frame_01.jpg,1,FaceShifter
original_sequences_youtube_c23_417_frame_05.jpg,0,youtube
original_sequences_youtube_c23_244_frame_05.jpg,0,youtube
original_sequences_youtube_c23_711_frame_02.jpg,0,youtube
original_sequences_youtube_c23_876_frame_03.jpg,0,youtube
original_sequences_youtube_c23_288_frame_02.jpg,0,youtube
manipulated_sequences_Deepfakes_c23_325_492_frame_03.jpg,1,Deepfakes
manipulated_sequences_NeuralTextures_c23_145_299_frame_01.jpg,1,NeuralTextures
manipulated_sequences_Deepfakes_c23_786_819_frame_02.jpg,1,Deepfakes
manipulated_sequences_Deepfakes_c23_031_163_frame_01.jpg,1,Deepfakes
manipulated_sequences_FaceSwap_c23_098_092_frame_03.jpg,1,FaceSwap
manipulated_sequences_NeuralTextures_c23_854_747_frame_05.jpg,1,NeuralTextures
manipulated_sequences_FaceSwap_c23_674_744_frame_05.jpg,1,FaceSwap
manipulated_sequences_Face2Face_c23_132_007_frame_03.jpg,1,Face2Face
manipulated_sequences_Face2Face_c23_088_060_frame_03.jpg,1,Face2Face
original_sequences_youtube_c23_699_frame_05.jpg,0,youtube
original_sequences_youtube_c23_734_frame_05.jpg,0,youtube
manipulated_sequences_NeuralTextures_c23_963_879_frame_04.jpg,1,NeuralTextures
original_sequences_youtube_c23_657_frame_03.jpg,0,youtube
original_sequences_youtube_c23_815_frame_04.jpg,0,youtube
manipulated_sequences_Deepfakes_c23_589_565_frame_01.jpg,1,Deepfakes
original_sequences_youtube_c23_179_frame_01.jpg,0,youtube
original_sequences_youtube_c23_855_frame_01.jpg,0,youtube
manipulated_sequences_FaceSwap_c23_529_633_frame_04.jpg,1,FaceSwap
original_sequences_youtube_c23_148_frame_05.jpg,0,youtube
manipulated_sequences_NeuralTextures_c23_522_337_frame_02.jpg,1,NeuralTextures
manipulated_sequences_NeuralTextures_c23_968_884_frame_01.jpg,1,NeuralTextures
manipulated_sequences_NeuralTextures_c23_630_623_frame_03.jpg,1,NeuralTextures
original_sequences_youtube_c23_005_frame_03.jpg,0,youtube
manipulated_sequences_NeuralTextures_c23_230_204_frame_03.jpg,1,NeuralTextures
original_sequences_youtube_c23_916_frame_04.jpg,0,youtube
original_sequences_youtube_c23_067_frame_05.jpg,0,youtube
manipulated_sequences_Face2Face_c23_651_835_frame_04.jpg,1,Face2Face
manipulated_sequences_Face2Face_c23_559_543_frame_02.jpg,1,Face2Face
manipulated_sequences_Face2Face_c23_022_489_frame_02.jpg,1,Face2Face
manipulated_sequences_FaceSwap_c23_541_523_frame_02.jpg,1,FaceSwap
original_sequences_youtube_c23_031_frame_05.jpg,0,youtube
original_sequences_youtube_c23_490_frame_01.jpg,0,youtube
original_sequences_youtube_c23_576_frame_05.jpg,0,youtube
manipulated_sequences_FaceShifter_c23_481_469_frame_03.jpg,1,FaceShifter
original_sequences_youtube_c23_211_frame_02.jpg,0,youtube
original_sequences_youtube_c23_302_frame_04.jpg,0,youtube
manipulated_sequences_FaceSwap_c23_453_402_frame_02.jpg,1,FaceSwap
original_sequences_youtube_c23_294_frame_05.jpg,0,youtube
original_sequences_youtube_c23_696_frame_05.jpg,0,youtube
original_sequences_youtube_c23_658_frame_03.jpg,0,youtube
original_sequences_youtube_c23_443_frame_01.jpg,0,youtube
manipulated_sequences_Face2Face_c23_211_177_frame_01.jpg,1,Face2Face
manipulated_sequences_Face2Face_c23_137_165_frame_02.jpg,1,Face2Face
manipulated_sequences_FaceSwap_c23_863_853_frame_03.jpg,1,FaceSwap
manipulated_sequences_FaceSwap_c23_010_005_frame_05.jpg,1,FaceSwap
original_sequences_youtube_c23_266_frame_02.jpg,0,youtube
manipulated_sequences_FaceShifter_c23_646_643_frame_05.jpg,1,FaceShifter
original_sequences_youtube_c23_226_frame_04.jpg,0,youtube
original_sequences_youtube_c23_715_frame_03.jpg,0,youtube
original_sequences_youtube_c23_251_frame_04.jpg,0,youtube
original_sequences_youtube_c23_970_frame_01.jpg,0,youtube
manipulated_sequences_Deepfakes_c23_519_515_frame_02.jpg,1,Deepfakes
manipulated_sequences_Face2Face_c23_432_357_frame_01.jpg,1,Face2Face
original_sequences_youtube_c23_832_frame_03.jpg,0,youtube
original_sequences_youtube_c23_780_frame_03.jpg,0,youtube
manipulated_sequences_Deepfakes_c23_863_853_frame_03.jpg,1,Deepfakes
original_sequences_youtube_c23_217_frame_04.jpg,0,youtube
manipulated_sequences_FaceShifter_c23_138_142_frame_05.jpg,1,FaceShifter
manipulated_sequences_Face2Face_c23_057_070_frame_05.jpg,1,Face2Face
original_sequences_youtube_c23_663_frame_03.jpg,0,youtube
original_sequences_youtube_c23_951_frame_03.jpg,0,youtube
manipulated_sequences_Face2Face_c23_596_609_frame_02.jpg,1,Face2Face
manipulated_sequences_NeuralTextures_c23_471_455_frame_01.jpg,1,NeuralTextures
manipulated_sequences_Deepfakes_c23_423_421_frame_03.jpg,1,Deepfakes
manipulated_sequences_FaceShifter_c23_039_058_frame_05.jpg,1,FaceShifter
original_sequences_youtube_c23_846_frame_02.jpg,0,youtube
manipulated_sequences_Deepfakes_c23_670_661_frame_03.jpg,1,Deepfakes
original_sequences_youtube_c23_929_frame_04.jpg,0,youtube
original_sequences_youtube_c23_484_frame_04.jpg,0,youtube
manipulated_sequences_Deepfakes_c23_275_887_frame_04.jpg,1,Deepfakes
manipulated_sequences_Deepfakes_c23_609_596_frame_01.jpg,1,Deepfakes
manipulated_sequences_NeuralTextures_c23_546_621_frame_04.jpg,1,NeuralTextures
original_sequences_youtube_c23_812_frame_02.jpg,0,youtube
original_sequences_youtube_c23_589_frame_05.jpg,0,youtube
original_sequences_youtube_c23_117_frame_02.jpg,0,youtube
original_sequences_youtube_c23_229_frame_01.jpg,0,youtube
manipulated_sequences_NeuralTextures_c23_238_282_frame_02.jpg,1,NeuralTextures
original_sequences_youtube_c23_629_frame_02.jpg,0,youtube
manipulated_sequences_FaceShifter_c23_453_402_frame_03.jpg,1,FaceShifter
manipulated_sequences_FaceSwap_c23_925_933_frame_02.jpg,1,FaceSwap
manipulated_sequences_Face2Face_c23_772_708_frame_05.jpg,1,Face2Face
original_sequences_youtube_c23_046_frame_04.jpg,0,youtube
original_sequences_youtube_c23_553_frame_05.jpg,0,youtube
original_sequences_youtube_c23_739_frame_05.jpg,0,youtube
manipulated_sequences_FaceSwap_c23_963_879_frame_01.jpg,1,FaceSwap
original_sequences_youtube_c23_998_frame_01.jpg,0,youtube
original_sequences_youtube_c23_469_frame_02.jpg,0,youtube
manipulated_sequences_FaceShifter_c23_088_060_frame_03.jpg,1,FaceShifter
manipulated_sequences_Deepfakes_c23_390_709_frame_03.jpg,1,Deepfakes
original_sequences_youtube_c23_574_frame_02.jpg,0,youtube
original_sequences_youtube_c23_459_frame_02.jpg,0,youtube
original_sequences_youtube_c23_525_frame_02.jpg,0,youtube
original_sequences_youtube_c23_381_frame_04.jpg,0,youtube
original_sequences_youtube_c23_145_frame_04.jpg,0,youtube
manipulated_sequences_Deepfakes_c23_070_057_frame_04.jpg,1,Deepfakes
manipulated_sequences_FaceSwap_c23_712_716_frame_01.jpg,1,FaceSwap
manipulated_sequences_NeuralTextures_c23_820_818_frame_04.jpg,1,NeuralTextures
original_sequences_youtube_c23_027_frame_04.jpg,0,youtube
manipulated_sequences_Deepfakes_c23_307_365_frame_04.jpg,1,Deepfakes
original_sequences_youtube_c23_946_frame_03.jpg,0,youtube
manipulated_sequences_Face2Face_c23_720_672_frame_04.jpg,1,Face2Face
original_sequences_youtube_c23_122_frame_04.jpg,0,youtube
manipulated_sequences_Deepfakes_c23_562_626_frame_04.jpg,1,Deepfakes
original_sequences_youtube_c23_214_frame_03.jpg,0,youtube
manipulated_sequences_FaceSwap_c23_102_114_frame_02.jpg,1,FaceSwap
original_sequences_youtube_c23_428_frame_03.jpg,0,youtube
manipulated_sequences_FaceShifter_c23_988_966_frame_03.jpg,1,FaceShifter
original_sequences_youtube_c23_580_frame_02.jpg,0,youtube
original_sequences_youtube_c23_230_frame_01.jpg,0,youtube
manipulated_sequences_NeuralTextures_c23_263_284_frame_04.jpg,1,NeuralTextures
original_sequences_youtube_c23_660_frame_04.jpg,0,youtube
original_sequences_youtube_c23_249_frame_04.jpg,0,youtube
original_sequences_youtube_c23_268_frame_05.jpg,0,youtube
manipulated_sequences_Face2Face_c23_630_623_frame_03.jpg,1,Face2Face
original_sequences_youtube_c23_395_frame_03.jpg,0,youtube
manipulated_sequences_Deepfakes_c23_691_732_frame_01.jpg,1,Deepfakes
original_sequences_youtube_c23_932_frame_03.jpg,0,youtube
original_sequences_youtube_c23_703_frame_04.jpg,0,youtube
original_sequences_youtube_c23_512_frame_02.jpg,0,youtube
original_sequences_youtube_c23_347_frame_02.jpg,0,youtube
manipulated_sequences_FaceSwap_c23_140_143_frame_03.jpg,1,FaceSwap
manipulated_sequences_FaceSwap_c23_482_465_frame_04.jpg,1,FaceSwap
manipulated_sequences_Deepfakes_c23_001_870_frame_05.jpg,1,Deepfakes
original_sequences_youtube_c23_559_frame_02.jpg,0,youtube
manipulated_sequences_FaceShifter_c23_275_887_frame_04.jpg,1,FaceShifter
original_sequences_youtube_c23_557_frame_01.jpg,0,youtube
original_sequences_youtube_c23_034_frame_05.jpg,0,youtube
manipulated_sequences_FaceShifter_c23_643_646_frame_02.jpg,1,FaceShifter
original_sequences_youtube_c23_388_frame_03.jpg,0,youtube
original_sequences_youtube_c23_491_frame_01.jpg,0,youtube
manipulated_sequences_Face2Face_c23_733_935_frame_02.jpg,1,Face2Face
manipulated_sequences_Face2Face_c23_876_891_frame_04.jpg,1,Face2Face
original_sequences_youtube_c23_695_frame_05.jpg,0,youtube
manipulated_sequences_NeuralTextures_c23_149_152_frame_03.jpg,1,NeuralTextures
original_sequences_youtube_c23_215_frame_02.jpg,0,youtube
original_sequences_youtube_c23_347_frame_04.jpg,0,youtube
original_sequences_youtube_c23_166_frame_03.jpg,0,youtube
original_sequences_youtube_c23_086_frame_01.jpg,0,youtube
original_sequences_youtube_c23_556_frame_05.jpg,0,youtube
manipulated_sequences_FaceSwap_c23_075_977_frame_04.jpg,1,FaceSwap
manipulated_sequences_FaceSwap_c23_102_114_frame_04.jpg,1,FaceSwap
original_sequences_youtube_c23_412_frame_01.jpg,0,youtube
original_sequences_youtube_c23_967_frame_03.jpg,0,youtube
original_sequences_youtube_c23_820_frame_03.jpg,0,youtube
original_sequences_youtube_c23_091_frame_04.jpg,0,youtube
manipulated_sequences_FaceSwap_c23_826_833_frame_05.jpg,1,FaceSwap
manipulated_sequences_FaceShifter_c23_266_252_frame_01.jpg,1,FaceShifter
original_sequences_youtube_c23_630_frame_01.jpg,0,youtube
manipulated_sequences_Deepfakes_c23_624_570_frame_04.jpg,1,Deepfakes
manipulated_sequences_Face2Face_c23_340_341_frame_01.jpg,1,Face2Face
original_sequences_youtube_c23_190_frame_03.jpg,0,youtube
original_sequences_youtube_c23_061_frame_04.jpg,0,youtube
original_sequences_youtube_c23_596_frame_02.jpg,0,youtube
manipulated_sequences_NeuralTextures_c23_392_339_frame_01.jpg,1,NeuralTextures
original_sequences_youtube_c23_810_frame_05.jpg,0,youtube
manipulated_sequences_Face2Face_c23_458_722_frame_04.jpg,1,Face2Face
original_sequences_youtube_c23_494_frame_05.jpg,0,youtube
manipulated_sequences_FaceShifter_c23_457_398_frame_04.jpg,1,FaceShifter
original_sequences_youtube_c23_579_frame_01.jpg,0,youtube
manipulated_sequences_Deepfakes_c23_794_779_frame_01.jpg,1,Deepfakes
original_sequences_youtube_c23_785_frame_01.jpg,0,youtube
manipulated_sequences_Deepfakes_c23_287_426_frame_05.jpg,1,Deepfakes
manipulated_sequences_FaceShifter_c23_272_396_frame_03.jpg,1,FaceShifter
manipulated_sequences_FaceShifter_c23_284_263_frame_02.jpg,1,FaceShifter
original_sequences_youtube_c23_579_frame_02.jpg,0,youtube
original_sequences_youtube_c23_985_frame_04.jpg,0,youtube
manipulated_sequences_FaceSwap_c23_210_241_frame_04.jpg,1,FaceSwap
original_sequences_youtube_c23_198_frame_05.jpg,0,youtube
original_sequences_youtube_c23_342_frame_02.jpg,0,youtube
manipulated_sequences_Deepfakes_c23_867_765_frame_01.jpg,1,Deepfakes
manipulated_sequences_NeuralTextures_c23_816_649_frame_05.jpg,1,NeuralTextures
original_sequences_youtube_c23_843_frame_02.jpg,0,youtube
original_sequences_youtube_c23_713_frame_01.jpg,0,youtube
original_sequences_youtube_c23_909_frame_05.jpg,0,youtube
original_sequences_youtube_c23_322_frame_03.jpg,0,youtube
manipulated_sequences_FaceSwap_c23_072_037_frame_03.jpg,1,FaceSwap
manipulated_sequences_FaceShifter_c23_982_004_frame_02.jpg,1,FaceShifter
manipulated_sequences_NeuralTextures_c23_293_296_frame_04.jpg,1,NeuralTextures
manipulated_sequences_Deepfakes_c23_411_410_frame_05.jpg,1,Deepfakes
manipulated_sequences_FaceSwap_c23_492_325_frame_01.jpg,1,FaceSwap
manipulated_sequences_Deepfakes_c23_083_213_frame_04.jpg,1,Deepfakes
original_sequences_youtube_c23_656_frame_01.jpg,0,youtube
original_sequences_youtube_c23_422_frame_02.jpg,0,youtube
original_sequences_youtube_c23_961_frame_04.jpg,0,youtube
manipulated_sequences_Face2Face_c23_898_922_frame_01.jpg,1,Face2Face
manipulated_sequences_Face2Face_c23_781_806_frame_01.jpg,1,Face2Face
manipulated_sequences_FaceSwap_c23_768_793_frame_03.jpg,1,FaceSwap
original_sequences_youtube_c23_668_frame_01.jpg,0,youtube
manipulated_sequences_FaceSwap_c23_207_908_frame_02.jpg,1,FaceSwap
original_sequences_youtube_c23_513_frame_01.jpg,0,youtube
original_sequences_youtube_c23_366_frame_03.jpg,0,youtube
manipulated_sequences_NeuralTextures_c23_007_132_frame_05.jpg,1,NeuralTextures
original_sequences_youtube_c23_931_frame_02.jpg,0,youtube
original_sequences_youtube_c23_565_frame_02.jpg,0,youtube
manipulated_sequences_Face2Face_c23_209_016_frame_03.jpg,1,Face2Face
manipulated_sequences_FaceSwap_c23_468_470_frame_05.jpg,1,FaceSwap
manipulated_sequences_Deepfakes_c23_418_507_frame_05.jpg,1,Deepfakes
original_sequences_youtube_c23_122_frame_05.jpg,0,youtube
original_sequences_youtube_c23_256_frame_05.jpg,0,youtube
manipulated_sequences_NeuralTextures_c23_473_366_frame_04.jpg,1,NeuralTextures
manipulated_sequences_Deepfakes_c23_453_402_frame_04.jpg,1,Deepfakes
original_sequences_youtube_c23_538_frame_02.jpg,0,youtube
manipulated_sequences_NeuralTextures_c23_777_745_frame_03.jpg,1,NeuralTextures
original_sequences_youtube_c23_556_frame_04.jpg,0,youtube
original_sequences_youtube_c23_601_frame_05.jpg,0,youtube
manipulated_sequences_Face2Face_c23_152_149_frame_01.jpg,1,Face2Face
original_sequences_youtube_c23_507_frame_03.jpg,0,youtube
manipulated_sequences_Deepfakes_c23_029_048_frame_03.jpg,1,Deepfakes
manipulated_sequences_FaceShifter_c23_602_397_frame_05.jpg,1,FaceShifter
manipulated_sequences_NeuralTextures_c23_146_256_frame_03.jpg,1,NeuralTextures
original_sequences_youtube_c23_762_frame_04.jpg,0,youtube
original_sequences_youtube_c23_284_frame_04.jpg,0,youtube
original_sequences_youtube_c23_970_frame_02.jpg,0,youtube
original_sequences_youtube_c23_275_frame_01.jpg,0,youtube
manipulated_sequences_Face2Face_c23_357_432_frame_05.jpg,1,Face2Face
manipulated_sequences_NeuralTextures_c23_637_427_frame_01.jpg,1,NeuralTextures
original_sequences_youtube_c23_004_frame_05.jpg,0,youtube
original_sequences_youtube_c23_871_frame_03.jpg,0,youtube
original_sequences_youtube_c23_515_frame_03.jpg,0,youtube
manipulated_sequences_NeuralTextures_c23_356_324_frame_01.jpg,1,NeuralTextures
manipulated_sequences_Deepfakes_c23_644_657_frame_05.jpg,1,Deepfakes
original_sequences_youtube_c23_804_frame_03.jpg,0,youtube
original_sequences_youtube_c23_937_frame_05.jpg,0,youtube
original_sequences_youtube_c23_673_frame_02.jpg,0,youtube
original_sequences_youtube_c23_772_frame_04.jpg,0,youtube
manipulated_sequences_Deepfakes_c23_606_567_frame_04.jpg,1,Deepfakes
manipulated_sequences_NeuralTextures_c23_357_432_frame_01.jpg,1,NeuralTextures
manipulated_sequences_FaceShifter_c23_550_452_frame_01.jpg,1,FaceShifter
original_sequences_youtube_c23_484_frame_05.jpg,0,youtube
manipulated_sequences_Face2Face_c23_970_973_frame_03.jpg,1,Face2Face
original_sequences_youtube_c23_182_frame_03.jpg,0,youtube
manipulated_sequences_FaceSwap_c23_041_063_frame_04.jpg,1,FaceSwap
original_sequences_youtube_c23_461_frame_05.jpg,0,youtube
original_sequences_youtube_c23_056_frame_03.jpg,0,youtube
original_sequences_youtube_c23_515_frame_04.jpg,0,youtube
manipulated_sequences_FaceSwap_c23_731_741_frame_01.jpg,1,FaceSwap
manipulated_sequences_FaceSwap_c23_340_341_frame_04.jpg,1,FaceSwap
original_sequences_youtube_c23_208_frame_05.jpg,0,youtube
original_sequences_youtube_c23_309_frame_03.jpg,0,youtube
original_sequences_youtube_c23_349_frame_01.jpg,0,youtube
manipulated_sequences_Deepfakes_c23_781_806_frame_02.jpg,1,Deepfakes
original_sequences_youtube_c23_448_frame_05.jpg,0,youtube
manipulated_sequences_FaceSwap_c23_554_572_frame_01.jpg,1,FaceSwap
manipulated_sequences_NeuralTextures_c23_221_206_frame_01.jpg,1,NeuralTextures
original_sequences_youtube_c23_035_frame_04.jpg,0,youtube
original_sequences_youtube_c23_597_frame_02.jpg,0,youtube
original_sequences_youtube_c23_236_frame_03.jpg,0,youtube
manipulated_sequences_NeuralTextures_c23_393_405_frame_05.jpg,1,NeuralTextures
manipulated_sequences_FaceShifter_c23_764_850_frame_03.jpg,1,FaceShifter
manipulated_sequences_FaceShifter_c23_813_700_frame_02.jpg,1,FaceShifter
original_sequences_youtube_c23_858_frame_02.jpg,0,youtube
original_sequences_youtube_c23_016_frame_04.jpg,0,youtube
original_sequences_youtube_c23_521_frame_04.jpg,0,youtube
manipulated_sequences_FaceShifter_c23_761_766_frame_02.jpg,1,FaceShifter
manipulated_sequences_NeuralTextures_c23_881_856_frame_05.jpg,1,NeuralTextures
original_sequences_youtube_c23_360_frame_05.jpg,0,youtube
manipulated_sequences_Deepfakes_c23_138_142_frame_05.jpg,1,Deepfakes
manipulated_sequences_Face2Face_c23_120_118_frame_02.jpg,1,Face2Face
manipulated_sequences_Face2Face_c23_869_780_frame_02.jpg,1,Face2Face
original_sequences_youtube_c23_854_frame_03.jpg,0,youtube
original_sequences_youtube_c23_721_frame_01.jpg,0,youtube
original_sequences_youtube_c23_944_frame_02.jpg,0,youtube
original_sequences_youtube_c23_125_frame_02.jpg,0,youtube
manipulated_sequences_Face2Face_c23_505_600_frame_05.jpg,1,Face2Face
manipulated_sequences_FaceSwap_c23_545_553_frame_04.jpg,1,FaceSwap
original_sequences_youtube_c23_819_frame_04.jpg,0,youtube
manipulated_sequences_Deepfakes_c23_812_821_frame_01.jpg,1,Deepfakes
original_sequences_youtube_c23_726_frame_01.jpg,0,youtube
manipulated_sequences_FaceSwap_c23_738_804_frame_04.jpg,1,FaceSwap
manipulated_sequences_Face2Face_c23_175_159_frame_03.jpg,1,Face2Face
original_sequences_youtube_c23_346_frame_04.jpg,0,youtube
manipulated_sequences_Face2Face_c23_481_469_frame_03.jpg,1,Face2Face
original_sequences_youtube_c23_195_frame_05.jpg,0,youtube
original_sequences_youtube_c23_631_frame_04.jpg,0,youtube
manipulated_sequences_NeuralTextures_c23_862_047_frame_02.jpg,1,NeuralTextures
manipulated_sequences_FaceShifter_c23_782_787_frame_01.jpg,1,FaceShifter
manipulated_sequences_FaceShifter_c23_191_188_frame_03.jpg,1,FaceShifter
original_sequences_youtube_c23_381_frame_03.jpg,0,youtube
original_sequences_youtube_c23_593_frame_03.jpg,0,youtube
manipulated_sequences_Face2Face_c23_779_794_frame_01.jpg,1,Face2Face
manipulated_sequences_FaceSwap_c23_142_138_frame_02.jpg,1,FaceSwap
manipulated_sequences_FaceSwap_c23_554_572_frame_02.jpg,1,FaceSwap
original_sequences_youtube_c23_901_frame_02.jpg,0,youtube
manipulated_sequences_FaceShifter_c23_051_332_frame_03.jpg,1,FaceShifter
original_sequences_youtube_c23_842_frame_05.jpg,0,youtube
manipulated_sequences_NeuralTextures_c23_752_751_frame_04.jpg,1,NeuralTextures
original_sequences_youtube_c23_863_frame_01.jpg,0,youtube
original_sequences_youtube_c23_640_frame_01.jpg,0,youtube
original_sequences_youtube_c23_390_frame_02.jpg,0,youtube
manipulated_sequences_FaceShifter_c23_048_029_frame_04.jpg,1,FaceShifter
original_sequences_youtube_c23_169_frame_05.jpg,0,youtube
manipulated_sequences_NeuralTextures_c23_059_050_frame_02.jpg,1,NeuralTextures
original_sequences_youtube_c23_462_frame_01.jpg,0,youtube
manipulated_sequences_FaceShifter_c23_472_511_frame_04.jpg,1,FaceShifter
manipulated_sequences_Face2Face_c23_973_970_frame_01.jpg,1,Face2Face
manipulated_sequences_Deepfakes_c23_831_508_frame_04.jpg,1,Deepfakes
original_sequences_youtube_c23_014_frame_01.jpg,0,youtube
original_sequences_youtube_c23_093_frame_05.jpg,0,youtube
original_sequences_youtube_c23_751_frame_03.jpg,0,youtube
manipulated_sequences_FaceShifter_c23_873_872_frame_01.jpg,1,FaceShifter
original_sequences_youtube_c23_094_frame_03.jpg,0,youtube
original_sequences_youtube_c23_345_frame_03.jpg,0,youtube
original_sequences_youtube_c23_457_frame_04.jpg,0,youtube
original_sequences_youtube_c23_496_frame_02.jpg,0,youtube
manipulated_sequences_FaceSwap_c23_830_828_frame_01.jpg,1,FaceSwap
manipulated_sequences_Face2Face_c23_502_504_frame_03.jpg,1,Face2Face
manipulated_sequences_Face2Face_c23_084_042_frame_02.jpg,1,Face2Face
original_sequences_youtube_c23_665_frame_02.jpg,0,youtube
original_sequences_youtube_c23_338_frame_03.jpg,0,youtube
original_sequences_youtube_c23_947_frame_03.jpg,0,youtube
manipulated_sequences_FaceSwap_c23_367_371_frame_04.jpg,1,FaceSwap
manipulated_sequences_NeuralTextures_c23_578_636_frame_04.jpg,1,NeuralTextures
original_sequences_youtube_c23_891_frame_05.jpg,0,youtube
original_sequences_youtube_c23_423_frame_05.jpg,0,youtube
original_sequences_youtube_c23_274_frame_02.jpg,0,youtube
original_sequences_youtube_c23_697_frame_05.jpg,0,youtube
manipulated_sequences_FaceShifter_c23_059_050_frame_02.jpg,1,FaceShifter
original_sequences_youtube_c23_172_frame_01.jpg,0,youtube
original_sequences_youtube_c23_303_frame_03.jpg,0,youtube
manipulated_sequences_FaceShifter_c23_802_885_frame_01.jpg,1,FaceShifter
manipulated_sequences_FaceShifter_c23_828_830_frame_05.jpg,1,FaceShifter
manipulated_sequences_Deepfakes_c23_494_445_frame_01.jpg,1,Deepfakes
original_sequences_youtube_c23_732_frame_03.jpg,0,youtube
original_sequences_youtube_c23_166_frame_01.jpg,0,youtube
manipulated_sequences_FaceSwap_c23_153_150_frame_01.jpg,1,FaceSwap
original_sequences_youtube_c23_942_frame_04.jpg,0,youtube
original_sequences_youtube_c23_583_frame_04.jpg,0,youtube
original_sequences_youtube_c23_850_frame_02.jpg,0,youtube
manipulated_sequences_NeuralTextures_c23_973_970_frame_01.jpg,1,NeuralTextures
original_sequences_youtube_c23_609_frame_03.jpg,0,youtube
original_sequences_youtube_c23_666_frame_01.jpg,0,youtube
original_sequences_youtube_c23_062_frame_01.jpg,0,youtube
original_sequences_youtube_c23_115_frame_04.jpg,0,youtube
manipulated_sequences_NeuralTextures_c23_249_280_frame_01.jpg,1,NeuralTextures
manipulated_sequences_FaceSwap_c23_630_623_frame_01.jpg,1,FaceSwap
manipulated_sequences_Deepfakes_c23_456_435_frame_05.jpg,1,Deepfakes
manipulated_sequences_FaceSwap_c23_174_964_frame_04.jpg,1,FaceSwap
original_sequences_youtube_c23_729_frame_04.jpg,0,youtube
manipulated_sequences_Deepfakes_c23_859_843_frame_02.jpg,1,Deepfakes
manipulated_sequences_Face2Face_c23_483_370_frame_04.jpg,1,Face2Face
original_sequences_youtube_c23_824_frame_03.jpg,0,youtube
manipulated_sequences_FaceShifter_c23_058_039_frame_01.jpg,1,FaceShifter
original_sequences_youtube_c23_083_frame_04.jpg,0,youtube
original_sequences_youtube_c23_534_frame_04.jpg,0,youtube
original_sequences_youtube_c23_905_frame_04.jpg,0,youtube
original_sequences_youtube_c23_215_frame_03.jpg,0,youtube
original_sequences_youtube_c23_775_frame_04.jpg,0,youtube
original_sequences_youtube_c23_069_frame_04.jpg,0,youtube
manipulated_sequences_FaceShifter_c23_975_978_frame_05.jpg,1,FaceShifter
manipulated_sequences_FaceShifter_c23_865_739_frame_04.jpg,1,FaceShifter
original_sequences_youtube_c23_830_frame_05.jpg,0,youtube
original_sequences_youtube_c23_869_frame_04.jpg,0,youtube
manipulated_sequences_Deepfakes_c23_873_872_frame_04.jpg,1,Deepfakes
manipulated_sequences_Face2Face_c23_873_872_frame_04.jpg,1,Face2Face
original_sequences_youtube_c23_862_frame_02.jpg,0,youtube
manipulated_sequences_FaceShifter_c23_583_558_frame_02.jpg,1,FaceShifter
original_sequences_youtube_c23_805_frame_05.jpg,0,youtube
original_sequences_youtube_c23_748_frame_02.jpg,0,youtube
manipulated_sequences_Deepfakes_c23_255_214_frame_03.jpg,1,Deepfakes
original_sequences_youtube_c23_246_frame_02.jpg,0,youtube
manipulated_sequences_FaceShifter_c23_688_645_frame_01.jpg,1,FaceShifter
original_sequences_youtube_c23_694_frame_05.jpg,0,youtube
original_sequences_youtube_c23_026_frame_01.jpg,0,youtube
manipulated_sequences_NeuralTextures_c23_123_119_frame_04.jpg,1,NeuralTextures
manipulated_sequences_FaceShifter_c23_462_467_frame_03.jpg,1,FaceShifter
original_sequences_youtube_c23_576_frame_02.jpg,0,youtube
manipulated_sequences_Face2Face_c23_168_222_frame_05.jpg,1,Face2Face
manipulated_sequences_FaceShifter_c23_901_902_frame_04.jpg,1,FaceShifter
original_sequences_youtube_c23_520_frame_03.jpg,0,youtube
original_sequences_youtube_c23_647_frame_02.jpg,0,youtube
original_sequences_youtube_c23_420_frame_04.jpg,0,youtube
original_sequences_youtube_c23_946_frame_02.jpg,0,youtube
original_sequences_youtube_c23_035_frame_03.jpg,0,youtube
manipulated_sequences_FaceSwap_c23_257_420_frame_01.jpg,1,FaceSwap
manipulated_sequences_FaceShifter_c23_142_138_frame_05.jpg,1,FaceShifter
manipulated_sequences_NeuralTextures_c23_996_056_frame_05.jpg,1,NeuralTextures
manipulated_sequences_FaceSwap_c23_418_507_frame_01.jpg,1,FaceSwap
manipulated_sequences_FaceSwap_c23_675_608_frame_04.jpg,1,FaceSwap
manipulated_sequences_FaceSwap_c23_581_697_frame_03.jpg,1,FaceSwap
manipulated_sequences_FaceShifter_c23_179_212_frame_03.jpg,1,FaceShifter
original_sequences_youtube_c23_711_frame_04.jpg,0,youtube
original_sequences_youtube_c23_797_frame_02.jpg,0,youtube
manipulated_sequences_FaceShifter_c23_685_613_frame_05.jpg,1,FaceShifter
original_sequences_youtube_c23_403_frame_05.jpg,0,youtube
original_sequences_youtube_c23_009_frame_01.jpg,0,youtube
manipulated_sequences_FaceShifter_c23_791_770_frame_02.jpg,1,FaceShifter
manipulated_sequences_Face2Face_c23_090_086_frame_05.jpg,1,Face2Face
manipulated_sequences_NeuralTextures_c23_753_789_frame_05.jpg,1,NeuralTextures
manipulated_sequences_Face2Face_c23_348_202_frame_03.jpg,1,Face2Face
original_sequences_youtube_c23_593_frame_01.jpg,0,youtube
manipulated_sequences_Face2Face_c23_737_719_frame_02.jpg,1,Face2Face
original_sequences_youtube_c23_806_frame_04.jpg,0,youtube
manipulated_sequences_Face2Face_c23_691_732_frame_01.jpg,1,Face2Face
manipulated_sequences_FaceShifter_c23_202_348_frame_04.jpg,1,FaceShifter
manipulated_sequences_Deepfakes_c23_359_317_frame_05.jpg,1,Deepfakes
original_sequences_youtube_c23_234_frame_04.jpg,0,youtube
original_sequences_youtube_c23_552_frame_02.jpg,0,youtube
original_sequences_youtube_c23_129_frame_03.jpg,0,youtube
original_sequences_youtube_c23_795_frame_02.jpg,0,youtube
manipulated_sequences_NeuralTextures_c23_091_116_frame_04.jpg,1,NeuralTextures
manipulated_sequences_NeuralTextures_c23_589_565_frame_01.jpg,1,NeuralTextures
manipulated_sequences_FaceSwap_c23_018_019_frame_02.jpg,1,FaceSwap
original_sequences_youtube_c23_480_frame_03.jpg,0,youtube
manipulated_sequences_Face2Face_c23_539_499_frame_02.jpg,1,Face2Face
manipulated_sequences_FaceShifter_c23_518_131_frame_01.jpg,1,FaceShifter
original_sequences_youtube_c23_697_frame_01.jpg,0,youtube
original_sequences_youtube_c23_768_frame_02.jpg,0,youtube
manipulated_sequences_Deepfakes_c23_141_161_frame_01.jpg,1,Deepfakes
manipulated_sequences_Deepfakes_c23_563_537_frame_02.jpg,1,Deepfakes
original_sequences_youtube_c23_887_frame_01.jpg,0,youtube
original_sequences_youtube_c23_997_frame_05.jpg,0,youtube
manipulated_sequences_NeuralTextures_c23_320_328_frame_02.jpg,1,NeuralTextures
original_sequences_youtube_c23_413_frame_03.jpg,0,youtube
original_sequences_youtube_c23_081_frame_03.jpg,0,youtube
manipulated_sequences_FaceShifter_c23_966_988_frame_02.jpg,1,FaceShifter
original_sequences_youtube_c23_316_frame_05.jpg,0,youtube
manipulated_sequences_Deepfakes_c23_541_523_frame_03.jpg,1,Deepfakes
manipulated_sequences_Deepfakes_c23_761_766_frame_03.jpg,1,Deepfakes
manipulated_sequences_FaceSwap_c23_948_965_frame_03.jpg,1,FaceSwap
original_sequences_youtube_c23_465_frame_04.jpg,0,youtube
original_sequences_youtube_c23_942_frame_05.jpg,0,youtube
manipulated_sequences_FaceSwap_c23_179_212_frame_05.jpg,1,FaceSwap
manipulated_sequences_FaceShifter_c23_366_473_frame_02.jpg,1,FaceShifter
original_sequences_youtube_c23_508_frame_02.jpg,0,youtube
manipulated_sequences_NeuralTextures_c23_501_326_frame_01.jpg,1,NeuralTextures
original_sequences_youtube_c23_318_frame_04.jpg,0,youtube
original_sequences_youtube_c23_391_frame_05.jpg,0,youtube
original_sequences_youtube_c23_488_frame_04.jpg,0,youtube
manipulated_sequences_Face2Face_c23_823_584_frame_02.jpg,1,Face2Face
original_sequences_youtube_c23_690_frame_03.jpg,0,youtube
manipulated_sequences_FaceShifter_c23_424_408_frame_04.jpg,1,FaceShifter
original_sequences_youtube_c23_151_frame_01.jpg,0,youtube
manipulated_sequences_NeuralTextures_c23_437_360_frame_01.jpg,1,NeuralTextures
original_sequences_youtube_c23_616_frame_01.jpg,0,youtube
original_sequences_youtube_c23_780_frame_01.jpg,0,youtube
original_sequences_youtube_c23_100_frame_04.jpg,0,youtube
manipulated_sequences_FaceShifter_c23_541_523_frame_02.jpg,1,FaceShifter
manipulated_sequences_Face2Face_c23_694_767_frame_03.jpg,1,Face2Face
manipulated_sequences_FaceSwap_c23_869_780_frame_02.jpg,1,FaceSwap
original_sequences_youtube_c23_840_frame_03.jpg,0,youtube
original_sequences_youtube_c23_702_frame_05.jpg,0,youtube
original_sequences_youtube_c23_737_frame_04.jpg,0,youtube
original_sequences_youtube_c23_308_frame_01.jpg,0,youtube
original_sequences_youtube_c23_476_frame_05.jpg,0,youtube
original_sequences_youtube_c23_563_frame_03.jpg,0,youtube
original_sequences_youtube_c23_262_frame_05.jpg,0,youtube
manipulated_sequences_FaceShifter_c23_127_129_frame_04.jpg,1,FaceShifter
manipulated_sequences_NeuralTextures_c23_437_360_frame_05.jpg,1,NeuralTextures
manipulated_sequences_FaceShifter_c23_237_236_frame_03.jpg,1,FaceShifter
manipulated_sequences_FaceShifter_c23_945_044_frame_05.jpg,1,FaceShifter
original_sequences_youtube_c23_438_frame_03.jpg,0,youtube
manipulated_sequences_Deepfakes_c23_444_655_frame_03.jpg,1,Deepfakes
manipulated_sequences_Face2Face_c23_705_707_frame_05.jpg,1,Face2Face
manipulated_sequences_NeuralTextures_c23_642_635_frame_04.jpg,1,NeuralTextures
original_sequences_youtube_c23_206_frame_02.jpg,0,youtube
original_sequences_youtube_c23_540_frame_05.jpg,0,youtube
manipulated_sequences_Deepfakes_c23_295_099_frame_02.jpg,1,Deepfakes
original_sequences_youtube_c23_902_frame_05.jpg,0,youtube
manipulated_sequences_FaceSwap_c23_134_192_frame_05.jpg,1,FaceSwap
manipulated_sequences_Deepfakes_c23_694_767_frame_03.jpg,1,Deepfakes
original_sequences_youtube_c23_610_frame_03.jpg,0,youtube
manipulated_sequences_FaceSwap_c23_367_371_frame_03.jpg,1,FaceSwap
original_sequences_youtube_c23_590_frame_03.jpg,0,youtube
original_sequences_youtube_c23_337_frame_03.jpg,0,youtube
original_sequences_youtube_c23_438_frame_01.jpg,0,youtube
manipulated_sequences_FaceSwap_c23_782_787_frame_01.jpg,1,FaceSwap
manipulated_sequences_FaceSwap_c23_415_484_frame_05.jpg,1,FaceSwap
manipulated_sequences_FaceShifter_c23_437_360_frame_01.jpg,1,FaceShifter
manipulated_sequences_NeuralTextures_c23_312_021_frame_04.jpg,1,NeuralTextures
manipulated_sequences_NeuralTextures_c23_850_764_frame_04.jpg,1,NeuralTextures
manipulated_sequences_FaceShifter_c23_563_537_frame_02.jpg,1,FaceShifter
manipulated_sequences_NeuralTextures_c23_390_709_frame_05.jpg,1,NeuralTextures
manipulated_sequences_NeuralTextures_c23_706_479_frame_05.jpg,1,NeuralTextures
original_sequences_youtube_c23_222_frame_01.jpg,0,youtube
manipulated_sequences_FaceShifter_c23_226_491_frame_01.jpg,1,FaceShifter
original_sequences_youtube_c23_027_frame_01.jpg,0,youtube
original_sequences_youtube_c23_822_frame_05.jpg,0,youtube
manipulated_sequences_FaceSwap_c23_877_886_frame_01.jpg,1,FaceSwap
manipulated_sequences_FaceShifter_c23_622_647_frame_04.jpg,1,FaceShifter
original_sequences_youtube_c23_393_frame_02.jpg,0,youtube
original_sequences_youtube_c23_853_frame_04.jpg,0,youtube
original_sequences_youtube_c23_320_frame_01.jpg,0,youtube
manipulated_sequences_NeuralTextures_c23_170_186_frame_05.jpg,1,NeuralTextures
original_sequences_youtube_c23_990_frame_04.jpg,0,youtube
manipulated_sequences_NeuralTextures_c23_919_015_frame_02.jpg,1,NeuralTextures
manipulated_sequences_FaceSwap_c23_667_446_frame_03.jpg,1,FaceSwap
manipulated_sequences_NeuralTextures_c23_545_553_frame_04.jpg,1,NeuralTextures
original_sequences_youtube_c23_141_frame_01.jpg,0,youtube
original_sequences_youtube_c23_773_frame_03.jpg,0,youtube
original_sequences_youtube_c23_969_frame_03.jpg,0,youtube
original_sequences_youtube_c23_012_frame_03.jpg,0,youtube
original_sequences_youtube_c23_207_frame_01.jpg,0,youtube
manipulated_sequences_FaceShifter_c23_280_249_frame_02.jpg,1,FaceShifter
manipulated_sequences_FaceShifter_c23_740_796_frame_01.jpg,1,FaceShifter
original_sequences_youtube_c23_059_frame_04.jpg,0,youtube
original_sequences_youtube_c23_875_frame_01.jpg,0,youtube
manipulated_sequences_NeuralTextures_c23_051_332_frame_05.jpg,1,NeuralTextures
original_sequences_youtube_c23_938_frame_01.jpg,0,youtube
original_sequences_youtube_c23_023_frame_01.jpg,0,youtube
manipulated_sequences_Deepfakes_c23_653_601_frame_03.jpg,1,Deepfakes
manipulated_sequences_Face2Face_c23_412_274_frame_03.jpg,1,Face2Face
original_sequences_youtube_c23_596_frame_03.jpg,0,youtube
manipulated_sequences_NeuralTextures_c23_563_537_frame_02.jpg,1,NeuralTextures
manipulated_sequences_NeuralTextures_c23_490_534_frame_03.jpg,1,NeuralTextures
original_sequences_youtube_c23_465_frame_05.jpg,0,youtube
original_sequences_youtube_c23_504_frame_02.jpg,0,youtube
manipulated_sequences_Face2Face_c23_347_314_frame_01.jpg,1,Face2Face
original_sequences_youtube_c23_307_frame_05.jpg,0,youtube
original_sequences_youtube_c23_555_frame_04.jpg,0,youtube
original_sequences_youtube_c23_038_frame_02.jpg,0,youtube
original_sequences_youtube_c23_705_frame_04.jpg,0,youtube
manipulated_sequences_Face2Face_c23_813_700_frame_03.jpg,1,Face2Face
original_sequences_youtube_c23_751_frame_05.jpg,0,youtube
manipulated_sequences_FaceSwap_c23_035_036_frame_03.jpg,1,FaceSwap
original_sequences_youtube_c23_331_frame_01.jpg,0,youtube
original_sequences_youtube_c23_081_frame_04.jpg,0,youtube
manipulated_sequences_Face2Face_c23_596_609_frame_01.jpg,1,Face2Face
original_sequences_youtube_c23_123_frame_02.jpg,0,youtube
original_sequences_youtube_c23_351_frame_01.jpg,0,youtube
manipulated_sequences_FaceShifter_c23_843_859_frame_02.jpg,1,FaceShifter
original_sequences_youtube_c23_719_frame_04.jpg,0,youtube
original_sequences_youtube_c23_931_frame_04.jpg,0,youtube
manipulated_sequences_NeuralTextures_c23_197_224_frame_05.jpg,1,NeuralTextures
manipulated_sequences_Face2Face_c23_350_349_frame_01.jpg,1,Face2Face
original_sequences_youtube_c23_006_frame_03.jpg,0,youtube
manipulated_sequences_Face2Face_c23_167_166_frame_04.jpg,1,Face2Face
original_sequences_youtube_c23_137_frame_05.jpg,0,youtube
original_sequences_youtube_c23_314_frame_03.jpg,0,youtube
manipulated_sequences_FaceShifter_c23_541_523_frame_05.jpg,1,FaceShifter
original_sequences_youtube_c23_361_frame_02.jpg,0,youtube
original_sequences_youtube_c23_135_frame_03.jpg,0,youtube
manipulated_sequences_NeuralTextures_c23_830_828_frame_02.jpg,1,NeuralTextures
original_sequences_youtube_c23_098_frame_05.jpg,0,youtube
manipulated_sequences_FaceShifter_c23_149_152_frame_05.jpg,1,FaceShifter
manipulated_sequences_FaceShifter_c23_487_477_frame_01.jpg,1,FaceShifter
manipulated_sequences_FaceShifter_c23_145_299_frame_04.jpg,1,FaceShifter
original_sequences_youtube_c23_569_frame_04.jpg,0,youtube
manipulated_sequences_NeuralTextures_c23_018_019_frame_02.jpg,1,NeuralTextures
original_sequences_youtube_c23_651_frame_05.jpg,0,youtube
manipulated_sequences_NeuralTextures_c23_507_418_frame_01.jpg,1,NeuralTextures
manipulated_sequences_FaceShifter_c23_072_037_frame_03.jpg,1,FaceShifter
original_sequences_youtube_c23_771_frame_02.jpg,0,youtube
manipulated_sequences_NeuralTextures_c23_361_448_frame_05.jpg,1,NeuralTextures
manipulated_sequences_FaceShifter_c23_675_608_frame_04.jpg,1,FaceShifter
original_sequences_youtube_c23_194_frame_02.jpg,0,youtube
manipulated_sequences_Face2Face_c23_240_290_frame_04.jpg,1,Face2Face
manipulated_sequences_FaceShifter_c23_051_332_frame_05.jpg,1,FaceShifter
original_sequences_youtube_c23_309_frame_04.jpg,0,youtube
manipulated_sequences_Deepfakes_c23_827_817_frame_05.jpg,1,Deepfakes
manipulated_sequences_FaceSwap_c23_885_802_frame_05.jpg,1,FaceSwap
original_sequences_youtube_c23_232_frame_02.jpg,0,youtube
original_sequences_youtube_c23_589_frame_01.jpg,0,youtube
original_sequences_youtube_c23_386_frame_02.jpg,0,youtube
manipulated_sequences_Face2Face_c23_285_136_frame_03.jpg,1,Face2Face
original_sequences_youtube_c23_647_frame_04.jpg,0,youtube
original_sequences_youtube_c23_147_frame_03.jpg,0,youtube
manipulated_sequences_NeuralTextures_c23_520_542_frame_05.jpg,1,NeuralTextures
manipulated_sequences_Deepfakes_c23_011_805_frame_02.jpg,1,Deepfakes
original_sequences_youtube_c23_120_frame_01.jpg,0,youtube
manipulated_sequences_FaceShifter_c23_700_813_frame_02.jpg,1,FaceShifter
original_sequences_youtube_c23_837_frame_01.jpg,0,youtube
original_sequences_youtube_c23_287_frame_02.jpg,0,youtube
original_sequences_youtube_c23_138_frame_04.jpg,0,youtube
manipulated_sequences_NeuralTextures_c23_638_640_frame_03.jpg,1,NeuralTextures
manipulated_sequences_Face2Face_c23_071_054_frame_04.jpg,1,Face2Face
manipulated_sequences_Deepfakes_c23_570_624_frame_04.jpg,1,Deepfakes
manipulated_sequences_Face2Face_c23_727_729_frame_01.jpg,1,Face2Face
original_sequences_youtube_c23_879_frame_02.jpg,0,youtube
original_sequences_youtube_c23_740_frame_01.jpg,0,youtube
manipulated_sequences_Deepfakes_c23_984_967_frame_03.jpg,1,Deepfakes
original_sequences_youtube_c23_668_frame_03.jpg,0,youtube
original_sequences_youtube_c23_196_frame_05.jpg,0,youtube
manipulated_sequences_FaceShifter_c23_948_965_frame_04.jpg,1,FaceShifter
original_sequences_youtube_c23_216_frame_01.jpg,0,youtube
original_sequences_youtube_c23_083_frame_02.jpg,0,youtube
original_sequences_youtube_c23_647_frame_01.jpg,0,youtube
original_sequences_youtube_c23_896_frame_05.jpg,0,youtube
original_sequences_youtube_c23_097_frame_05.jpg,0,youtube
original_sequences_youtube_c23_481_frame_04.jpg,0,youtube
manipulated_sequences_Deepfakes_c23_366_473_frame_02.jpg,1,Deepfakes
manipulated_sequences_FaceShifter_c23_406_391_frame_01.jpg,1,FaceShifter
manipulated_sequences_FaceSwap_c23_914_899_frame_05.jpg,1,FaceSwap
original_sequences_youtube_c23_832_frame_01.jpg,0,youtube
manipulated_sequences_Deepfakes_c23_374_407_frame_04.jpg,1,Deepfakes
manipulated_sequences_FaceShifter_c23_505_600_frame_04.jpg,1,FaceShifter
original_sequences_youtube_c23_598_frame_01.jpg,0,youtube
manipulated_sequences_Deepfakes_c23_209_016_frame_03.jpg,1,Deepfakes
original_sequences_youtube_c23_989_frame_02.jpg,0,youtube
manipulated_sequences_FaceShifter_c23_653_601_frame_03.jpg,1,FaceShifter
original_sequences_youtube_c23_139_frame_01.jpg,0,youtube
original_sequences_youtube_c23_224_frame_04.jpg,0,youtube
original_sequences_youtube_c23_268_frame_01.jpg,0,youtube
manipulated_sequences_FaceSwap_c23_307_365_frame_01.jpg,1,FaceSwap
manipulated_sequences_Face2Face_c23_361_448_frame_05.jpg,1,Face2Face
original_sequences_youtube_c23_190_frame_05.jpg,0,youtube
original_sequences_youtube_c23_010_frame_03.jpg,0,youtube
original_sequences_youtube_c23_530_frame_01.jpg,0,youtube
original_sequences_youtube_c23_631_frame_01.jpg,0,youtube
original_sequences_youtube_c23_566_frame_01.jpg,0,youtube
manipulated_sequences_FaceSwap_c23_761_766_frame_03.jpg,1,FaceSwap
manipulated_sequences_Deepfakes_c23_060_088_frame_05.jpg,1,Deepfakes
manipulated_sequences_Deepfakes_c23_790_014_frame_03.jpg,1,Deepfakes
original_sequences_youtube_c23_422_frame_01.jpg,0,youtube
original_sequences_youtube_c23_329_frame_04.jpg,0,youtube
manipulated_sequences_Deepfakes_c23_872_873_frame_02.jpg,1,Deepfakes
original_sequences_youtube_c23_860_frame_03.jpg,0,youtube
manipulated_sequences_Face2Face_c23_267_286_frame_05.jpg,1,Face2Face
original_sequences_youtube_c23_316_frame_03.jpg,0,youtube
original_sequences_youtube_c23_270_frame_02.jpg,0,youtube
manipulated_sequences_Face2Face_c23_549_531_frame_03.jpg,1,Face2Face
original_sequences_youtube_c23_150_frame_01.jpg,0,youtube
manipulated_sequences_FaceSwap_c23_723_704_frame_03.jpg,1,FaceSwap
manipulated_sequences_Face2Face_c23_197_224_frame_03.jpg,1,Face2Face
manipulated_sequences_Deepfakes_c23_529_633_frame_04.jpg,1,Deepfakes
manipulated_sequences_Face2Face_c23_011_805_frame_02.jpg,1,Face2Face
manipulated_sequences_NeuralTextures_c23_791_770_frame_02.jpg,1,NeuralTextures
manipulated_sequences_Deepfakes_c23_769_784_frame_05.jpg,1,Deepfakes
original_sequences_youtube_c23_883_frame_01.jpg,0,youtube
manipulated_sequences_Face2Face_c23_408_424_frame_05.jpg,1,Face2Face
original_sequences_youtube_c23_481_frame_02.jpg,0,youtube
original_sequences_youtube_c23_383_frame_01.jpg,0,youtube
original_sequences_youtube_c23_343_frame_02.jpg,0,youtube
manipulated_sequences_FaceShifter_c23_746_571_frame_03.jpg,1,FaceShifter
original_sequences_youtube_c23_816_frame_02.jpg,0,youtube
manipulated_sequences_NeuralTextures_c23_099_295_frame_04.jpg,1,NeuralTextures
manipulated_sequences_FaceShifter_c23_863_853_frame_03.jpg,1,FaceShifter
original_sequences_youtube_c23_711_frame_01.jpg,0,youtube
manipulated_sequences_Face2Face_c23_326_501_frame_05.jpg,1,Face2Face
original_sequences_youtube_c23_688_frame_04.jpg,0,youtube
original_sequences_youtube_c23_003_frame_02.jpg,0,youtube
manipulated_sequences_Deepfakes_c23_881_856_frame_02.jpg,1,Deepfakes
original_sequences_youtube_c23_838_frame_04.jpg,0,youtube
original_sequences_youtube_c23_833_frame_01.jpg,0,youtube
original_sequences_youtube_c23_689_frame_05.jpg,0,youtube
manipulated_sequences_FaceSwap_c23_357_432_frame_01.jpg,1,FaceSwap
manipulated_sequences_Deepfakes_c23_527_454_frame_02.jpg,1,Deepfakes
original_sequences_youtube_c23_241_frame_03.jpg,0,youtube
original_sequences_youtube_c23_703_frame_05.jpg,0,youtube
original_sequences_youtube_c23_216_frame_05.jpg,0,youtube
original_sequences_youtube_c23_475_frame_01.jpg,0,youtube
original_sequences_youtube_c23_235_frame_04.jpg,0,youtube
original_sequences_youtube_c23_732_frame_05.jpg,0,youtube
original_sequences_youtube_c23_860_frame_02.jpg,0,youtube
original_sequences_youtube_c23_740_frame_03.jpg,0,youtube
manipulated_sequences_FaceShifter_c23_538_493_frame_01.jpg,1,FaceShifter
original_sequences_youtube_c23_951_frame_01.jpg,0,youtube
manipulated_sequences_Deepfakes_c23_554_572_frame_01.jpg,1,Deepfakes
manipulated_sequences_FaceShifter_c23_431_447_frame_03.jpg,1,FaceShifter
original_sequences_youtube_c23_189_frame_03.jpg,0,youtube
original_sequences_youtube_c23_410_frame_01.jpg,0,youtube
manipulated_sequences_FaceSwap_c23_487_477_frame_02.jpg,1,FaceSwap
manipulated_sequences_FaceSwap_c23_487_477_frame_01.jpg,1,FaceSwap
original_sequences_youtube_c23_865_frame_03.jpg,0,youtube
manipulated_sequences_FaceShifter_c23_902_901_frame_03.jpg,1,FaceShifter
manipulated_sequences_FaceSwap_c23_778_798_frame_04.jpg,1,FaceSwap
original_sequences_youtube_c23_601_frame_04.jpg,0,youtube
manipulated_sequences_Deepfakes_c23_646_643_frame_05.jpg,1,Deepfakes
manipulated_sequences_NeuralTextures_c23_489_022_frame_02.jpg,1,NeuralTextures
manipulated_sequences_Face2Face_c23_545_553_frame_04.jpg,1,Face2Face
original_sequences_youtube_c23_037_frame_02.jpg,0,youtube
manipulated_sequences_FaceSwap_c23_038_125_frame_01.jpg,1,FaceSwap
original_sequences_youtube_c23_484_frame_03.jpg,0,youtube
original_sequences_youtube_c23_242_frame_04.jpg,0,youtube
original_sequences_youtube_c23_723_frame_03.jpg,0,youtube
manipulated_sequences_FaceShifter_c23_533_450_frame_03.jpg,1,FaceShifter
manipulated_sequences_Face2Face_c23_264_271_frame_02.jpg,1,Face2Face
original_sequences_youtube_c23_984_frame_01.jpg,0,youtube
manipulated_sequences_Deepfakes_c23_482_465_frame_04.jpg,1,Deepfakes
original_sequences_youtube_c23_178_frame_03.jpg,0,youtube
original_sequences_youtube_c23_679_frame_03.jpg,0,youtube
original_sequences_youtube_c23_266_frame_01.jpg,0,youtube
original_sequences_youtube_c23_000_frame_01.jpg,0,youtube
original_sequences_youtube_c23_485_frame_03.jpg,0,youtube
manipulated_sequences_Deepfakes_c23_147_055_frame_04.jpg,1,Deepfakes
manipulated_sequences_FaceShifter_c23_313_283_frame_01.jpg,1,FaceShifter
original_sequences_youtube_c23_173_frame_02.jpg,0,youtube
original_sequences_youtube_c23_237_frame_02.jpg,0,youtube
original_sequences_youtube_c23_958_frame_01.jpg,0,youtube
manipulated_sequences_FaceSwap_c23_975_978_frame_04.jpg,1,FaceSwap
manipulated_sequences_FaceShifter_c23_834_852_frame_01.jpg,1,FaceShifter
original_sequences_youtube_c23_549_frame_03.jpg,0,youtube
original_sequences_youtube_c23_846_frame_01.jpg,0,youtube
original_sequences_youtube_c23_315_frame_01.jpg,0,youtube
manipulated_sequences_NeuralTextures_c23_167_166_frame_05.jpg,1,NeuralTextures
manipulated_sequences_NeuralTextures_c23_316_369_frame_04.jpg,1,NeuralTextures
original_sequences_youtube_c23_571_frame_02.jpg,0,youtube
manipulated_sequences_FaceShifter_c23_749_659_frame_02.jpg,1,FaceShifter
original_sequences_youtube_c23_386_frame_01.jpg,0,youtube
manipulated_sequences_FaceShifter_c23_772_708_frame_05.jpg,1,FaceShifter
manipulated_sequences_FaceShifter_c23_766_761_frame_01.jpg,1,FaceShifter
manipulated_sequences_FaceShifter_c23_808_829_frame_02.jpg,1,FaceShifter
original_sequences_youtube_c23_810_frame_01.jpg,0,youtube
original_sequences_youtube_c23_391_frame_02.jpg,0,youtube
original_sequences_youtube_c23_614_frame_04.jpg,0,youtube
manipulated_sequences_Deepfakes_c23_823_584_frame_02.jpg,1,Deepfakes
original_sequences_youtube_c23_412_frame_05.jpg,0,youtube
original_sequences_youtube_c23_285_frame_02.jpg,0,youtube
manipulated_sequences_FaceShifter_c23_452_550_frame_03.jpg,1,FaceShifter
manipulated_sequences_FaceShifter_c23_723_704_frame_02.jpg,1,FaceShifter
manipulated_sequences_FaceSwap_c23_707_705_frame_03.jpg,1,FaceSwap
original_sequences_youtube_c23_164_frame_01.jpg,0,youtube
original_sequences_youtube_c23_728_frame_05.jpg,0,youtube
manipulated_sequences_NeuralTextures_c23_424_408_frame_04.jpg,1,NeuralTextures
manipulated_sequences_Deepfakes_c23_116_091_frame_02.jpg,1,Deepfakes
original_sequences_youtube_c23_285_frame_05.jpg,0,youtube
original_sequences_youtube_c23_422_frame_05.jpg,0,youtube
manipulated_sequences_Face2Face_c23_736_785_frame_02.jpg,1,Face2Face
manipulated_sequences_Deepfakes_c23_075_977_frame_04.jpg,1,Deepfakes
original_sequences_youtube_c23_025_frame_02.jpg,0,youtube
manipulated_sequences_FaceShifter_c23_341_340_frame_02.jpg,1,FaceShifter
manipulated_sequences_NeuralTextures_c23_164_216_frame_01.jpg,1,NeuralTextures
manipulated_sequences_Face2Face_c23_215_208_frame_05.jpg,1,Face2Face
manipulated_sequences_FaceSwap_c23_513_305_frame_03.jpg,1,FaceSwap
manipulated_sequences_Face2Face_c23_424_408_frame_04.jpg,1,Face2Face
manipulated_sequences_NeuralTextures_c23_828_830_frame_05.jpg,1,NeuralTextures
manipulated_sequences_NeuralTextures_c23_813_700_frame_02.jpg,1,NeuralTextures
manipulated_sequences_FaceSwap_c23_506_478_frame_01.jpg,1,FaceSwap
original_sequences_youtube_c23_988_frame_02.jpg,0,youtube
original_sequences_youtube_c23_613_frame_02.jpg,0,youtube
manipulated_sequences_FaceSwap_c23_791_770_frame_04.jpg,1,FaceSwap
original_sequences_youtube_c23_968_frame_05.jpg,0,youtube
manipulated_sequences_FaceSwap_c23_824_419_frame_03.jpg,1,FaceSwap
original_sequences_youtube_c23_076_frame_04.jpg,0,youtube
original_sequences_youtube_c23_185_frame_03.jpg,0,youtube
manipulated_sequences_Face2Face_c23_708_772_frame_04.jpg,1,Face2Face
original_sequences_youtube_c23_731_frame_05.jpg,0,youtube
original_sequences_youtube_c23_743_frame_04.jpg,0,youtube
manipulated_sequences_FaceShifter_c23_968_884_frame_02.jpg,1,FaceShifter
original_sequences_youtube_c23_648_frame_02.jpg,0,youtube
original_sequences_youtube_c23_205_frame_01.jpg,0,youtube
manipulated_sequences_FaceShifter_c23_885_802_frame_05.jpg,1,FaceShifter
manipulated_sequences_Face2Face_c23_455_471_frame_04.jpg,1,Face2Face
manipulated_sequences_NeuralTextures_c23_681_711_frame_02.jpg,1,NeuralTextures
manipulated_sequences_FaceSwap_c23_982_004_frame_01.jpg,1,FaceSwap
manipulated_sequences_Deepfakes_c23_996_056_frame_05.jpg,1,Deepfakes
original_sequences_youtube_c23_269_frame_04.jpg,0,youtube
original_sequences_youtube_c23_536_frame_05.jpg,0,youtube
original_sequences_youtube_c23_147_frame_05.jpg,0,youtube
manipulated_sequences_NeuralTextures_c23_877_886_frame_02.jpg,1,NeuralTextures
manipulated_sequences_Face2Face_c23_513_305_frame_03.jpg,1,Face2Face
manipulated_sequences_NeuralTextures_c23_861_858_frame_05.jpg,1,NeuralTextures
original_sequences_youtube_c23_259_frame_02.jpg,0,youtube
original_sequences_youtube_c23_815_frame_01.jpg,0,youtube
original_sequences_youtube_c23_591_frame_01.jpg,0,youtube
original_sequences_youtube_c23_631_frame_02.jpg,0,youtube
manipulated_sequences_Face2Face_c23_830_828_frame_02.jpg,1,Face2Face
manipulated_sequences_Deepfakes_c23_777_745_frame_03.jpg,1,Deepfakes
original_sequences_youtube_c23_224_frame_03.jpg,0,youtube
manipulated_sequences_Face2Face_c23_937_888_frame_05.jpg,1,Face2Face
original_sequences_youtube_c23_674_frame_01.jpg,0,youtube
manipulated_sequences_FaceShifter_c23_559_543_frame_02.jpg,1,FaceShifter
original_sequences_youtube_c23_622_frame_02.jpg,0,youtube
original_sequences_youtube_c23_108_frame_02.jpg,0,youtube
original_sequences_youtube_c23_405_frame_05.jpg,0,youtube
original_sequences_youtube_c23_066_frame_05.jpg,0,youtube
manipulated_sequences_FaceShifter_c23_503_756_frame_04.jpg,1,FaceShifter
original_sequences_youtube_c23_894_frame_03.jpg,0,youtube
manipulated_sequences_Deepfakes_c23_986_994_frame_04.jpg,1,Deepfakes
original_sequences_youtube_c23_018_frame_05.jpg,0,youtube
original_sequences_youtube_c23_384_frame_01.jpg,0,youtube
manipulated_sequences_FaceShifter_c23_866_878_frame_05.jpg,1,FaceShifter
manipulated_sequences_Face2Face_c23_723_704_frame_05.jpg,1,Face2Face
original_sequences_youtube_c23_226_frame_02.jpg,0,youtube
original_sequences_youtube_c23_880_frame_02.jpg,0,youtube
original_sequences_youtube_c23_609_frame_01.jpg,0,youtube
original_sequences_youtube_c23_811_frame_05.jpg,0,youtube
original_sequences_youtube_c23_951_frame_04.jpg,0,youtube
manipulated_sequences_Face2Face_c23_623_630_frame_03.jpg,1,Face2Face
original_sequences_youtube_c23_324_frame_05.jpg,0,youtube
original_sequences_youtube_c23_257_frame_02.jpg,0,youtube
original_sequences_youtube_c23_380_frame_04.jpg,0,youtube
manipulated_sequences_Deepfakes_c23_828_830_frame_05.jpg,1,Deepfakes
original_sequences_youtube_c23_256_frame_02.jpg,0,youtube
manipulated_sequences_Deepfakes_c23_179_212_frame_03.jpg,1,Deepfakes
manipulated_sequences_NeuralTextures_c23_087_081_frame_04.jpg,1,NeuralTextures
original_sequences_youtube_c23_365_frame_02.jpg,0,youtube
manipulated_sequences_FaceSwap_c23_655_444_frame_02.jpg,1,FaceSwap
manipulated_sequences_Face2Face_c23_990_008_frame_01.jpg,1,Face2Face
manipulated_sequences_NeuralTextures_c23_959_957_frame_02.jpg,1,NeuralTextures
manipulated_sequences_Face2Face_c23_769_784_frame_02.jpg,1,Face2Face
original_sequences_youtube_c23_218_frame_02.jpg,0,youtube
original_sequences_youtube_c23_777_frame_01.jpg,0,youtube
original_sequences_youtube_c23_055_frame_04.jpg,0,youtube
manipulated_sequences_FaceSwap_c23_749_659_frame_02.jpg,1,FaceSwap
original_sequences_youtube_c23_007_frame_02.jpg,0,youtube
original_sequences_youtube_c23_238_frame_03.jpg,0,youtube
original_sequences_youtube_c23_873_frame_05.jpg,0,youtube
manipulated_sequences_NeuralTextures_c23_024_073_frame_04.jpg,1,NeuralTextures
manipulated_sequences_FaceShifter_c23_785_736_frame_02.jpg,1,FaceShifter
original_sequences_youtube_c23_238_frame_05.jpg,0,youtube
original_sequences_youtube_c23_566_frame_03.jpg,0,youtube
manipulated_sequences_NeuralTextures_c23_098_092_frame_02.jpg,1,NeuralTextures
manipulated_sequences_NeuralTextures_c23_999_960_frame_02.jpg,1,NeuralTextures
original_sequences_youtube_c23_261_frame_01.jpg,0,youtube
original_sequences_youtube_c23_180_frame_04.jpg,0,youtube
original_sequences_youtube_c23_388_frame_05.jpg,0,youtube
manipulated_sequences_FaceShifter_c23_116_091_frame_01.jpg,1,FaceShifter
manipulated_sequences_NeuralTextures_c23_826_833_frame_05.jpg,1,NeuralTextures
manipulated_sequences_NeuralTextures_c23_234_187_frame_04.jpg,1,NeuralTextures
manipulated_sequences_FaceShifter_c23_032_944_frame_03.jpg,1,FaceShifter
original_sequences_youtube_c23_864_frame_05.jpg,0,youtube
manipulated_sequences_Deepfakes_c23_039_058_frame_02.jpg,1,Deepfakes
original_sequences_youtube_c23_520_frame_01.jpg,0,youtube
manipulated_sequences_FaceSwap_c23_194_235_frame_03.jpg,1,FaceSwap
manipulated_sequences_Face2Face_c23_069_961_frame_01.jpg,1,Face2Face
manipulated_sequences_FaceShifter_c23_358_380_frame_02.jpg,1,FaceShifter
original_sequences_youtube_c23_162_frame_01.jpg,0,youtube
manipulated_sequences_FaceSwap_c23_418_507_frame_05.jpg,1,FaceSwap
manipulated_sequences_FaceShifter_c23_782_787_frame_02.jpg,1,FaceShifter
manipulated_sequences_Face2Face_c23_885_802_frame_05.jpg,1,Face2Face
original_sequences_youtube_c23_050_frame_01.jpg,0,youtube
original_sequences_youtube_c23_043_frame_02.jpg,0,youtube
original_sequences_youtube_c23_483_frame_03.jpg,0,youtube
manipulated_sequences_FaceSwap_c23_815_730_frame_03.jpg,1,FaceSwap
original_sequences_youtube_c23_622_frame_03.jpg,0,youtube
original_sequences_youtube_c23_357_frame_03.jpg,0,youtube
original_sequences_youtube_c23_559_frame_03.jpg,0,youtube
original_sequences_youtube_c23_998_frame_02.jpg,0,youtube
original_sequences_youtube_c23_142_frame_04.jpg,0,youtube
original_sequences_youtube_c23_483_frame_04.jpg,0,youtube
manipulated_sequences_Deepfakes_c23_781_806_frame_01.jpg,1,Deepfakes
original_sequences_youtube_c23_788_frame_01.jpg,0,youtube
original_sequences_youtube_c23_515_frame_05.jpg,0,youtube
manipulated_sequences_Face2Face_c23_768_793_frame_03.jpg,1,Face2Face
manipulated_sequences_Deepfakes_c23_467_462_frame_03.jpg,1,Deepfakes
original_sequences_youtube_c23_277_frame_02.jpg,0,youtube
manipulated_sequences_Deepfakes_c23_489_022_frame_03.jpg,1,Deepfakes
manipulated_sequences_Face2Face_c23_067_025_frame_05.jpg,1,Face2Face
manipulated_sequences_FaceSwap_c23_280_249_frame_02.jpg,1,FaceSwap
manipulated_sequences_Face2Face_c23_901_902_frame_02.jpg,1,Face2Face
original_sequences_youtube_c23_922_frame_04.jpg,0,youtube
manipulated_sequences_Deepfakes_c23_690_689_frame_05.jpg,1,Deepfakes
original_sequences_youtube_c23_811_frame_01.jpg,0,youtube
original_sequences_youtube_c23_031_frame_01.jpg,0,youtube
original_sequences_youtube_c23_339_frame_02.jpg,0,youtube
manipulated_sequences_FaceShifter_c23_442_195_frame_04.jpg,1,FaceShifter
manipulated_sequences_NeuralTextures_c23_810_838_frame_03.jpg,1,NeuralTextures
manipulated_sequences_FaceShifter_c23_317_359_frame_04.jpg,1,FaceShifter
original_sequences_youtube_c23_068_frame_02.jpg,0,youtube
original_sequences_youtube_c23_962_frame_05.jpg,0,youtube
original_sequences_youtube_c23_708_frame_05.jpg,0,youtube
original_sequences_youtube_c23_670_frame_05.jpg,0,youtube
manipulated_sequences_FaceSwap_c23_965_948_frame_02.jpg,1,FaceSwap
manipulated_sequences_FaceSwap_c23_005_010_frame_03.jpg,1,FaceSwap
original_sequences_youtube_c23_558_frame_02.jpg,0,youtube
original_sequences_youtube_c23_835_frame_01.jpg,0,youtube
manipulated_sequences_Deepfakes_c23_483_370_frame_02.jpg,1,Deepfakes
original_sequences_youtube_c23_784_frame_01.jpg,0,youtube
original_sequences_youtube_c23_622_frame_05.jpg,0,youtube
original_sequences_youtube_c23_084_frame_03.jpg,0,youtube
manipulated_sequences_Deepfakes_c23_373_394_frame_03.jpg,1,Deepfakes
manipulated_sequences_NeuralTextures_c23_690_689_frame_02.jpg,1,NeuralTextures
original_sequences_youtube_c23_091_frame_02.jpg,0,youtube
original_sequences_youtube_c23_519_frame_02.jpg,0,youtube
original_sequences_youtube_c23_417_frame_02.jpg,0,youtube
manipulated_sequences_Face2Face_c23_406_391_frame_04.jpg,1,Face2Face
manipulated_sequences_Face2Face_c23_138_142_frame_05.jpg,1,Face2Face
original_sequences_youtube_c23_494_frame_04.jpg,0,youtube
manipulated_sequences_Deepfakes_c23_342_416_frame_05.jpg,1,Deepfakes
manipulated_sequences_FaceShifter_c23_077_100_frame_05.jpg,1,FaceShifter
manipulated_sequences_Deepfakes_c23_050_059_frame_05.jpg,1,Deepfakes
manipulated_sequences_FaceShifter_c23_960_999_frame_05.jpg,1,FaceShifter
manipulated_sequences_FaceSwap_c23_645_688_frame_01.jpg,1,FaceSwap
manipulated_sequences_FaceSwap_c23_018_019_frame_03.jpg,1,FaceSwap
original_sequences_youtube_c23_857_frame_04.jpg,0,youtube
manipulated_sequences_FaceSwap_c23_696_686_frame_05.jpg,1,FaceSwap
manipulated_sequences_Face2Face_c23_281_474_frame_04.jpg,1,Face2Face
manipulated_sequences_Face2Face_c23_671_677_frame_03.jpg,1,Face2Face
original_sequences_youtube_c23_808_frame_02.jpg,0,youtube
original_sequences_youtube_c23_121_frame_05.jpg,0,youtube
original_sequences_youtube_c23_702_frame_03.jpg,0,youtube
manipulated_sequences_FaceSwap_c23_355_748_frame_05.jpg,1,FaceSwap
original_sequences_youtube_c23_469_frame_03.jpg,0,youtube
manipulated_sequences_NeuralTextures_c23_051_332_frame_03.jpg,1,NeuralTextures
original_sequences_youtube_c23_777_frame_03.jpg,0,youtube
manipulated_sequences_FaceSwap_c23_078_955_frame_05.jpg,1,FaceSwap
manipulated_sequences_NeuralTextures_c23_120_118_frame_02.jpg,1,NeuralTextures
manipulated_sequences_Deepfakes_c23_442_195_frame_04.jpg,1,Deepfakes
manipulated_sequences_NeuralTextures_c23_472_511_frame_04.jpg,1,NeuralTextures
original_sequences_youtube_c23_892_frame_01.jpg,0,youtube
manipulated_sequences_FaceSwap_c23_488_399_frame_04.jpg,1,FaceSwap
manipulated_sequences_Face2Face_c23_714_842_frame_04.jpg,1,Face2Face
manipulated_sequences_Face2Face_c23_843_859_frame_02.jpg,1,Face2Face
original_sequences_youtube_c23_098_frame_01.jpg,0,youtube
manipulated_sequences_Face2Face_c23_278_306_frame_05.jpg,1,Face2Face
original_sequences_youtube_c23_161_frame_02.jpg,0,youtube
original_sequences_youtube_c23_003_frame_03.jpg,0,youtube
manipulated_sequences_FaceSwap_c23_847_906_frame_04.jpg,1,FaceSwap
original_sequences_youtube_c23_372_frame_03.jpg,0,youtube
manipulated_sequences_FaceShifter_c23_038_125_frame_01.jpg,1,FaceShifter
original_sequences_youtube_c23_860_frame_01.jpg,0,youtube
manipulated_sequences_FaceSwap_c23_022_489_frame_03.jpg,1,FaceSwap
original_sequences_youtube_c23_944_frame_04.jpg,0,youtube
original_sequences_youtube_c23_586_frame_02.jpg,0,youtube
manipulated_sequences_FaceSwap_c23_752_751_frame_04.jpg,1,FaceSwap
manipulated_sequences_FaceShifter_c23_696_686_frame_02.jpg,1,FaceShifter
original_sequences_youtube_c23_584_frame_03.jpg,0,youtube
original_sequences_youtube_c23_711_frame_05.jpg,0,youtube
original_sequences_youtube_c23_342_frame_03.jpg,0,youtube
original_sequences_youtube_c23_774_frame_05.jpg,0,youtube
manipulated_sequences_Face2Face_c23_149_152_frame_05.jpg,1,Face2Face
manipulated_sequences_Deepfakes_c23_197_224_frame_05.jpg,1,Deepfakes
manipulated_sequences_NeuralTextures_c23_165_137_frame_04.jpg,1,NeuralTextures
manipulated_sequences_NeuralTextures_c23_200_189_frame_05.jpg,1,NeuralTextures
manipulated_sequences_NeuralTextures_c23_487_477_frame_01.jpg,1,NeuralTextures
original_sequences_youtube_c23_654_frame_04.jpg,0,youtube
original_sequences_youtube_c23_858_frame_01.jpg,0,youtube
manipulated_sequences_FaceShifter_c23_572_554_frame_02.jpg,1,FaceShifter
manipulated_sequences_NeuralTextures_c23_111_094_frame_03.jpg,1,NeuralTextures
original_sequences_youtube_c23_124_frame_03.jpg,0,youtube
manipulated_sequences_FaceShifter_c23_784_769_frame_03.jpg,1,FaceShifter
original_sequences_youtube_c23_191_frame_03.jpg,0,youtube
manipulated_sequences_FaceShifter_c23_031_163_frame_01.jpg,1,FaceShifter
original_sequences_youtube_c23_514_frame_01.jpg,0,youtube
original_sequences_youtube_c23_482_frame_01.jpg,0,youtube
manipulated_sequences_Deepfakes_c23_211_177_frame_01.jpg,1,Deepfakes
manipulated_sequences_FaceSwap_c23_810_838_frame_02.jpg,1,FaceSwap
manipulated_sequences_FaceShifter_c23_352_319_frame_04.jpg,1,FaceShifter
original_sequences_youtube_c23_184_frame_03.jpg,0,youtube
manipulated_sequences_FaceShifter_c23_931_936_frame_05.jpg,1,FaceShifter
manipulated_sequences_FaceSwap_c23_167_166_frame_05.jpg,1,FaceSwap
original_sequences_youtube_c23_354_frame_05.jpg,0,youtube
original_sequences_youtube_c23_695_frame_04.jpg,0,youtube
manipulated_sequences_FaceShifter_c23_271_264_frame_02.jpg,1,FaceShifter
original_sequences_youtube_c23_996_frame_04.jpg,0,youtube
original_sequences_youtube_c23_526_frame_04.jpg,0,youtube
manipulated_sequences_Face2Face_c23_117_217_frame_04.jpg,1,Face2Face
original_sequences_youtube_c23_512_frame_04.jpg,0,youtube
original_sequences_youtube_c23_376_frame_05.jpg,0,youtube
manipulated_sequences_FaceShifter_c23_545_553_frame_02.jpg,1,FaceShifter
original_sequences_youtube_c23_214_frame_05.jpg,0,youtube
manipulated_sequences_FaceSwap_c23_651_835_frame_03.jpg,1,FaceSwap
manipulated_sequences_Deepfakes_c23_711_681_frame_05.jpg,1,Deepfakes
original_sequences_youtube_c23_937_frame_01.jpg,0,youtube
original_sequences_youtube_c23_376_frame_02.jpg,0,youtube
original_sequences_youtube_c23_974_frame_01.jpg,0,youtube
original_sequences_youtube_c23_506_frame_04.jpg,0,youtube
original_sequences_youtube_c23_611_frame_02.jpg,0,youtube
manipulated_sequences_Face2Face_c23_444_655_frame_03.jpg,1,Face2Face
manipulated_sequences_FaceSwap_c23_031_163_frame_04.jpg,1,FaceSwap
original_sequences_youtube_c23_514_frame_04.jpg,0,youtube
original_sequences_youtube_c23_077_frame_03.jpg,0,youtube
original_sequences_youtube_c23_731_frame_02.jpg,0,youtube
original_sequences_youtube_c23_036_frame_05.jpg,0,youtube
manipulated_sequences_NeuralTextures_c23_134_192_frame_05.jpg,1,NeuralTextures
original_sequences_youtube_c23_654_frame_03.jpg,0,youtube
original_sequences_youtube_c23_829_frame_03.jpg,0,youtube
original_sequences_youtube_c23_759_frame_01.jpg,0,youtube
original_sequences_youtube_c23_146_frame_01.jpg,0,youtube
original_sequences_youtube_c23_739_frame_04.jpg,0,youtube
manipulated_sequences_NeuralTextures_c23_127_129_frame_05.jpg,1,NeuralTextures
manipulated_sequences_Deepfakes_c23_261_254_frame_05.jpg,1,Deepfakes
manipulated_sequences_Deepfakes_c23_329_327_frame_05.jpg,1,Deepfakes
original_sequences_youtube_c23_565_frame_01.jpg,0,youtube
manipulated_sequences_Face2Face_c23_137_165_frame_01.jpg,1,Face2Face
manipulated_sequences_FaceShifter_c23_824_419_frame_03.jpg,1,FaceShifter
manipulated_sequences_FaceSwap_c23_583_558_frame_03.jpg,1,FaceSwap
manipulated_sequences_Face2Face_c23_984_967_frame_03.jpg,1,Face2Face
original_sequences_youtube_c23_858_frame_03.jpg,0,youtube
original_sequences_youtube_c23_766_frame_04.jpg,0,youtube
original_sequences_youtube_c23_758_frame_01.jpg,0,youtube
original_sequences_youtube_c23_750_frame_04.jpg,0,youtube
original_sequences_youtube_c23_629_frame_04.jpg,0,youtube
manipulated_sequences_FaceShifter_c23_813_700_frame_03.jpg,1,FaceShifter
original_sequences_youtube_c23_242_frame_05.jpg,0,youtube
manipulated_sequences_FaceSwap_c23_884_968_frame_03.jpg,1,FaceSwap
manipulated_sequences_FaceSwap_c23_241_210_frame_05.jpg,1,FaceSwap
manipulated_sequences_FaceShifter_c23_468_470_frame_05.jpg,1,FaceShifter
original_sequences_youtube_c23_960_frame_05.jpg,0,youtube
manipulated_sequences_FaceShifter_c23_745_777_frame_05.jpg,1,FaceShifter
manipulated_sequences_NeuralTextures_c23_519_515_frame_02.jpg,1,NeuralTextures
manipulated_sequences_Deepfakes_c23_785_736_frame_03.jpg,1,Deepfakes
original_sequences_youtube_c23_230_frame_02.jpg,0,youtube
original_sequences_youtube_c23_463_frame_05.jpg,0,youtube
manipulated_sequences_Deepfakes_c23_012_026_frame_03.jpg,1,Deepfakes
original_sequences_youtube_c23_271_frame_01.jpg,0,youtube
manipulated_sequences_FaceShifter_c23_098_092_frame_02.jpg,1,FaceShifter
manipulated_sequences_FaceShifter_c23_685_613_frame_02.jpg,1,FaceShifter
manipulated_sequences_NeuralTextures_c23_481_469_frame_03.jpg,1,NeuralTextures
manipulated_sequences_FaceSwap_c23_420_257_frame_01.jpg,1,FaceSwap
manipulated_sequences_Deepfakes_c23_898_922_frame_03.jpg,1,Deepfakes
manipulated_sequences_NeuralTextures_c23_167_166_frame_04.jpg,1,NeuralTextures
original_sequences_youtube_c23_078_frame_02.jpg,0,youtube
manipulated_sequences_FaceShifter_c23_212_179_frame_03.jpg,1,FaceShifter
original_sequences_youtube_c23_366_frame_05.jpg,0,youtube
manipulated_sequences_FaceSwap_c23_431_447_frame_04.jpg,1,FaceSwap
original_sequences_youtube_c23_612_frame_05.jpg,0,youtube
manipulated_sequences_Deepfakes_c23_059_050_frame_02.jpg,1,Deepfakes
original_sequences_youtube_c23_317_frame_02.jpg,0,youtube
original_sequences_youtube_c23_121_frame_04.jpg,0,youtube
manipulated_sequences_Face2Face_c23_700_813_frame_02.jpg,1,Face2Face
original_sequences_youtube_c23_505_frame_03.jpg,0,youtube
manipulated_sequences_NeuralTextures_c23_053_095_frame_05.jpg,1,NeuralTextures
manipulated_sequences_FaceShifter_c23_622_647_frame_01.jpg,1,FaceShifter
manipulated_sequences_Face2Face_c23_210_241_frame_04.jpg,1,Face2Face
manipulated_sequences_FaceShifter_c23_755_759_frame_04.jpg,1,FaceShifter
original_sequences_youtube_c23_638_frame_05.jpg,0,youtube
manipulated_sequences_FaceSwap_c23_931_936_frame_02.jpg,1,FaceSwap
manipulated_sequences_NeuralTextures_c23_162_330_frame_03.jpg,1,NeuralTextures
manipulated_sequences_FaceSwap_c23_784_769_frame_02.jpg,1,FaceSwap
manipulated_sequences_FaceShifter_c23_087_081_frame_04.jpg,1,FaceShifter
manipulated_sequences_Face2Face_c23_741_731_frame_03.jpg,1,Face2Face
manipulated_sequences_NeuralTextures_c23_635_642_frame_01.jpg,1,NeuralTextures
original_sequences_youtube_c23_356_frame_05.jpg,0,youtube
original_sequences_youtube_c23_040_frame_03.jpg,0,youtube
manipulated_sequences_FaceSwap_c23_264_271_frame_02.jpg,1,FaceSwap
original_sequences_youtube_c23_900_frame_05.jpg,0,youtube
original_sequences_youtube_c23_729_frame_01.jpg,0,youtube
original_sequences_youtube_c23_283_frame_01.jpg,0,youtube
original_sequences_youtube_c23_828_frame_05.jpg,0,youtube
original_sequences_youtube_c23_410_frame_04.jpg,0,youtube
original_sequences_youtube_c23_470_frame_04.jpg,0,youtube
manipulated_sequences_Deepfakes_c23_433_498_frame_03.jpg,1,Deepfakes
original_sequences_youtube_c23_455_frame_03.jpg,0,youtube
original_sequences_youtube_c23_935_frame_03.jpg,0,youtube
manipulated_sequences_Deepfakes_c23_221_206_frame_04.jpg,1,Deepfakes
original_sequences_youtube_c23_814_frame_03.jpg,0,youtube
original_sequences_youtube_c23_018_frame_04.jpg,0,youtube
original_sequences_youtube_c23_069_frame_02.jpg,0,youtube
original_sequences_youtube_c23_822_frame_03.jpg,0,youtube
original_sequences_youtube_c23_730_frame_04.jpg,0,youtube
original_sequences_youtube_c23_110_frame_04.jpg,0,youtube
manipulated_sequences_FaceSwap_c23_507_418_frame_03.jpg,1,FaceSwap
original_sequences_youtube_c23_336_frame_01.jpg,0,youtube
manipulated_sequences_Face2Face_c23_483_370_frame_01.jpg,1,Face2Face
manipulated_sequences_NeuralTextures_c23_623_630_frame_01.jpg,1,NeuralTextures
original_sequences_youtube_c23_195_frame_04.jpg,0,youtube
original_sequences_youtube_c23_979_frame_03.jpg,0,youtube
manipulated_sequences_FaceSwap_c23_234_187_frame_04.jpg,1,FaceSwap
manipulated_sequences_NeuralTextures_c23_326_501_frame_03.jpg,1,NeuralTextures
original_sequences_youtube_c23_814_frame_02.jpg,0,youtube
manipulated_sequences_NeuralTextures_c23_369_316_frame_05.jpg,1,NeuralTextures
manipulated_sequences_FaceShifter_c23_113_983_frame_03.jpg,1,FaceShifter
manipulated_sequences_NeuralTextures_c23_171_173_frame_04.jpg,1,NeuralTextures
manipulated_sequences_FaceSwap_c23_231_663_frame_01.jpg,1,FaceSwap
original_sequences_youtube_c23_306_frame_01.jpg,0,youtube
manipulated_sequences_FaceShifter_c23_093_121_frame_05.jpg,1,FaceShifter
manipulated_sequences_Face2Face_c23_192_134_frame_05.jpg,1,Face2Face
original_sequences_youtube_c23_962_frame_04.jpg,0,youtube
original_sequences_youtube_c23_053_frame_01.jpg,0,youtube
manipulated_sequences_FaceShifter_c23_078_955_frame_05.jpg,1,FaceShifter
manipulated_sequences_FaceShifter_c23_301_262_frame_03.jpg,1,FaceShifter
manipulated_sequences_Deepfakes_c23_873_872_frame_03.jpg,1,Deepfakes
manipulated_sequences_NeuralTextures_c23_885_802_frame_05.jpg,1,NeuralTextures
manipulated_sequences_FaceSwap_c23_295_099_frame_02.jpg,1,FaceSwap
original_sequences_youtube_c23_095_frame_05.jpg,0,youtube
original_sequences_youtube_c23_963_frame_02.jpg,0,youtube
manipulated_sequences_Deepfakes_c23_391_406_frame_01.jpg,1,Deepfakes
original_sequences_youtube_c23_905_frame_03.jpg,0,youtube
original_sequences_youtube_c23_110_frame_01.jpg,0,youtube
manipulated_sequences_Deepfakes_c23_689_690_frame_01.jpg,1,Deepfakes
manipulated_sequences_Face2Face_c23_456_435_frame_05.jpg,1,Face2Face
manipulated_sequences_FaceShifter_c23_317_359_frame_03.jpg,1,FaceShifter
manipulated_sequences_FaceSwap_c23_881_856_frame_05.jpg,1,FaceSwap
manipulated_sequences_Face2Face_c23_874_291_frame_02.jpg,1,Face2Face
original_sequences_youtube_c23_662_frame_05.jpg,0,youtube
manipulated_sequences_NeuralTextures_c23_375_251_frame_04.jpg,1,NeuralTextures
manipulated_sequences_Face2Face_c23_116_091_frame_01.jpg,1,Face2Face
manipulated_sequences_FaceShifter_c23_285_136_frame_03.jpg,1,FaceShifter
manipulated_sequences_FaceShifter_c23_393_405_frame_01.jpg,1,FaceShifter
manipulated_sequences_NeuralTextures_c23_083_213_frame_04.jpg,1,NeuralTextures
manipulated_sequences_FaceShifter_c23_489_022_frame_01.jpg,1,FaceShifter
manipulated_sequences_Face2Face_c23_834_852_frame_02.jpg,1,Face2Face
original_sequences_youtube_c23_426_frame_05.jpg,0,youtube
manipulated_sequences_Deepfakes_c23_143_140_frame_04.jpg,1,Deepfakes
original_sequences_youtube_c23_167_frame_02.jpg,0,youtube
original_sequences_youtube_c23_430_frame_04.jpg,0,youtube
original_sequences_youtube_c23_975_frame_03.jpg,0,youtube
manipulated_sequences_FaceSwap_c23_623_630_frame_03.jpg,1,FaceSwap
original_sequences_youtube_c23_357_frame_04.jpg,0,youtube
manipulated_sequences_Face2Face_c23_307_365_frame_04.jpg,1,Face2Face
original_sequences_youtube_c23_759_frame_03.jpg,0,youtube
original_sequences_youtube_c23_414_frame_02.jpg,0,youtube
manipulated_sequences_Face2Face_c23_601_653_frame_02.jpg,1,Face2Face
original_sequences_youtube_c23_075_frame_01.jpg,0,youtube
manipulated_sequences_Face2Face_c23_320_328_frame_01.jpg,1,Face2Face
manipulated_sequences_NeuralTextures_c23_927_912_frame_01.jpg,1,NeuralTextures
original_sequences_youtube_c23_522_frame_03.jpg,0,youtube
original_sequences_youtube_c23_156_frame_05.jpg,0,youtube
original_sequences_youtube_c23_732_frame_01.jpg,0,youtube
manipulated_sequences_FaceSwap_c23_862_047_frame_02.jpg,1,FaceSwap
original_sequences_youtube_c23_080_frame_05.jpg,0,youtube
manipulated_sequences_Deepfakes_c23_437_360_frame_01.jpg,1,Deepfakes
manipulated_sequences_Face2Face_c23_283_313_frame_02.jpg,1,Face2Face
original_sequences_youtube_c23_834_frame_03.jpg,0,youtube
original_sequences_youtube_c23_745_frame_05.jpg,0,youtube
manipulated_sequences_Deepfakes_c23_508_831_frame_01.jpg,1,Deepfakes
manipulated_sequences_NeuralTextures_c23_092_098_frame_03.jpg,1,NeuralTextures
original_sequences_youtube_c23_039_frame_03.jpg,0,youtube
manipulated_sequences_NeuralTextures_c23_525_509_frame_03.jpg,1,NeuralTextures
original_sequences_youtube_c23_374_frame_05.jpg,0,youtube
manipulated_sequences_Deepfakes_c23_834_852_frame_02.jpg,1,Deepfakes
manipulated_sequences_FaceShifter_c23_210_241_frame_04.jpg,1,FaceShifter
manipulated_sequences_FaceSwap_c23_374_407_frame_01.jpg,1,FaceSwap
original_sequences_youtube_c23_560_frame_03.jpg,0,youtube
original_sequences_youtube_c23_722_frame_03.jpg,0,youtube
manipulated_sequences_Deepfakes_c23_813_700_frame_02.jpg,1,Deepfakes
original_sequences_youtube_c23_617_frame_01.jpg,0,youtube
original_sequences_youtube_c23_136_frame_01.jpg,0,youtube
manipulated_sequences_Face2Face_c23_212_179_frame_04.jpg,1,Face2Face
manipulated_sequences_Deepfakes_c23_134_192_frame_01.jpg,1,Deepfakes
manipulated_sequences_FaceSwap_c23_216_164_frame_04.jpg,1,FaceSwap
manipulated_sequences_FaceShifter_c23_279_298_frame_03.jpg,1,FaceShifter
manipulated_sequences_NeuralTextures_c23_957_959_frame_02.jpg,1,NeuralTextures
original_sequences_youtube_c23_619_frame_01.jpg,0,youtube
original_sequences_youtube_c23_058_frame_01.jpg,0,youtube
original_sequences_youtube_c23_187_frame_03.jpg,0,youtube
original_sequences_youtube_c23_210_frame_02.jpg,0,youtube
original_sequences_youtube_c23_812_frame_04.jpg,0,youtube
manipulated_sequences_Face2Face_c23_920_811_frame_05.jpg,1,Face2Face
original_sequences_youtube_c23_387_frame_01.jpg,0,youtube
manipulated_sequences_FaceShifter_c23_779_794_frame_03.jpg,1,FaceShifter
manipulated_sequences_NeuralTextures_c23_886_877_frame_03.jpg,1,NeuralTextures
manipulated_sequences_FaceSwap_c23_191_188_frame_05.jpg,1,FaceSwap
manipulated_sequences_NeuralTextures_c23_720_672_frame_04.jpg,1,NeuralTextures
manipulated_sequences_FaceSwap_c23_162_330_frame_03.jpg,1,FaceSwap
original_sequences_youtube_c23_467_frame_03.jpg,0,youtube
original_sequences_youtube_c23_528_frame_01.jpg,0,youtube
manipulated_sequences_NeuralTextures_c23_586_223_frame_04.jpg,1,NeuralTextures
manipulated_sequences_FaceShifter_c23_530_594_frame_04.jpg,1,FaceShifter
original_sequences_youtube_c23_338_frame_05.jpg,0,youtube
original_sequences_youtube_c23_912_frame_04.jpg,0,youtube
original_sequences_youtube_c23_661_frame_02.jpg,0,youtube
manipulated_sequences_FaceShifter_c23_115_939_frame_02.jpg,1,FaceShifter
original_sequences_youtube_c23_229_frame_03.jpg,0,youtube
original_sequences_youtube_c23_601_frame_03.jpg,0,youtube
original_sequences_youtube_c23_074_frame_03.jpg,0,youtube
manipulated_sequences_NeuralTextures_c23_132_007_frame_05.jpg,1,NeuralTextures
original_sequences_youtube_c23_503_frame_03.jpg,0,youtube
manipulated_sequences_Deepfakes_c23_317_359_frame_04.jpg,1,Deepfakes
original_sequences_youtube_c23_070_frame_05.jpg,0,youtube
original_sequences_youtube_c23_203_frame_05.jpg,0,youtube
original_sequences_youtube_c23_956_frame_05.jpg,0,youtube
original_sequences_youtube_c23_445_frame_03.jpg,0,youtube
original_sequences_youtube_c23_107_frame_03.jpg,0,youtube
original_sequences_youtube_c23_317_frame_03.jpg,0,youtube
manipulated_sequences_FaceShifter_c23_564_971_frame_05.jpg,1,FaceShifter
manipulated_sequences_FaceShifter_c23_069_961_frame_01.jpg,1,FaceShifter
original_sequences_youtube_c23_334_frame_05.jpg,0,youtube
original_sequences_youtube_c23_654_frame_02.jpg,0,youtube
original_sequences_youtube_c23_913_frame_05.jpg,0,youtube
manipulated_sequences_Deepfakes_c23_917_924_frame_04.jpg,1,Deepfakes
manipulated_sequences_Deepfakes_c23_894_848_frame_02.jpg,1,Deepfakes
original_sequences_youtube_c23_694_frame_03.jpg,0,youtube
original_sequences_youtube_c23_710_frame_04.jpg,0,youtube
manipulated_sequences_FaceShifter_c23_781_806_frame_01.jpg,1,FaceShifter
original_sequences_youtube_c23_992_frame_02.jpg,0,youtube
manipulated_sequences_Face2Face_c23_391_406_frame_03.jpg,1,Face2Face
manipulated_sequences_FaceShifter_c23_806_781_frame_05.jpg,1,FaceShifter
original_sequences_youtube_c23_826_frame_05.jpg,0,youtube
manipulated_sequences_NeuralTextures_c23_100_077_frame_03.jpg,1,NeuralTextures
original_sequences_youtube_c23_078_frame_05.jpg,0,youtube
manipulated_sequences_FaceSwap_c23_479_706_frame_02.jpg,1,FaceSwap
original_sequences_youtube_c23_780_frame_02.jpg,0,youtube
original_sequences_youtube_c23_276_frame_05.jpg,0,youtube
manipulated_sequences_NeuralTextures_c23_117_217_frame_04.jpg,1,NeuralTextures
original_sequences_youtube_c23_774_frame_01.jpg,0,youtube
original_sequences_youtube_c23_231_frame_05.jpg,0,youtube
manipulated_sequences_Deepfakes_c23_961_069_frame_03.jpg,1,Deepfakes
manipulated_sequences_Face2Face_c23_839_864_frame_01.jpg,1,Face2Face
original_sequences_youtube_c23_356_frame_01.jpg,0,youtube
original_sequences_youtube_c23_145_frame_05.jpg,0,youtube
original_sequences_youtube_c23_329_frame_03.jpg,0,youtube
manipulated_sequences_Deepfakes_c23_806_781_frame_05.jpg,1,Deepfakes
manipulated_sequences_FaceSwap_c23_719_737_frame_04.jpg,1,FaceSwap
original_sequences_youtube_c23_575_frame_03.jpg,0,youtube
original_sequences_youtube_c23_138_frame_01.jpg,0,youtube
original_sequences_youtube_c23_511_frame_04.jpg,0,youtube
manipulated_sequences_Face2Face_c23_494_445_frame_01.jpg,1,Face2Face
original_sequences_youtube_c23_336_frame_02.jpg,0,youtube
manipulated_sequences_FaceSwap_c23_736_785_frame_02.jpg,1,FaceSwap
original_sequences_youtube_c23_247_frame_03.jpg,0,youtube
manipulated_sequences_FaceSwap_c23_453_402_frame_03.jpg,1,FaceSwap
original_sequences_youtube_c23_828_frame_01.jpg,0,youtube
manipulated_sequences_FaceShifter_c23_391_406_frame_01.jpg,1,FaceShifter
original_sequences_youtube_c23_395_frame_02.jpg,0,youtube
original_sequences_youtube_c23_151_frame_03.jpg,0,youtube
original_sequences_youtube_c23_557_frame_05.jpg,0,youtube
original_sequences_youtube_c23_296_frame_01.jpg,0,youtube
manipulated_sequences_Face2Face_c23_168_222_frame_03.jpg,1,Face2Face
manipulated_sequences_FaceShifter_c23_976_954_frame_04.jpg,1,FaceShifter
manipulated_sequences_FaceSwap_c23_252_266_frame_02.jpg,1,FaceSwap
original_sequences_youtube_c23_144_frame_03.jpg,0,youtube
original_sequences_youtube_c23_377_frame_03.jpg,0,youtube
manipulated_sequences_Deepfakes_c23_962_929_frame_05.jpg,1,Deepfakes
manipulated_sequences_NeuralTextures_c23_755_759_frame_04.jpg,1,NeuralTextures
original_sequences_youtube_c23_830_frame_04.jpg,0,youtube
original_sequences_youtube_c23_896_frame_01.jpg,0,youtube
original_sequences_youtube_c23_549_frame_01.jpg,0,youtube
original_sequences_youtube_c23_890_frame_02.jpg,0,youtube
original_sequences_youtube_c23_199_frame_03.jpg,0,youtube
manipulated_sequences_Face2Face_c23_103_082_frame_02.jpg,1,Face2Face
original_sequences_youtube_c23_204_frame_05.jpg,0,youtube
original_sequences_youtube_c23_010_frame_01.jpg,0,youtube
original_sequences_youtube_c23_879_frame_04.jpg,0,youtube
manipulated_sequences_FaceSwap_c23_568_628_frame_05.jpg,1,FaceSwap
manipulated_sequences_NeuralTextures_c23_596_609_frame_01.jpg,1,NeuralTextures
manipulated_sequences_FaceSwap_c23_226_491_frame_01.jpg,1,FaceSwap
manipulated_sequences_NeuralTextures_c23_058_039_frame_01.jpg,1,NeuralTextures
manipulated_sequences_NeuralTextures_c23_539_499_frame_02.jpg,1,NeuralTextures
manipulated_sequences_FaceShifter_c23_529_633_frame_04.jpg,1,FaceShifter
manipulated_sequences_NeuralTextures_c23_572_554_frame_02.jpg,1,NeuralTextures
manipulated_sequences_FaceSwap_c23_897_969_frame_01.jpg,1,FaceSwap
original_sequences_youtube_c23_067_frame_02.jpg,0,youtube
manipulated_sequences_Face2Face_c23_931_936_frame_05.jpg,1,Face2Face
manipulated_sequences_NeuralTextures_c23_696_686_frame_04.jpg,1,NeuralTextures
manipulated_sequences_FaceShifter_c23_895_915_frame_05.jpg,1,FaceShifter
manipulated_sequences_Deepfakes_c23_955_078_frame_01.jpg,1,Deepfakes
manipulated_sequences_NeuralTextures_c23_986_994_frame_04.jpg,1,NeuralTextures
manipulated_sequences_Deepfakes_c23_549_531_frame_04.jpg,1,Deepfakes
original_sequences_youtube_c23_616_frame_05.jpg,0,youtube
manipulated_sequences_FaceSwap_c23_505_600_frame_05.jpg,1,FaceSwap
original_sequences_youtube_c23_870_frame_03.jpg,0,youtube
original_sequences_youtube_c23_202_frame_05.jpg,0,youtube
original_sequences_youtube_c23_810_frame_02.jpg,0,youtube
original_sequences_youtube_c23_141_frame_02.jpg,0,youtube
original_sequences_youtube_c23_687_frame_02.jpg,0,youtube
original_sequences_youtube_c23_491_frame_02.jpg,0,youtube
original_sequences_youtube_c23_290_frame_02.jpg,0,youtube
manipulated_sequences_FaceSwap_c23_448_361_frame_02.jpg,1,FaceSwap
manipulated_sequences_Face2Face_c23_017_803_frame_02.jpg,1,Face2Face
original_sequences_youtube_c23_307_frame_01.jpg,0,youtube
original_sequences_youtube_c23_536_frame_04.jpg,0,youtube
manipulated_sequences_Face2Face_c23_479_706_frame_02.jpg,1,Face2Face
original_sequences_youtube_c23_264_frame_02.jpg,0,youtube
manipulated_sequences_Deepfakes_c23_897_969_frame_01.jpg,1,Deepfakes
original_sequences_youtube_c23_543_frame_05.jpg,0,youtube
manipulated_sequences_Deepfakes_c23_307_365_frame_01.jpg,1,Deepfakes
manipulated_sequences_Face2Face_c23_644_657_frame_01.jpg,1,Face2Face
original_sequences_youtube_c23_575_frame_04.jpg,0,youtube
original_sequences_youtube_c23_273_frame_02.jpg,0,youtube
original_sequences_youtube_c23_778_frame_01.jpg,0,youtube
manipulated_sequences_Deepfakes_c23_250_461_frame_04.jpg,1,Deepfakes
manipulated_sequences_Deepfakes_c23_672_720_frame_01.jpg,1,Deepfakes
original_sequences_youtube_c23_693_frame_03.jpg,0,youtube
original_sequences_youtube_c23_974_frame_03.jpg,0,youtube
manipulated_sequences_NeuralTextures_c23_438_434_frame_01.jpg,1,NeuralTextures
manipulated_sequences_Deepfakes_c23_461_250_frame_05.jpg,1,Deepfakes
manipulated_sequences_Deepfakes_c23_090_086_frame_05.jpg,1,Deepfakes
manipulated_sequences_NeuralTextures_c23_505_600_frame_05.jpg,1,NeuralTextures
original_sequences_youtube_c23_248_frame_02.jpg,0,youtube
manipulated_sequences_NeuralTextures_c23_019_018_frame_04.jpg,1,NeuralTextures
manipulated_sequences_Deepfakes_c23_397_602_frame_04.jpg,1,Deepfakes
manipulated_sequences_Deepfakes_c23_317_359_frame_03.jpg,1,Deepfakes
manipulated_sequences_FaceShifter_c23_639_841_frame_05.jpg,1,FaceShifter
original_sequences_youtube_c23_089_frame_01.jpg,0,youtube
manipulated_sequences_FaceSwap_c23_974_953_frame_01.jpg,1,FaceSwap
manipulated_sequences_Face2Face_c23_865_739_frame_04.jpg,1,Face2Face
original_sequences_youtube_c23_839_frame_03.jpg,0,youtube
original_sequences_youtube_c23_402_frame_02.jpg,0,youtube
original_sequences_youtube_c23_999_frame_04.jpg,0,youtube
original_sequences_youtube_c23_369_frame_04.jpg,0,youtube
original_sequences_youtube_c23_015_frame_05.jpg,0,youtube
original_sequences_youtube_c23_912_frame_05.jpg,0,youtube
original_sequences_youtube_c23_396_frame_02.jpg,0,youtube
original_sequences_youtube_c23_827_frame_05.jpg,0,youtube
manipulated_sequences_FaceSwap_c23_026_012_frame_05.jpg,1,FaceSwap
manipulated_sequences_FaceSwap_c23_595_597_frame_05.jpg,1,FaceSwap
original_sequences_youtube_c23_060_frame_03.jpg,0,youtube
manipulated_sequences_Deepfakes_c23_117_217_frame_04.jpg,1,Deepfakes
original_sequences_youtube_c23_385_frame_03.jpg,0,youtube
manipulated_sequences_Deepfakes_c23_919_015_frame_02.jpg,1,Deepfakes
manipulated_sequences_Face2Face_c23_642_635_frame_04.jpg,1,Face2Face
original_sequences_youtube_c23_445_frame_02.jpg,0,youtube
manipulated_sequences_FaceShifter_c23_201_203_frame_01.jpg,1,FaceShifter
original_sequences_youtube_c23_742_frame_01.jpg,0,youtube
original_sequences_youtube_c23_574_frame_05.jpg,0,youtube
manipulated_sequences_FaceSwap_c23_900_926_frame_05.jpg,1,FaceSwap
original_sequences_youtube_c23_790_frame_05.jpg,0,youtube
manipulated_sequences_NeuralTextures_c23_874_291_frame_02.jpg,1,NeuralTextures
original_sequences_youtube_c23_535_frame_03.jpg,0,youtube
manipulated_sequences_NeuralTextures_c23_534_490_frame_01.jpg,1,NeuralTextures
original_sequences_youtube_c23_573_frame_02.jpg,0,youtube
original_sequences_youtube_c23_637_frame_04.jpg,0,youtube
manipulated_sequences_Face2Face_c23_836_950_frame_03.jpg,1,Face2Face
original_sequences_youtube_c23_158_frame_01.jpg,0,youtube
manipulated_sequences_FaceSwap_c23_067_025_frame_05.jpg,1,FaceSwap
original_sequences_youtube_c23_329_frame_05.jpg,0,youtube
manipulated_sequences_Deepfakes_c23_379_158_frame_05.jpg,1,Deepfakes
original_sequences_youtube_c23_305_frame_04.jpg,0,youtube
original_sequences_youtube_c23_492_frame_03.jpg,0,youtube
original_sequences_youtube_c23_924_frame_02.jpg,0,youtube
manipulated_sequences_FaceSwap_c23_936_931_frame_05.jpg,1,FaceSwap
manipulated_sequences_Deepfakes_c23_366_473_frame_04.jpg,1,Deepfakes
manipulated_sequences_FaceSwap_c23_817_827_frame_03.jpg,1,FaceSwap
manipulated_sequences_Deepfakes_c23_518_131_frame_01.jpg,1,Deepfakes
manipulated_sequences_NeuralTextures_c23_005_010_frame_03.jpg,1,NeuralTextures
manipulated_sequences_Deepfakes_c23_162_330_frame_03.jpg,1,Deepfakes
original_sequences_youtube_c23_992_frame_01.jpg,0,youtube
manipulated_sequences_FaceSwap_c23_533_450_frame_02.jpg,1,FaceSwap
manipulated_sequences_FaceSwap_c23_406_391_frame_04.jpg,1,FaceSwap
manipulated_sequences_FaceSwap_c23_928_160_frame_02.jpg,1,FaceSwap
manipulated_sequences_NeuralTextures_c23_869_780_frame_02.jpg,1,NeuralTextures
manipulated_sequences_Face2Face_c23_050_059_frame_05.jpg,1,Face2Face
manipulated_sequences_Face2Face_c23_248_232_frame_03.jpg,1,Face2Face
original_sequences_youtube_c23_544_frame_04.jpg,0,youtube
original_sequences_youtube_c23_026_frame_04.jpg,0,youtube
original_sequences_youtube_c23_856_frame_05.jpg,0,youtube
original_sequences_youtube_c23_487_frame_03.jpg,0,youtube
manipulated_sequences_Face2Face_c23_778_798_frame_04.jpg,1,Face2Face
original_sequences_youtube_c23_521_frame_03.jpg,0,youtube
original_sequences_youtube_c23_279_frame_01.jpg,0,youtube
manipulated_sequences_NeuralTextures_c23_494_445_frame_01.jpg,1,NeuralTextures
original_sequences_youtube_c23_952_frame_03.jpg,0,youtube
manipulated_sequences_NeuralTextures_c23_201_203_frame_01.jpg,1,NeuralTextures
original_sequences_youtube_c23_629_frame_05.jpg,0,youtube
original_sequences_youtube_c23_506_frame_01.jpg,0,youtube
manipulated_sequences_FaceSwap_c23_323_302_frame_03.jpg,1,FaceSwap
manipulated_sequences_Face2Face_c23_623_630_frame_01.jpg,1,Face2Face
original_sequences_youtube_c23_898_frame_02.jpg,0,youtube
manipulated_sequences_NeuralTextures_c23_732_691_frame_04.jpg,1,NeuralTextures
original_sequences_youtube_c23_251_frame_03.jpg,0,youtube
original_sequences_youtube_c23_684_frame_01.jpg,0,youtube
manipulated_sequences_NeuralTextures_c23_802_885_frame_01.jpg,1,NeuralTextures
original_sequences_youtube_c23_902_frame_01.jpg,0,youtube
manipulated_sequences_FaceShifter_c23_270_297_frame_02.jpg,1,FaceShifter
original_sequences_youtube_c23_502_frame_03.jpg,0,youtube
original_sequences_youtube_c23_277_frame_01.jpg,0,youtube
original_sequences_youtube_c23_301_frame_05.jpg,0,youtube
manipulated_sequences_FaceShifter_c23_642_635_frame_05.jpg,1,FaceShifter
manipulated_sequences_Deepfakes_c23_866_878_frame_05.jpg,1,Deepfakes
original_sequences_youtube_c23_046_frame_01.jpg,0,youtube
original_sequences_youtube_c23_009_frame_04.jpg,0,youtube
manipulated_sequences_NeuralTextures_c23_701_579_frame_03.jpg,1,NeuralTextures
original_sequences_youtube_c23_704_frame_02.jpg,0,youtube
original_sequences_youtube_c23_113_frame_05.jpg,0,youtube
manipulated_sequences_FaceSwap_c23_207_908_frame_05.jpg,1,FaceSwap
original_sequences_youtube_c23_879_frame_03.jpg,0,youtube
manipulated_sequences_FaceSwap_c23_755_759_frame_04.jpg,1,FaceSwap
original_sequences_youtube_c23_124_frame_05.jpg,0,youtube
original_sequences_youtube_c23_500_frame_05.jpg,0,youtube
original_sequences_youtube_c23_212_frame_05.jpg,0,youtube
manipulated_sequences_FaceShifter_c23_928_160_frame_02.jpg,1,FaceShifter
manipulated_sequences_NeuralTextures_c23_646_643_frame_05.jpg,1,NeuralTextures
original_sequences_youtube_c23_408_frame_01.jpg,0,youtube
manipulated_sequences_Face2Face_c23_881_856_frame_02.jpg,1,Face2Face
original_sequences_youtube_c23_323_frame_03.jpg,0,youtube
original_sequences_youtube_c23_686_frame_05.jpg,0,youtube
manipulated_sequences_Deepfakes_c23_914_899_frame_05.jpg,1,Deepfakes
original_sequences_youtube_c23_582_frame_04.jpg,0,youtube
original_sequences_youtube_c23_317_frame_01.jpg,0,youtube
manipulated_sequences_FaceShifter_c23_408_424_frame_05.jpg,1,FaceShifter
manipulated_sequences_NeuralTextures_c23_544_532_frame_02.jpg,1,NeuralTextures
original_sequences_youtube_c23_866_frame_01.jpg,0,youtube
manipulated_sequences_Face2Face_c23_667_446_frame_02.jpg,1,Face2Face
manipulated_sequences_NeuralTextures_c23_645_688_frame_01.jpg,1,NeuralTextures
manipulated_sequences_FaceShifter_c23_663_231_frame_03.jpg,1,FaceShifter
original_sequences_youtube_c23_917_frame_05.jpg,0,youtube
manipulated_sequences_FaceSwap_c23_937_888_frame_05.jpg,1,FaceSwap
manipulated_sequences_FaceShifter_c23_287_426_frame_02.jpg,1,FaceShifter
manipulated_sequences_NeuralTextures_c23_071_054_frame_04.jpg,1,NeuralTextures
manipulated_sequences_Deepfakes_c23_539_499_frame_02.jpg,1,Deepfakes
manipulated_sequences_Deepfakes_c23_930_763_frame_03.jpg,1,Deepfakes
original_sequences_youtube_c23_186_frame_02.jpg,0,youtube
original_sequences_youtube_c23_537_frame_05.jpg,0,youtube
original_sequences_youtube_c23_943_frame_04.jpg,0,youtube
original_sequences_youtube_c23_740_frame_02.jpg,0,youtube
manipulated_sequences_Deepfakes_c23_237_236_frame_03.jpg,1,Deepfakes
original_sequences_youtube_c23_142_frame_01.jpg,0,youtube
original_sequences_youtube_c23_007_frame_03.jpg,0,youtube
original_sequences_youtube_c23_831_frame_04.jpg,0,youtube
manipulated_sequences_NeuralTextures_c23_552_851_frame_02.jpg,1,NeuralTextures
manipulated_sequences_FaceSwap_c23_325_492_frame_03.jpg,1,FaceSwap
manipulated_sequences_Deepfakes_c23_119_123_frame_01.jpg,1,Deepfakes
original_sequences_youtube_c23_755_frame_03.jpg,0,youtube
original_sequences_youtube_c23_069_frame_03.jpg,0,youtube
original_sequences_youtube_c23_209_frame_03.jpg,0,youtube
original_sequences_youtube_c23_110_frame_02.jpg,0,youtube
manipulated_sequences_NeuralTextures_c23_727_729_frame_03.jpg,1,NeuralTextures
original_sequences_youtube_c23_704_frame_03.jpg,0,youtube
manipulated_sequences_Deepfakes_c23_522_337_frame_02.jpg,1,Deepfakes
original_sequences_youtube_c23_806_frame_03.jpg,0,youtube
manipulated_sequences_FaceShifter_c23_009_027_frame_05.jpg,1,FaceShifter
original_sequences_youtube_c23_730_frame_02.jpg,0,youtube
original_sequences_youtube_c23_980_frame_03.jpg,0,youtube
original_sequences_youtube_c23_409_frame_05.jpg,0,youtube
original_sequences_youtube_c23_263_frame_02.jpg,0,youtube
manipulated_sequences_Deepfakes_c23_217_117_frame_01.jpg,1,Deepfakes
original_sequences_youtube_c23_511_frame_02.jpg,0,youtube
original_sequences_youtube_c23_973_frame_05.jpg,0,youtube
original_sequences_youtube_c23_245_frame_02.jpg,0,youtube
manipulated_sequences_FaceShifter_c23_825_074_frame_03.jpg,1,FaceShifter
manipulated_sequences_FaceSwap_c23_320_328_frame_01.jpg,1,FaceSwap
manipulated_sequences_FaceSwap_c23_253_183_frame_05.jpg,1,FaceSwap
manipulated_sequences_NeuralTextures_c23_936_931_frame_05.jpg,1,NeuralTextures
original_sequences_youtube_c23_619_frame_04.jpg,0,youtube
original_sequences_youtube_c23_111_frame_01.jpg,0,youtube
manipulated_sequences_NeuralTextures_c23_893_913_frame_01.jpg,1,NeuralTextures
original_sequences_youtube_c23_735_frame_02.jpg,0,youtube
manipulated_sequences_FaceSwap_c23_482_465_frame_03.jpg,1,FaceSwap
manipulated_sequences_FaceShifter_c23_019_018_frame_04.jpg,1,FaceShifter
original_sequences_youtube_c23_539_frame_05.jpg,0,youtube
original_sequences_youtube_c23_057_frame_03.jpg,0,youtube
original_sequences_youtube_c23_738_frame_05.jpg,0,youtube
original_sequences_youtube_c23_812_frame_05.jpg,0,youtube
manipulated_sequences_FaceShifter_c23_886_877_frame_03.jpg,1,FaceShifter
manipulated_sequences_FaceSwap_c23_313_283_frame_01.jpg,1,FaceSwap
manipulated_sequences_NeuralTextures_c23_991_064_frame_05.jpg,1,NeuralTextures
original_sequences_youtube_c23_282_frame_02.jpg,0,youtube
manipulated_sequences_FaceSwap_c23_876_891_frame_04.jpg,1,FaceSwap
manipulated_sequences_FaceShifter_c23_368_378_frame_02.jpg,1,FaceShifter
original_sequences_youtube_c23_773_frame_02.jpg,0,youtube
manipulated_sequences_Deepfakes_c23_039_058_frame_03.jpg,1,Deepfakes
original_sequences_youtube_c23_982_frame_01.jpg,0,youtube
original_sequences_youtube_c23_623_frame_03.jpg,0,youtube
manipulated_sequences_FaceSwap_c23_508_831_frame_01.jpg,1,FaceSwap
original_sequences_youtube_c23_842_frame_04.jpg,0,youtube
original_sequences_youtube_c23_344_frame_04.jpg,0,youtube
manipulated_sequences_NeuralTextures_c23_716_712_frame_02.jpg,1,NeuralTextures
original_sequences_youtube_c23_843_frame_05.jpg,0,youtube
manipulated_sequences_Deepfakes_c23_889_045_frame_03.jpg,1,Deepfakes
original_sequences_youtube_c23_862_frame_03.jpg,0,youtube
original_sequences_youtube_c23_902_frame_04.jpg,0,youtube
manipulated_sequences_Deepfakes_c23_901_902_frame_02.jpg,1,Deepfakes
original_sequences_youtube_c23_966_frame_04.jpg,0,youtube
original_sequences_youtube_c23_777_frame_02.jpg,0,youtube
manipulated_sequences_FaceShifter_c23_854_747_frame_02.jpg,1,FaceShifter
original_sequences_youtube_c23_786_frame_04.jpg,0,youtube
original_sequences_youtube_c23_620_frame_02.jpg,0,youtube
original_sequences_youtube_c23_033_frame_03.jpg,0,youtube
original_sequences_youtube_c23_894_frame_04.jpg,0,youtube
original_sequences_youtube_c23_510_frame_03.jpg,0,youtube
manipulated_sequences_FaceSwap_c23_519_515_frame_02.jpg,1,FaceSwap
original_sequences_youtube_c23_877_frame_01.jpg,0,youtube
original_sequences_youtube_c23_236_frame_02.jpg,0,youtube
original_sequences_youtube_c23_314_frame_01.jpg,0,youtube
original_sequences_youtube_c23_545_frame_04.jpg,0,youtube
original_sequences_youtube_c23_857_frame_05.jpg,0,youtube
manipulated_sequences_Deepfakes_c23_314_347_frame_04.jpg,1,Deepfakes
manipulated_sequences_FaceSwap_c23_970_973_frame_03.jpg,1,FaceSwap
original_sequences_youtube_c23_981_frame_01.jpg,0,youtube
manipulated_sequences_FaceShifter_c23_145_299_frame_01.jpg,1,FaceShifter
original_sequences_youtube_c23_165_frame_04.jpg,0,youtube
manipulated_sequences_Deepfakes_c23_687_615_frame_05.jpg,1,Deepfakes
original_sequences_youtube_c23_421_frame_04.jpg,0,youtube
original_sequences_youtube_c23_287_frame_01.jpg,0,youtube
manipulated_sequences_Face2Face_c23_482_465_frame_04.jpg,1,Face2Face
original_sequences_youtube_c23_959_frame_04.jpg,0,youtube
original_sequences_youtube_c23_983_frame_04.jpg,0,youtube
original_sequences_youtube_c23_964_frame_05.jpg,0,youtube
manipulated_sequences_NeuralTextures_c23_237_236_frame_03.jpg,1,NeuralTextures
original_sequences_youtube_c23_036_frame_04.jpg,0,youtube
manipulated_sequences_Deepfakes_c23_229_247_frame_01.jpg,1,Deepfakes
manipulated_sequences_NeuralTextures_c23_136_285_frame_05.jpg,1,NeuralTextures
original_sequences_youtube_c23_351_frame_03.jpg,0,youtube
original_sequences_youtube_c23_830_frame_01.jpg,0,youtube
manipulated_sequences_Face2Face_c23_881_856_frame_03.jpg,1,Face2Face
original_sequences_youtube_c23_172_frame_02.jpg,0,youtube
original_sequences_youtube_c23_561_frame_01.jpg,0,youtube
manipulated_sequences_FaceSwap_c23_017_803_frame_02.jpg,1,FaceSwap
manipulated_sequences_FaceShifter_c23_784_769_frame_02.jpg,1,FaceShifter
manipulated_sequences_Deepfakes_c23_924_917_frame_01.jpg,1,Deepfakes
original_sequences_youtube_c23_765_frame_05.jpg,0,youtube
original_sequences_youtube_c23_863_frame_05.jpg,0,youtube
original_sequences_youtube_c23_980_frame_01.jpg,0,youtube
manipulated_sequences_Deepfakes_c23_127_129_frame_04.jpg,1,Deepfakes
original_sequences_youtube_c23_552_frame_05.jpg,0,youtube
original_sequences_youtube_c23_905_frame_02.jpg,0,youtube
manipulated_sequences_Face2Face_c23_487_477_frame_01.jpg,1,Face2Face
manipulated_sequences_NeuralTextures_c23_912_927_frame_05.jpg,1,NeuralTextures
manipulated_sequences_FaceSwap_c23_839_864_frame_05.jpg,1,FaceSwap
original_sequences_youtube_c23_250_frame_02.jpg,0,youtube
manipulated_sequences_FaceShifter_c23_691_732_frame_01.jpg,1,FaceShifter
manipulated_sequences_FaceSwap_c23_792_903_frame_04.jpg,1,FaceSwap
original_sequences_youtube_c23_737_frame_02.jpg,0,youtube
manipulated_sequences_FaceSwap_c23_572_554_frame_03.jpg,1,FaceSwap
original_sequences_youtube_c23_658_frame_01.jpg,0,youtube
original_sequences_youtube_c23_049_frame_01.jpg,0,youtube
manipulated_sequences_Deepfakes_c23_088_060_frame_03.jpg,1,Deepfakes
manipulated_sequences_Face2Face_c23_408_424_frame_01.jpg,1,Face2Face
manipulated_sequences_Face2Face_c23_111_094_frame_04.jpg,1,Face2Face
original_sequences_youtube_c23_452_frame_04.jpg,0,youtube
original_sequences_youtube_c23_816_frame_04.jpg,0,youtube
original_sequences_youtube_c23_758_frame_04.jpg,0,youtube
manipulated_sequences_FaceSwap_c23_070_057_frame_03.jpg,1,FaceSwap
original_sequences_youtube_c23_019_frame_01.jpg,0,youtube
original_sequences_youtube_c23_648_frame_04.jpg,0,youtube
original_sequences_youtube_c23_156_frame_04.jpg,0,youtube
manipulated_sequences_FaceSwap_c23_158_379_frame_02.jpg,1,FaceSwap
manipulated_sequences_FaceShifter_c23_708_772_frame_04.jpg,1,FaceShifter
original_sequences_youtube_c23_130_frame_03.jpg,0,youtube
original_sequences_youtube_c23_627_frame_03.jpg,0,youtube
original_sequences_youtube_c23_570_frame_04.jpg,0,youtube
manipulated_sequences_NeuralTextures_c23_326_501_frame_05.jpg,1,NeuralTextures
manipulated_sequences_Deepfakes_c23_932_384_frame_03.jpg,1,Deepfakes
manipulated_sequences_Face2Face_c23_453_402_frame_04.jpg,1,Face2Face
manipulated_sequences_Face2Face_c23_397_602_frame_01.jpg,1,Face2Face
original_sequences_youtube_c23_270_frame_04.jpg,0,youtube
manipulated_sequences_FaceSwap_c23_007_132_frame_05.jpg,1,FaceSwap
manipulated_sequences_Face2Face_c23_144_122_frame_04.jpg,1,Face2Face
original_sequences_youtube_c23_678_frame_03.jpg,0,youtube
manipulated_sequences_FaceShifter_c23_575_603_frame_01.jpg,1,FaceShifter
original_sequences_youtube_c23_558_frame_03.jpg,0,youtube
manipulated_sequences_Face2Face_c23_411_410_frame_05.jpg,1,Face2Face
manipulated_sequences_FaceSwap_c23_361_448_frame_05.jpg,1,FaceSwap
original_sequences_youtube_c23_828_frame_03.jpg,0,youtube
original_sequences_youtube_c23_992_frame_03.jpg,0,youtube
original_sequences_youtube_c23_769_frame_01.jpg,0,youtube
manipulated_sequences_Deepfakes_c23_301_262_frame_03.jpg,1,Deepfakes
manipulated_sequences_NeuralTextures_c23_072_037_frame_03.jpg,1,NeuralTextures
original_sequences_youtube_c23_577_frame_01.jpg,0,youtube
manipulated_sequences_NeuralTextures_c23_211_177_frame_01.jpg,1,NeuralTextures
original_sequences_youtube_c23_870_frame_01.jpg,0,youtube
manipulated_sequences_NeuralTextures_c23_705_707_frame_02.jpg,1,NeuralTextures
original_sequences_youtube_c23_148_frame_01.jpg,0,youtube
manipulated_sequences_FaceShifter_c23_965_948_frame_02.jpg,1,FaceShifter
original_sequences_youtube_c23_687_frame_01.jpg,0,youtube
original_sequences_youtube_c23_717_frame_01.jpg,0,youtube
manipulated_sequences_NeuralTextures_c23_149_152_frame_05.jpg,1,NeuralTextures
original_sequences_youtube_c23_896_frame_03.jpg,0,youtube
original_sequences_youtube_c23_952_frame_04.jpg,0,youtube
original_sequences_youtube_c23_497_frame_03.jpg,0,youtube
manipulated_sequences_NeuralTextures_c23_147_055_frame_04.jpg,1,NeuralTextures
original_sequences_youtube_c23_919_frame_03.jpg,0,youtube
original_sequences_youtube_c23_197_frame_01.jpg,0,youtube
original_sequences_youtube_c23_518_frame_03.jpg,0,youtube
manipulated_sequences_Face2Face_c23_287_426_frame_02.jpg,1,Face2Face
manipulated_sequences_NeuralTextures_c23_453_402_frame_03.jpg,1,NeuralTextures
original_sequences_youtube_c23_229_frame_04.jpg,0,youtube
manipulated_sequences_FaceShifter_c23_453_402_frame_04.jpg,1,FaceShifter
original_sequences_youtube_c23_768_frame_04.jpg,0,youtube
original_sequences_youtube_c23_271_frame_04.jpg,0,youtube
manipulated_sequences_Face2Face_c23_019_018_frame_04.jpg,1,Face2Face
manipulated_sequences_Deepfakes_c23_895_915_frame_02.jpg,1,Deepfakes
manipulated_sequences_Deepfakes_c23_539_499_frame_01.jpg,1,Deepfakes
manipulated_sequences_NeuralTextures_c23_339_392_frame_03.jpg,1,NeuralTextures
original_sequences_youtube_c23_527_frame_04.jpg,0,youtube
original_sequences_youtube_c23_499_frame_04.jpg,0,youtube
manipulated_sequences_FaceShifter_c23_488_399_frame_03.jpg,1,FaceShifter
manipulated_sequences_NeuralTextures_c23_873_872_frame_04.jpg,1,NeuralTextures
manipulated_sequences_FaceSwap_c23_930_763_frame_01.jpg,1,FaceSwap
original_sequences_youtube_c23_807_frame_01.jpg,0,youtube
original_sequences_youtube_c23_144_frame_01.jpg,0,youtube
manipulated_sequences_FaceSwap_c23_351_346_frame_04.jpg,1,FaceSwap
manipulated_sequences_FaceSwap_c23_489_022_frame_01.jpg,1,FaceSwap
manipulated_sequences_FaceSwap_c23_014_790_frame_03.jpg,1,FaceSwap
original_sequences_youtube_c23_353_frame_04.jpg,0,youtube
original_sequences_youtube_c23_746_frame_02.jpg,0,youtube
original_sequences_youtube_c23_993_frame_02.jpg,0,youtube
manipulated_sequences_FaceShifter_c23_192_134_frame_04.jpg,1,FaceShifter
manipulated_sequences_Face2Face_c23_626_562_frame_04.jpg,1,Face2Face
original_sequences_youtube_c23_312_frame_02.jpg,0,youtube
manipulated_sequences_Face2Face_c23_257_420_frame_01.jpg,1,Face2Face
manipulated_sequences_FaceSwap_c23_092_098_frame_01.jpg,1,FaceSwap
manipulated_sequences_Deepfakes_c23_049_946_frame_04.jpg,1,Deepfakes
manipulated_sequences_Deepfakes_c23_071_054_frame_04.jpg,1,Deepfakes
original_sequences_youtube_c23_991_frame_05.jpg,0,youtube
original_sequences_youtube_c23_335_frame_02.jpg,0,youtube
manipulated_sequences_Face2Face_c23_316_369_frame_01.jpg,1,Face2Face
original_sequences_youtube_c23_413_frame_01.jpg,0,youtube
original_sequences_youtube_c23_640_frame_04.jpg,0,youtube
original_sequences_youtube_c23_776_frame_04.jpg,0,youtube
manipulated_sequences_NeuralTextures_c23_881_856_frame_03.jpg,1,NeuralTextures
original_sequences_youtube_c23_866_frame_05.jpg,0,youtube
original_sequences_youtube_c23_825_frame_02.jpg,0,youtube
manipulated_sequences_Face2Face_c23_510_528_frame_03.jpg,1,Face2Face
manipulated_sequences_FaceShifter_c23_812_821_frame_01.jpg,1,FaceShifter
original_sequences_youtube_c23_379_frame_04.jpg,0,youtube
original_sequences_youtube_c23_779_frame_04.jpg,0,youtube
original_sequences_youtube_c23_188_frame_04.jpg,0,youtube
original_sequences_youtube_c23_678_frame_04.jpg,0,youtube
original_sequences_youtube_c23_880_frame_03.jpg,0,youtube
original_sequences_youtube_c23_875_frame_05.jpg,0,youtube
original_sequences_youtube_c23_183_frame_05.jpg,0,youtube
manipulated_sequences_NeuralTextures_c23_784_769_frame_02.jpg,1,NeuralTextures
original_sequences_youtube_c23_072_frame_04.jpg,0,youtube
original_sequences_youtube_c23_048_frame_05.jpg,0,youtube
manipulated_sequences_Face2Face_c23_756_503_frame_02.jpg,1,Face2Face
original_sequences_youtube_c23_286_frame_02.jpg,0,youtube
original_sequences_youtube_c23_071_frame_03.jpg,0,youtube
original_sequences_youtube_c23_315_frame_05.jpg,0,youtube
original_sequences_youtube_c23_443_frame_05.jpg,0,youtube
original_sequences_youtube_c23_144_frame_05.jpg,0,youtube
original_sequences_youtube_c23_317_frame_05.jpg,0,youtube
original_sequences_youtube_c23_440_frame_05.jpg,0,youtube
original_sequences_youtube_c23_764_frame_02.jpg,0,youtube
manipulated_sequences_NeuralTextures_c23_884_968_frame_01.jpg,1,NeuralTextures
original_sequences_youtube_c23_350_frame_05.jpg,0,youtube
manipulated_sequences_Face2Face_c23_033_097_frame_02.jpg,1,Face2Face
original_sequences_youtube_c23_973_frame_02.jpg,0,youtube
manipulated_sequences_FaceShifter_c23_471_455_frame_04.jpg,1,FaceShifter
manipulated_sequences_FaceShifter_c23_257_420_frame_01.jpg,1,FaceShifter
original_sequences_youtube_c23_602_frame_03.jpg,0,youtube
original_sequences_youtube_c23_559_frame_01.jpg,0,youtube
original_sequences_youtube_c23_193_frame_04.jpg,0,youtube
original_sequences_youtube_c23_929_frame_02.jpg,0,youtube
manipulated_sequences_Face2Face_c23_614_616_frame_02.jpg,1,Face2Face
original_sequences_youtube_c23_445_frame_04.jpg,0,youtube
original_sequences_youtube_c23_749_frame_05.jpg,0,youtube
original_sequences_youtube_c23_454_frame_04.jpg,0,youtube
manipulated_sequences_Face2Face_c23_325_492_frame_03.jpg,1,Face2Face
original_sequences_youtube_c23_367_frame_04.jpg,0,youtube
manipulated_sequences_FaceShifter_c23_118_120_frame_01.jpg,1,FaceShifter
original_sequences_youtube_c23_724_frame_03.jpg,0,youtube
manipulated_sequences_Deepfakes_c23_825_074_frame_03.jpg,1,Deepfakes
original_sequences_youtube_c23_123_frame_04.jpg,0,youtube
original_sequences_youtube_c23_424_frame_05.jpg,0,youtube
manipulated_sequences_Deepfakes_c23_830_828_frame_04.jpg,1,Deepfakes
original_sequences_youtube_c23_927_frame_01.jpg,0,youtube
manipulated_sequences_FaceShifter_c23_786_819_frame_01.jpg,1,FaceShifter
manipulated_sequences_Face2Face_c23_277_335_frame_03.jpg,1,Face2Face
original_sequences_youtube_c23_115_frame_01.jpg,0,youtube
manipulated_sequences_NeuralTextures_c23_580_524_frame_02.jpg,1,NeuralTextures
manipulated_sequences_Face2Face_c23_408_424_frame_03.jpg,1,Face2Face
manipulated_sequences_NeuralTextures_c23_683_607_frame_04.jpg,1,NeuralTextures
manipulated_sequences_NeuralTextures_c23_307_365_frame_01.jpg,1,NeuralTextures
original_sequences_youtube_c23_572_frame_01.jpg,0,youtube
original_sequences_youtube_c23_654_frame_05.jpg,0,youtube
manipulated_sequences_Deepfakes_c23_457_398_frame_04.jpg,1,Deepfakes
manipulated_sequences_NeuralTextures_c23_825_074_frame_03.jpg,1,NeuralTextures
manipulated_sequences_FaceSwap_c23_580_524_frame_02.jpg,1,FaceSwap
original_sequences_youtube_c23_785_frame_04.jpg,0,youtube
original_sequences_youtube_c23_574_frame_04.jpg,0,youtube
manipulated_sequences_NeuralTextures_c23_564_971_frame_05.jpg,1,NeuralTextures
original_sequences_youtube_c23_631_frame_05.jpg,0,youtube
manipulated_sequences_Face2Face_c23_574_547_frame_05.jpg,1,Face2Face
manipulated_sequences_FaceSwap_c23_901_902_frame_02.jpg,1,FaceSwap
original_sequences_youtube_c23_882_frame_01.jpg,0,youtube
original_sequences_youtube_c23_441_frame_02.jpg,0,youtube
manipulated_sequences_FaceShifter_c23_212_179_frame_04.jpg,1,FaceShifter
manipulated_sequences_FaceSwap_c23_711_681_frame_05.jpg,1,FaceSwap
original_sequences_youtube_c23_618_frame_05.jpg,0,youtube
original_sequences_youtube_c23_565_frame_04.jpg,0,youtube
manipulated_sequences_FaceSwap_c23_764_850_frame_03.jpg,1,FaceSwap
manipulated_sequences_Face2Face_c23_928_160_frame_04.jpg,1,Face2Face
manipulated_sequences_NeuralTextures_c23_420_257_frame_01.jpg,1,NeuralTextures
original_sequences_youtube_c23_787_frame_03.jpg,0,youtube
original_sequences_youtube_c23_643_frame_02.jpg,0,youtube
manipulated_sequences_FaceShifter_c23_568_628_frame_03.jpg,1,FaceShifter
original_sequences_youtube_c23_170_frame_04.jpg,0,youtube
manipulated_sequences_FaceSwap_c23_291_874_frame_04.jpg,1,FaceSwap
original_sequences_youtube_c23_299_frame_03.jpg,0,youtube
manipulated_sequences_Deepfakes_c23_595_597_frame_05.jpg,1,Deepfakes
manipulated_sequences_FaceShifter_c23_230_204_frame_03.jpg,1,FaceShifter
manipulated_sequences_NeuralTextures_c23_723_704_frame_05.jpg,1,NeuralTextures
original_sequences_youtube_c23_487_frame_04.jpg,0,youtube
original_sequences_youtube_c23_276_frame_01.jpg,0,youtube
original_sequences_youtube_c23_203_frame_04.jpg,0,youtube
original_sequences_youtube_c23_494_frame_02.jpg,0,youtube
manipulated_sequences_Deepfakes_c23_036_035_frame_05.jpg,1,Deepfakes
original_sequences_youtube_c23_841_frame_04.jpg,0,youtube
manipulated_sequences_NeuralTextures_c23_944_032_frame_05.jpg,1,NeuralTextures
original_sequences_youtube_c23_521_frame_01.jpg,0,youtube
manipulated_sequences_NeuralTextures_c23_134_192_frame_01.jpg,1,NeuralTextures
manipulated_sequences_FaceSwap_c23_829_808_frame_05.jpg,1,FaceSwap
original_sequences_youtube_c23_725_frame_04.jpg,0,youtube
original_sequences_youtube_c23_237_frame_05.jpg,0,youtube
original_sequences_youtube_c23_533_frame_03.jpg,0,youtube
manipulated_sequences_FaceSwap_c23_609_596_frame_01.jpg,1,FaceSwap
manipulated_sequences_FaceSwap_c23_320_328_frame_02.jpg,1,FaceSwap
manipulated_sequences_Deepfakes_c23_268_269_frame_05.jpg,1,Deepfakes
manipulated_sequences_NeuralTextures_c23_019_018_frame_02.jpg,1,NeuralTextures
manipulated_sequences_FaceSwap_c23_209_016_frame_03.jpg,1,FaceSwap
original_sequences_youtube_c23_811_frame_02.jpg,0,youtube
manipulated_sequences_FaceSwap_c23_084_042_frame_05.jpg,1,FaceSwap
manipulated_sequences_Deepfakes_c23_441_439_frame_01.jpg,1,Deepfakes
manipulated_sequences_Face2Face_c23_716_712_frame_05.jpg,1,Face2Face
original_sequences_youtube_c23_438_frame_02.jpg,0,youtube
original_sequences_youtube_c23_923_frame_04.jpg,0,youtube
manipulated_sequences_Deepfakes_c23_581_697_frame_03.jpg,1,Deepfakes
original_sequences_youtube_c23_686_frame_02.jpg,0,youtube
original_sequences_youtube_c23_128_frame_03.jpg,0,youtube
original_sequences_youtube_c23_906_frame_02.jpg,0,youtube
manipulated_sequences_FaceSwap_c23_577_593_frame_05.jpg,1,FaceSwap
original_sequences_youtube_c23_370_frame_04.jpg,0,youtube
manipulated_sequences_FaceSwap_c23_356_324_frame_05.jpg,1,FaceSwap
manipulated_sequences_NeuralTextures_c23_935_733_frame_04.jpg,1,NeuralTextures
manipulated_sequences_FaceSwap_c23_894_848_frame_02.jpg,1,FaceSwap
manipulated_sequences_Deepfakes_c23_570_624_frame_03.jpg,1,Deepfakes
original_sequences_youtube_c23_415_frame_03.jpg,0,youtube
manipulated_sequences_FaceSwap_c23_806_781_frame_01.jpg,1,FaceSwap
original_sequences_youtube_c23_781_frame_05.jpg,0,youtube
manipulated_sequences_Deepfakes_c23_837_890_frame_02.jpg,1,Deepfakes
manipulated_sequences_NeuralTextures_c23_895_915_frame_05.jpg,1,NeuralTextures
original_sequences_youtube_c23_297_frame_01.jpg,0,youtube
manipulated_sequences_NeuralTextures_c23_513_305_frame_01.jpg,1,NeuralTextures
manipulated_sequences_Deepfakes_c23_480_389_frame_03.jpg,1,Deepfakes
original_sequences_youtube_c23_143_frame_03.jpg,0,youtube
original_sequences_youtube_c23_358_frame_02.jpg,0,youtube
original_sequences_youtube_c23_832_frame_04.jpg,0,youtube
manipulated_sequences_NeuralTextures_c23_275_887_frame_04.jpg,1,NeuralTextures
original_sequences_youtube_c23_321_frame_02.jpg,0,youtube
original_sequences_youtube_c23_209_frame_02.jpg,0,youtube
original_sequences_youtube_c23_644_frame_03.jpg,0,youtube
manipulated_sequences_NeuralTextures_c23_904_046_frame_05.jpg,1,NeuralTextures
manipulated_sequences_FaceSwap_c23_393_405_frame_01.jpg,1,FaceSwap
original_sequences_youtube_c23_444_frame_03.jpg,0,youtube
manipulated_sequences_FaceShifter_c23_501_326_frame_01.jpg,1,FaceShifter
manipulated_sequences_NeuralTextures_c23_035_036_frame_03.jpg,1,NeuralTextures
original_sequences_youtube_c23_870_frame_02.jpg,0,youtube
manipulated_sequences_NeuralTextures_c23_264_271_frame_04.jpg,1,NeuralTextures
original_sequences_youtube_c23_051_frame_01.jpg,0,youtube
original_sequences_youtube_c23_202_frame_01.jpg,0,youtube
original_sequences_youtube_c23_971_frame_03.jpg,0,youtube
original_sequences_youtube_c23_716_frame_01.jpg,0,youtube
manipulated_sequences_FaceSwap_c23_685_613_frame_02.jpg,1,FaceSwap
original_sequences_youtube_c23_849_frame_05.jpg,0,youtube
original_sequences_youtube_c23_784_frame_05.jpg,0,youtube
manipulated_sequences_NeuralTextures_c23_867_765_frame_01.jpg,1,NeuralTextures
original_sequences_youtube_c23_589_frame_03.jpg,0,youtube
original_sequences_youtube_c23_117_frame_04.jpg,0,youtube
manipulated_sequences_FaceShifter_c23_170_186_frame_03.jpg,1,FaceShifter
manipulated_sequences_FaceSwap_c23_132_007_frame_03.jpg,1,FaceSwap
manipulated_sequences_FaceSwap_c23_693_698_frame_05.jpg,1,FaceSwap
manipulated_sequences_Face2Face_c23_395_401_frame_01.jpg,1,Face2Face
manipulated_sequences_FaceShifter_c23_149_152_frame_02.jpg,1,FaceShifter
manipulated_sequences_Deepfakes_c23_613_685_frame_01.jpg,1,Deepfakes
manipulated_sequences_Face2Face_c23_674_744_frame_05.jpg,1,Face2Face
original_sequences_youtube_c23_054_frame_02.jpg,0,youtube
original_sequences_youtube_c23_580_frame_05.jpg,0,youtube
original_sequences_youtube_c23_758_frame_02.jpg,0,youtube
manipulated_sequences_FaceShifter_c23_606_567_frame_04.jpg,1,FaceShifter
original_sequences_youtube_c23_179_frame_04.jpg,0,youtube
manipulated_sequences_Deepfakes_c23_241_210_frame_05.jpg,1,Deepfakes
original_sequences_youtube_c23_493_frame_01.jpg,0,youtube
original_sequences_youtube_c23_642_frame_01.jpg,0,youtube
manipulated_sequences_FaceShifter_c23_928_160_frame_04.jpg,1,FaceShifter
manipulated_sequences_Face2Face_c23_070_057_frame_04.jpg,1,Face2Face
manipulated_sequences_Face2Face_c23_351_346_frame_04.jpg,1,Face2Face
original_sequences_youtube_c23_032_frame_02.jpg,0,youtube
original_sequences_youtube_c23_610_frame_04.jpg,0,youtube
manipulated_sequences_FaceShifter_c23_452_550_frame_04.jpg,1,FaceShifter
manipulated_sequences_NeuralTextures_c23_642_635_frame_05.jpg,1,NeuralTextures
original_sequences_youtube_c23_509_frame_01.jpg,0,youtube
manipulated_sequences_FaceShifter_c23_183_253_frame_02.jpg,1,FaceShifter
original_sequences_youtube_c23_636_frame_05.jpg,0,youtube
original_sequences_youtube_c23_407_frame_02.jpg,0,youtube
original_sequences_youtube_c23_002_frame_04.jpg,0,youtube
original_sequences_youtube_c23_736_frame_02.jpg,0,youtube
manipulated_sequences_Face2Face_c23_732_691_frame_04.jpg,1,Face2Face
manipulated_sequences_FaceShifter_c23_194_235_frame_03.jpg,1,FaceShifter
original_sequences_youtube_c23_427_frame_01.jpg,0,youtube
original_sequences_youtube_c23_021_frame_03.jpg,0,youtube
original_sequences_youtube_c23_299_frame_01.jpg,0,youtube
original_sequences_youtube_c23_442_frame_01.jpg,0,youtube
original_sequences_youtube_c23_845_frame_02.jpg,0,youtube
original_sequences_youtube_c23_248_frame_04.jpg,0,youtube
original_sequences_youtube_c23_198_frame_01.jpg,0,youtube
original_sequences_youtube_c23_828_frame_02.jpg,0,youtube
original_sequences_youtube_c23_400_frame_03.jpg,0,youtube
original_sequences_youtube_c23_023_frame_02.jpg,0,youtube
manipulated_sequences_FaceSwap_c23_723_704_frame_02.jpg,1,FaceSwap
original_sequences_youtube_c23_763_frame_01.jpg,0,youtube
original_sequences_youtube_c23_441_frame_04.jpg,0,youtube
original_sequences_youtube_c23_911_frame_04.jpg,0,youtube
manipulated_sequences_FaceSwap_c23_756_503_frame_02.jpg,1,FaceSwap
manipulated_sequences_Deepfakes_c23_716_712_frame_05.jpg,1,Deepfakes
original_sequences_youtube_c23_407_frame_03.jpg,0,youtube
manipulated_sequences_FaceShifter_c23_597_595_frame_03.jpg,1,FaceShifter
original_sequences_youtube_c23_672_frame_03.jpg,0,youtube
original_sequences_youtube_c23_240_frame_03.jpg,0,youtube
original_sequences_youtube_c23_665_frame_04.jpg,0,youtube
original_sequences_youtube_c23_561_frame_03.jpg,0,youtube
manipulated_sequences_NeuralTextures_c23_541_523_frame_03.jpg,1,NeuralTextures
manipulated_sequences_NeuralTextures_c23_617_566_frame_05.jpg,1,NeuralTextures
original_sequences_youtube_c23_578_frame_05.jpg,0,youtube
original_sequences_youtube_c23_985_frame_03.jpg,0,youtube
original_sequences_youtube_c23_405_frame_04.jpg,0,youtube
manipulated_sequences_Face2Face_c23_921_569_frame_03.jpg,1,Face2Face
manipulated_sequences_Deepfakes_c23_471_455_frame_01.jpg,1,Deepfakes
manipulated_sequences_NeuralTextures_c23_127_129_frame_04.jpg,1,NeuralTextures
manipulated_sequences_FaceSwap_c23_704_723_frame_03.jpg,1,FaceSwap
original_sequences_youtube_c23_365_frame_03.jpg,0,youtube
manipulated_sequences_Face2Face_c23_568_628_frame_03.jpg,1,Face2Face
manipulated_sequences_Deepfakes_c23_468_470_frame_03.jpg,1,Deepfakes
original_sequences_youtube_c23_744_frame_05.jpg,0,youtube
manipulated_sequences_Deepfakes_c23_893_913_frame_01.jpg,1,Deepfakes
original_sequences_youtube_c23_887_frame_02.jpg,0,youtube
manipulated_sequences_FaceShifter_c23_486_680_frame_02.jpg,1,FaceShifter
original_sequences_youtube_c23_845_frame_01.jpg,0,youtube
original_sequences_youtube_c23_495_frame_03.jpg,0,youtube
original_sequences_youtube_c23_736_frame_05.jpg,0,youtube
manipulated_sequences_Face2Face_c23_900_926_frame_05.jpg,1,Face2Face
original_sequences_youtube_c23_558_frame_04.jpg,0,youtube
original_sequences_youtube_c23_965_frame_05.jpg,0,youtube
original_sequences_youtube_c23_652_frame_02.jpg,0,youtube
manipulated_sequences_NeuralTextures_c23_266_252_frame_02.jpg,1,NeuralTextures
manipulated_sequences_FaceSwap_c23_502_504_frame_03.jpg,1,FaceSwap
manipulated_sequences_Deepfakes_c23_008_990_frame_01.jpg,1,Deepfakes
manipulated_sequences_FaceSwap_c23_480_389_frame_03.jpg,1,FaceSwap
original_sequences_youtube_c23_695_frame_03.jpg,0,youtube
manipulated_sequences_NeuralTextures_c23_192_134_frame_04.jpg,1,NeuralTextures
original_sequences_youtube_c23_585_frame_04.jpg,0,youtube
original_sequences_youtube_c23_457_frame_01.jpg,0,youtube
original_sequences_youtube_c23_577_frame_04.jpg,0,youtube
manipulated_sequences_FaceShifter_c23_992_980_frame_05.jpg,1,FaceShifter
original_sequences_youtube_c23_588_frame_01.jpg,0,youtube
original_sequences_youtube_c23_598_frame_02.jpg,0,youtube
manipulated_sequences_NeuralTextures_c23_009_027_frame_05.jpg,1,NeuralTextures
manipulated_sequences_Face2Face_c23_772_708_frame_02.jpg,1,Face2Face
manipulated_sequences_Face2Face_c23_356_324_frame_01.jpg,1,Face2Face
manipulated_sequences_NeuralTextures_c23_321_288_frame_01.jpg,1,NeuralTextures
manipulated_sequences_Face2Face_c23_564_971_frame_05.jpg,1,Face2Face
manipulated_sequences_NeuralTextures_c23_830_828_frame_01.jpg,1,NeuralTextures
original_sequences_youtube_c23_770_frame_01.jpg,0,youtube
original_sequences_youtube_c23_222_frame_03.jpg,0,youtube
manipulated_sequences_Deepfakes_c23_785_736_frame_02.jpg,1,Deepfakes
original_sequences_youtube_c23_882_frame_05.jpg,0,youtube
manipulated_sequences_FaceSwap_c23_783_916_frame_02.jpg,1,FaceSwap
manipulated_sequences_Deepfakes_c23_472_511_frame_04.jpg,1,Deepfakes
manipulated_sequences_Face2Face_c23_858_861_frame_03.jpg,1,Face2Face
manipulated_sequences_FaceSwap_c23_317_359_frame_04.jpg,1,FaceSwap
manipulated_sequences_Deepfakes_c23_271_264_frame_02.jpg,1,Deepfakes
manipulated_sequences_Deepfakes_c23_036_035_frame_03.jpg,1,Deepfakes
manipulated_sequences_Face2Face_c23_785_736_frame_02.jpg,1,Face2Face
original_sequences_youtube_c23_017_frame_02.jpg,0,youtube
original_sequences_youtube_c23_760_frame_04.jpg,0,youtube
manipulated_sequences_NeuralTextures_c23_234_187_frame_02.jpg,1,NeuralTextures
manipulated_sequences_Face2Face_c23_720_672_frame_02.jpg,1,Face2Face
original_sequences_youtube_c23_234_frame_01.jpg,0,youtube
original_sequences_youtube_c23_840_frame_04.jpg,0,youtube
manipulated_sequences_FaceShifter_c23_081_087_frame_05.jpg,1,FaceShifter
manipulated_sequences_NeuralTextures_c23_606_567_frame_01.jpg,1,NeuralTextures
manipulated_sequences_Face2Face_c23_723_704_frame_03.jpg,1,Face2Face
manipulated_sequences_FaceShifter_c23_136_285_frame_05.jpg,1,FaceShifter
original_sequences_youtube_c23_910_frame_01.jpg,0,youtube
manipulated_sequences_FaceShifter_c23_731_741_frame_01.jpg,1,FaceShifter
manipulated_sequences_Deepfakes_c23_321_288_frame_02.jpg,1,Deepfakes
original_sequences_youtube_c23_976_frame_01.jpg,0,youtube
original_sequences_youtube_c23_513_frame_05.jpg,0,youtube
original_sequences_youtube_c23_984_frame_04.jpg,0,youtube
original_sequences_youtube_c23_451_frame_05.jpg,0,youtube
original_sequences_youtube_c23_535_frame_05.jpg,0,youtube
original_sequences_youtube_c23_164_frame_05.jpg,0,youtube
original_sequences_youtube_c23_623_frame_05.jpg,0,youtube
manipulated_sequences_FaceSwap_c23_972_718_frame_04.jpg,1,FaceSwap
manipulated_sequences_Face2Face_c23_947_951_frame_04.jpg,1,Face2Face
original_sequences_youtube_c23_339_frame_05.jpg,0,youtube
original_sequences_youtube_c23_335_frame_04.jpg,0,youtube
original_sequences_youtube_c23_642_frame_03.jpg,0,youtube
original_sequences_youtube_c23_349_frame_02.jpg,0,youtube
original_sequences_youtube_c23_394_frame_05.jpg,0,youtube
manipulated_sequences_NeuralTextures_c23_521_517_frame_01.jpg,1,NeuralTextures
manipulated_sequences_Face2Face_c23_733_935_frame_03.jpg,1,Face2Face
manipulated_sequences_FaceShifter_c23_572_554_frame_04.jpg,1,FaceShifter
original_sequences_youtube_c23_389_frame_01.jpg,0,youtube
original_sequences_youtube_c23_206_frame_04.jpg,0,youtube
manipulated_sequences_Deepfakes_c23_704_723_frame_05.jpg,1,Deepfakes
manipulated_sequences_Face2Face_c23_681_711_frame_02.jpg,1,Face2Face
manipulated_sequences_FaceShifter_c23_006_002_frame_01.jpg,1,FaceShifter
original_sequences_youtube_c23_012_frame_02.jpg,0,youtube
original_sequences_youtube_c23_532_frame_04.jpg,0,youtube
manipulated_sequences_Face2Face_c23_060_088_frame_05.jpg,1,Face2Face
manipulated_sequences_NeuralTextures_c23_102_114_frame_02.jpg,1,NeuralTextures
original_sequences_youtube_c23_735_frame_04.jpg,0,youtube
original_sequences_youtube_c23_005_frame_02.jpg,0,youtube
manipulated_sequences_NeuralTextures_c23_011_805_frame_02.jpg,1,NeuralTextures
original_sequences_youtube_c23_347_frame_05.jpg,0,youtube
manipulated_sequences_Deepfakes_c23_622_647_frame_04.jpg,1,Deepfakes
manipulated_sequences_NeuralTextures_c23_536_540_frame_04.jpg,1,NeuralTextures
manipulated_sequences_Deepfakes_c23_637_427_frame_03.jpg,1,Deepfakes
original_sequences_youtube_c23_809_frame_03.jpg,0,youtube
manipulated_sequences_NeuralTextures_c23_317_359_frame_04.jpg,1,NeuralTextures
manipulated_sequences_FaceSwap_c23_075_977_frame_01.jpg,1,FaceSwap
original_sequences_youtube_c23_765_frame_04.jpg,0,youtube
original_sequences_youtube_c23_180_frame_01.jpg,0,youtube
original_sequences_youtube_c23_237_frame_01.jpg,0,youtube
original_sequences_youtube_c23_552_frame_03.jpg,0,youtube
original_sequences_youtube_c23_920_frame_05.jpg,0,youtube
manipulated_sequences_Face2Face_c23_780_869_frame_04.jpg,1,Face2Face
manipulated_sequences_Face2Face_c23_383_353_frame_05.jpg,1,Face2Face
manipulated_sequences_Face2Face_c23_758_754_frame_01.jpg,1,Face2Face
manipulated_sequences_FaceShifter_c23_959_957_frame_02.jpg,1,FaceShifter
manipulated_sequences_NeuralTextures_c23_453_402_frame_05.jpg,1,NeuralTextures
original_sequences_youtube_c23_749_frame_03.jpg,0,youtube
original_sequences_youtube_c23_761_frame_01.jpg,0,youtube
manipulated_sequences_NeuralTextures_c23_453_402_frame_02.jpg,1,NeuralTextures
original_sequences_youtube_c23_219_frame_03.jpg,0,youtube
manipulated_sequences_NeuralTextures_c23_744_674_frame_01.jpg,1,NeuralTextures
original_sequences_youtube_c23_842_frame_02.jpg,0,youtube
manipulated_sequences_Face2Face_c23_646_643_frame_05.jpg,1,Face2Face
original_sequences_youtube_c23_501_frame_01.jpg,0,youtube
manipulated_sequences_Face2Face_c23_072_037_frame_03.jpg,1,Face2Face
original_sequences_youtube_c23_318_frame_01.jpg,0,youtube
original_sequences_youtube_c23_960_frame_02.jpg,0,youtube
manipulated_sequences_Face2Face_c23_635_642_frame_01.jpg,1,Face2Face
manipulated_sequences_NeuralTextures_c23_379_158_frame_05.jpg,1,NeuralTextures
manipulated_sequences_Face2Face_c23_831_508_frame_03.jpg,1,Face2Face
manipulated_sequences_FaceShifter_c23_859_843_frame_02.jpg,1,FaceShifter
original_sequences_youtube_c23_475_frame_02.jpg,0,youtube
manipulated_sequences_Deepfakes_c23_757_573_frame_05.jpg,1,Deepfakes
original_sequences_youtube_c23_505_frame_01.jpg,0,youtube
original_sequences_youtube_c23_100_frame_02.jpg,0,youtube
manipulated_sequences_NeuralTextures_c23_092_098_frame_01.jpg,1,NeuralTextures
manipulated_sequences_FaceShifter_c23_461_250_frame_05.jpg,1,FaceShifter
original_sequences_youtube_c23_785_frame_02.jpg,0,youtube
manipulated_sequences_FaceSwap_c23_538_493_frame_01.jpg,1,FaceSwap
manipulated_sequences_Deepfakes_c23_545_553_frame_02.jpg,1,Deepfakes
original_sequences_youtube_c23_485_frame_05.jpg,0,youtube
original_sequences_youtube_c23_766_frame_01.jpg,0,youtube
original_sequences_youtube_c23_471_frame_01.jpg,0,youtube
manipulated_sequences_NeuralTextures_c23_483_370_frame_04.jpg,1,NeuralTextures
original_sequences_youtube_c23_024_frame_04.jpg,0,youtube
original_sequences_youtube_c23_320_frame_02.jpg,0,youtube
original_sequences_youtube_c23_699_frame_02.jpg,0,youtube
manipulated_sequences_FaceShifter_c23_479_706_frame_01.jpg,1,FaceShifter
manipulated_sequences_Face2Face_c23_102_114_frame_02.jpg,1,Face2Face
manipulated_sequences_Deepfakes_c23_783_916_frame_03.jpg,1,Deepfakes
original_sequences_youtube_c23_581_frame_05.jpg,0,youtube
original_sequences_youtube_c23_032_frame_05.jpg,0,youtube
original_sequences_youtube_c23_529_frame_03.jpg,0,youtube
original_sequences_youtube_c23_961_frame_02.jpg,0,youtube
manipulated_sequences_FaceShifter_c23_818_820_frame_01.jpg,1,FaceShifter
original_sequences_youtube_c23_488_frame_02.jpg,0,youtube
manipulated_sequences_NeuralTextures_c23_670_661_frame_03.jpg,1,NeuralTextures
manipulated_sequences_FaceShifter_c23_884_968_frame_03.jpg,1,FaceShifter
original_sequences_youtube_c23_424_frame_02.jpg,0,youtube
original_sequences_youtube_c23_645_frame_03.jpg,0,youtube
original_sequences_youtube_c23_771_frame_01.jpg,0,youtube
original_sequences_youtube_c23_724_frame_05.jpg,0,youtube
original_sequences_youtube_c23_056_frame_01.jpg,0,youtube
manipulated_sequences_Face2Face_c23_458_722_frame_02.jpg,1,Face2Face
original_sequences_youtube_c23_738_frame_04.jpg,0,youtube
original_sequences_youtube_c23_839_frame_02.jpg,0,youtube
original_sequences_youtube_c23_883_frame_02.jpg,0,youtube
original_sequences_youtube_c23_817_frame_03.jpg,0,youtube
original_sequences_youtube_c23_364_frame_04.jpg,0,youtube
original_sequences_youtube_c23_324_frame_03.jpg,0,youtube
original_sequences_youtube_c23_340_frame_04.jpg,0,youtube
manipulated_sequences_Deepfakes_c23_714_842_frame_04.jpg,1,Deepfakes
manipulated_sequences_Deepfakes_c23_786_819_frame_01.jpg,1,Deepfakes
manipulated_sequences_Deepfakes_c23_469_481_frame_02.jpg,1,Deepfakes
original_sequences_youtube_c23_840_frame_05.jpg,0,youtube
original_sequences_youtube_c23_031_frame_04.jpg,0,youtube
original_sequences_youtube_c23_889_frame_05.jpg,0,youtube
original_sequences_youtube_c23_653_frame_01.jpg,0,youtube
original_sequences_youtube_c23_634_frame_01.jpg,0,youtube
manipulated_sequences_Deepfakes_c23_926_900_frame_02.jpg,1,Deepfakes
original_sequences_youtube_c23_829_frame_04.jpg,0,youtube
original_sequences_youtube_c23_332_frame_02.jpg,0,youtube
manipulated_sequences_NeuralTextures_c23_395_401_frame_04.jpg,1,NeuralTextures
manipulated_sequences_Face2Face_c23_862_047_frame_02.jpg,1,Face2Face
manipulated_sequences_Face2Face_c23_453_402_frame_05.jpg,1,Face2Face
manipulated_sequences_Deepfakes_c23_283_313_frame_02.jpg,1,Deepfakes
original_sequences_youtube_c23_107_frame_02.jpg,0,youtube
original_sequences_youtube_c23_893_frame_05.jpg,0,youtube
original_sequences_youtube_c23_141_frame_05.jpg,0,youtube
original_sequences_youtube_c23_791_frame_02.jpg,0,youtube
original_sequences_youtube_c23_839_frame_04.jpg,0,youtube
manipulated_sequences_FaceShifter_c23_823_584_frame_02.jpg,1,FaceShifter
manipulated_sequences_Deepfakes_c23_264_271_frame_02.jpg,1,Deepfakes
manipulated_sequences_FaceSwap_c23_261_254_frame_04.jpg,1,FaceSwap
original_sequences_youtube_c23_661_frame_05.jpg,0,youtube
original_sequences_youtube_c23_308_frame_02.jpg,0,youtube
manipulated_sequences_NeuralTextures_c23_462_467_frame_04.jpg,1,NeuralTextures
original_sequences_youtube_c23_918_frame_03.jpg,0,youtube
original_sequences_youtube_c23_327_frame_01.jpg,0,youtube
original_sequences_youtube_c23_836_frame_02.jpg,0,youtube
original_sequences_youtube_c23_409_frame_02.jpg,0,youtube
manipulated_sequences_Face2Face_c23_379_158_frame_05.jpg,1,Face2Face
original_sequences_youtube_c23_550_frame_01.jpg,0,youtube
original_sequences_youtube_c23_618_frame_03.jpg,0,youtube
original_sequences_youtube_c23_500_frame_02.jpg,0,youtube
manipulated_sequences_NeuralTextures_c23_824_419_frame_02.jpg,1,NeuralTextures
manipulated_sequences_Deepfakes_c23_541_523_frame_05.jpg,1,Deepfakes
original_sequences_youtube_c23_782_frame_04.jpg,0,youtube
manipulated_sequences_Deepfakes_c23_663_231_frame_03.jpg,1,Deepfakes
manipulated_sequences_NeuralTextures_c23_431_447_frame_04.jpg,1,NeuralTextures
manipulated_sequences_FaceShifter_c23_200_189_frame_03.jpg,1,FaceShifter
original_sequences_youtube_c23_378_frame_05.jpg,0,youtube
original_sequences_youtube_c23_847_frame_04.jpg,0,youtube
manipulated_sequences_NeuralTextures_c23_418_507_frame_05.jpg,1,NeuralTextures
original_sequences_youtube_c23_321_frame_03.jpg,0,youtube
manipulated_sequences_Deepfakes_c23_084_042_frame_05.jpg,1,Deepfakes
manipulated_sequences_NeuralTextures_c23_786_819_frame_01.jpg,1,NeuralTextures
original_sequences_youtube_c23_191_frame_02.jpg,0,youtube
manipulated_sequences_Face2Face_c23_136_285_frame_05.jpg,1,Face2Face
original_sequences_youtube_c23_790_frame_03.jpg,0,youtube
original_sequences_youtube_c23_312_frame_05.jpg,0,youtube
manipulated_sequences_FaceSwap_c23_263_284_frame_04.jpg,1,FaceSwap
original_sequences_youtube_c23_465_frame_03.jpg,0,youtube
manipulated_sequences_Deepfakes_c23_572_554_frame_02.jpg,1,Deepfakes
manipulated_sequences_FaceShifter_c23_197_224_frame_03.jpg,1,FaceShifter
manipulated_sequences_FaceSwap_c23_287_426_frame_02.jpg,1,FaceSwap
original_sequences_youtube_c23_531_frame_01.jpg,0,youtube
original_sequences_youtube_c23_873_frame_04.jpg,0,youtube
original_sequences_youtube_c23_962_frame_01.jpg,0,youtube
original_sequences_youtube_c23_724_frame_01.jpg,0,youtube
original_sequences_youtube_c23_315_frame_03.jpg,0,youtube
manipulated_sequences_Deepfakes_c23_950_836_frame_05.jpg,1,Deepfakes
manipulated_sequences_Face2Face_c23_041_063_frame_04.jpg,1,Face2Face
original_sequences_youtube_c23_898_frame_04.jpg,0,youtube
original_sequences_youtube_c23_755_frame_02.jpg,0,youtube
original_sequences_youtube_c23_633_frame_04.jpg,0,youtube
original_sequences_youtube_c23_677_frame_05.jpg,0,youtube
manipulated_sequences_FaceSwap_c23_399_488_frame_05.jpg,1,FaceSwap
original_sequences_youtube_c23_067_frame_04.jpg,0,youtube
manipulated_sequences_NeuralTextures_c23_483_370_frame_02.jpg,1,NeuralTextures
manipulated_sequences_Deepfakes_c23_861_858_frame_05.jpg,1,Deepfakes
manipulated_sequences_Deepfakes_c23_035_036_frame_03.jpg,1,Deepfakes
manipulated_sequences_Deepfakes_c23_597_595_frame_03.jpg,1,Deepfakes
original_sequences_youtube_c23_725_frame_02.jpg,0,youtube
manipulated_sequences_Deepfakes_c23_230_204_frame_02.jpg,1,Deepfakes
manipulated_sequences_NeuralTextures_c23_261_254_frame_04.jpg,1,NeuralTextures
original_sequences_youtube_c23_648_frame_03.jpg,0,youtube
manipulated_sequences_NeuralTextures_c23_036_035_frame_05.jpg,1,NeuralTextures
original_sequences_youtube_c23_332_frame_03.jpg,0,youtube
manipulated_sequences_NeuralTextures_c23_644_657_frame_01.jpg,1,NeuralTextures
manipulated_sequences_Face2Face_c23_453_402_frame_02.jpg,1,Face2Face
manipulated_sequences_FaceShifter_c23_549_531_frame_04.jpg,1,FaceShifter
original_sequences_youtube_c23_526_frame_03.jpg,0,youtube
manipulated_sequences_Face2Face_c23_116_091_frame_02.jpg,1,Face2Face
original_sequences_youtube_c23_842_frame_03.jpg,0,youtube
original_sequences_youtube_c23_494_frame_01.jpg,0,youtube
manipulated_sequences_NeuralTextures_c23_531_549_frame_05.jpg,1,NeuralTextures
manipulated_sequences_FaceShifter_c23_092_098_frame_03.jpg,1,FaceShifter
manipulated_sequences_Deepfakes_c23_340_341_frame_04.jpg,1,Deepfakes
manipulated_sequences_Deepfakes_c23_950_836_frame_04.jpg,1,Deepfakes
manipulated_sequences_Deepfakes_c23_282_238_frame_01.jpg,1,Deepfakes
manipulated_sequences_FaceShifter_c23_383_353_frame_04.jpg,1,FaceShifter
manipulated_sequences_Deepfakes_c23_399_488_frame_05.jpg,1,Deepfakes
original_sequences_youtube_c23_068_frame_05.jpg,0,youtube
original_sequences_youtube_c23_767_frame_01.jpg,0,youtube
manipulated_sequences_FaceSwap_c23_318_334_frame_01.jpg,1,FaceSwap
original_sequences_youtube_c23_590_frame_04.jpg,0,youtube
original_sequences_youtube_c23_102_frame_04.jpg,0,youtube
original_sequences_youtube_c23_761_frame_05.jpg,0,youtube
manipulated_sequences_FaceShifter_c23_267_286_frame_05.jpg,1,FaceShifter
manipulated_sequences_Face2Face_c23_704_723_frame_05.jpg,1,Face2Face
original_sequences_youtube_c23_612_frame_04.jpg,0,youtube
manipulated_sequences_Deepfakes_c23_208_215_frame_03.jpg,1,Deepfakes
original_sequences_youtube_c23_190_frame_02.jpg,0,youtube
manipulated_sequences_NeuralTextures_c23_960_999_frame_05.jpg,1,NeuralTextures
manipulated_sequences_FaceSwap_c23_758_754_frame_01.jpg,1,FaceSwap
original_sequences_youtube_c23_264_frame_05.jpg,0,youtube
manipulated_sequences_Deepfakes_c23_920_811_frame_05.jpg,1,Deepfakes
original_sequences_youtube_c23_787_frame_02.jpg,0,youtube
manipulated_sequences_Face2Face_c23_284_263_frame_02.jpg,1,Face2Face
original_sequences_youtube_c23_686_frame_01.jpg,0,youtube
manipulated_sequences_NeuralTextures_c23_469_481_frame_02.jpg,1,NeuralTextures
original_sequences_youtube_c23_352_frame_03.jpg,0,youtube
manipulated_sequences_FaceShifter_c23_855_801_frame_02.jpg,1,FaceShifter
manipulated_sequences_NeuralTextures_c23_830_828_frame_04.jpg,1,NeuralTextures
original_sequences_youtube_c23_460_frame_03.jpg,0,youtube
original_sequences_youtube_c23_156_frame_02.jpg,0,youtube
manipulated_sequences_FaceShifter_c23_494_445_frame_04.jpg,1,FaceShifter
original_sequences_youtube_c23_215_frame_01.jpg,0,youtube
manipulated_sequences_Face2Face_c23_506_478_frame_02.jpg,1,Face2Face
original_sequences_youtube_c23_007_frame_04.jpg,0,youtube
manipulated_sequences_FaceSwap_c23_748_355_frame_03.jpg,1,FaceSwap
original_sequences_youtube_c23_097_frame_01.jpg,0,youtube
manipulated_sequences_Deepfakes_c23_608_675_frame_05.jpg,1,Deepfakes
manipulated_sequences_Deepfakes_c23_981_985_frame_04.jpg,1,Deepfakes
original_sequences_youtube_c23_248_frame_05.jpg,0,youtube
original_sequences_youtube_c23_507_frame_01.jpg,0,youtube
original_sequences_youtube_c23_291_frame_04.jpg,0,youtube
manipulated_sequences_FaceShifter_c23_321_288_frame_02.jpg,1,FaceShifter
manipulated_sequences_Deepfakes_c23_523_541_frame_02.jpg,1,Deepfakes
manipulated_sequences_Deepfakes_c23_480_389_frame_02.jpg,1,Deepfakes
original_sequences_youtube_c23_100_frame_05.jpg,0,youtube
original_sequences_youtube_c23_901_frame_05.jpg,0,youtube
original_sequences_youtube_c23_030_frame_04.jpg,0,youtube
original_sequences_youtube_c23_371_frame_05.jpg,0,youtube
original_sequences_youtube_c23_857_frame_03.jpg,0,youtube
manipulated_sequences_Face2Face_c23_698_693_frame_02.jpg,1,Face2Face
original_sequences_youtube_c23_913_frame_03.jpg,0,youtube
manipulated_sequences_FaceShifter_c23_089_065_frame_05.jpg,1,FaceShifter
original_sequences_youtube_c23_278_frame_02.jpg,0,youtube
manipulated_sequences_Deepfakes_c23_022_489_frame_03.jpg,1,Deepfakes
original_sequences_youtube_c23_523_frame_01.jpg,0,youtube
manipulated_sequences_Face2Face_c23_914_899_frame_04.jpg,1,Face2Face
manipulated_sequences_FaceShifter_c23_015_919_frame_01.jpg,1,FaceShifter
manipulated_sequences_Deepfakes_c23_623_630_frame_01.jpg,1,Deepfakes
manipulated_sequences_Face2Face_c23_142_138_frame_05.jpg,1,Face2Face
manipulated_sequences_Face2Face_c23_944_032_frame_02.jpg,1,Face2Face
manipulated_sequences_Face2Face_c23_441_439_frame_03.jpg,1,Face2Face
manipulated_sequences_Deepfakes_c23_536_540_frame_01.jpg,1,Deepfakes
original_sequences_youtube_c23_910_frame_04.jpg,0,youtube
original_sequences_youtube_c23_108_frame_04.jpg,0,youtube
manipulated_sequences_FaceShifter_c23_281_474_frame_05.jpg,1,FaceShifter
original_sequences_youtube_c23_885_frame_03.jpg,0,youtube
manipulated_sequences_NeuralTextures_c23_336_338_frame_05.jpg,1,NeuralTextures
manipulated_sequences_FaceShifter_c23_221_206_frame_04.jpg,1,FaceShifter
original_sequences_youtube_c23_036_frame_01.jpg,0,youtube
manipulated_sequences_Deepfakes_c23_737_719_frame_02.jpg,1,Deepfakes
manipulated_sequences_NeuralTextures_c23_832_762_frame_05.jpg,1,NeuralTextures
manipulated_sequences_Deepfakes_c23_831_508_frame_03.jpg,1,Deepfakes
original_sequences_youtube_c23_051_frame_04.jpg,0,youtube
manipulated_sequences_FaceSwap_c23_143_140_frame_04.jpg,1,FaceSwap
original_sequences_youtube_c23_607_frame_05.jpg,0,youtube
original_sequences_youtube_c23_561_frame_04.jpg,0,youtube
manipulated_sequences_FaceShifter_c23_695_422_frame_04.jpg,1,FaceShifter
manipulated_sequences_NeuralTextures_c23_930_763_frame_03.jpg,1,NeuralTextures
original_sequences_youtube_c23_816_frame_01.jpg,0,youtube
original_sequences_youtube_c23_302_frame_03.jpg,0,youtube
original_sequences_youtube_c23_384_frame_04.jpg,0,youtube
original_sequences_youtube_c23_900_frame_03.jpg,0,youtube
original_sequences_youtube_c23_486_frame_01.jpg,0,youtube
manipulated_sequences_Face2Face_c23_896_128_frame_04.jpg,1,Face2Face
original_sequences_youtube_c23_862_frame_04.jpg,0,youtube
original_sequences_youtube_c23_408_frame_03.jpg,0,youtube
original_sequences_youtube_c23_912_frame_01.jpg,0,youtube
original_sequences_youtube_c23_679_frame_05.jpg,0,youtube
manipulated_sequences_FaceShifter_c23_266_252_frame_02.jpg,1,FaceShifter
original_sequences_youtube_c23_965_frame_04.jpg,0,youtube
manipulated_sequences_NeuralTextures_c23_216_164_frame_05.jpg,1,NeuralTextures
manipulated_sequences_FaceShifter_c23_898_922_frame_04.jpg,1,FaceShifter
original_sequences_youtube_c23_835_frame_05.jpg,0,youtube
manipulated_sequences_FaceShifter_c23_667_446_frame_02.jpg,1,FaceShifter
manipulated_sequences_FaceSwap_c23_273_807_frame_03.jpg,1,FaceSwap
original_sequences_youtube_c23_278_frame_01.jpg,0,youtube
manipulated_sequences_FaceShifter_c23_483_370_frame_04.jpg,1,FaceShifter
original_sequences_youtube_c23_224_frame_05.jpg,0,youtube
original_sequences_youtube_c23_594_frame_02.jpg,0,youtube
manipulated_sequences_FaceSwap_c23_015_919_frame_04.jpg,1,FaceSwap
original_sequences_youtube_c23_411_frame_05.jpg,0,youtube
manipulated_sequences_NeuralTextures_c23_283_313_frame_02.jpg,1,NeuralTextures
manipulated_sequences_NeuralTextures_c23_417_496_frame_04.jpg,1,NeuralTextures
original_sequences_youtube_c23_975_frame_04.jpg,0,youtube
original_sequences_youtube_c23_648_frame_01.jpg,0,youtube
manipulated_sequences_FaceShifter_c23_374_407_frame_01.jpg,1,FaceShifter
manipulated_sequences_NeuralTextures_c23_241_210_frame_05.jpg,1,NeuralTextures
original_sequences_youtube_c23_628_frame_01.jpg,0,youtube
manipulated_sequences_Face2Face_c23_264_271_frame_04.jpg,1,Face2Face
manipulated_sequences_NeuralTextures_c23_817_827_frame_03.jpg,1,NeuralTextures
manipulated_sequences_Face2Face_c23_329_327_frame_04.jpg,1,Face2Face
original_sequences_youtube_c23_110_frame_03.jpg,0,youtube
original_sequences_youtube_c23_880_frame_04.jpg,0,youtube
manipulated_sequences_NeuralTextures_c23_653_601_frame_01.jpg,1,NeuralTextures
original_sequences_youtube_c23_754_frame_05.jpg,0,youtube
original_sequences_youtube_c23_468_frame_01.jpg,0,youtube
original_sequences_youtube_c23_304_frame_04.jpg,0,youtube
original_sequences_youtube_c23_185_frame_01.jpg,0,youtube
manipulated_sequences_FaceShifter_c23_520_542_frame_05.jpg,1,FaceShifter
manipulated_sequences_Deepfakes_c23_683_607_frame_04.jpg,1,Deepfakes
original_sequences_youtube_c23_237_frame_04.jpg,0,youtube
original_sequences_youtube_c23_277_frame_03.jpg,0,youtube
original_sequences_youtube_c23_064_frame_05.jpg,0,youtube
original_sequences_youtube_c23_046_frame_02.jpg,0,youtube
manipulated_sequences_FaceSwap_c23_091_116_frame_04.jpg,1,FaceSwap
original_sequences_youtube_c23_213_frame_05.jpg,0,youtube
manipulated_sequences_NeuralTextures_c23_741_731_frame_04.jpg,1,NeuralTextures
manipulated_sequences_FaceSwap_c23_217_117_frame_01.jpg,1,FaceSwap
original_sequences_youtube_c23_873_frame_03.jpg,0,youtube
manipulated_sequences_FaceShifter_c23_492_325_frame_01.jpg,1,FaceShifter
manipulated_sequences_FaceShifter_c23_312_021_frame_04.jpg,1,FaceShifter
original_sequences_youtube_c23_846_frame_05.jpg,0,youtube
original_sequences_youtube_c23_071_frame_02.jpg,0,youtube
manipulated_sequences_Deepfakes_c23_438_434_frame_05.jpg,1,Deepfakes
manipulated_sequences_Face2Face_c23_544_532_frame_02.jpg,1,Face2Face
original_sequences_youtube_c23_148_frame_04.jpg,0,youtube
original_sequences_youtube_c23_611_frame_04.jpg,0,youtube
original_sequences_youtube_c23_431_frame_03.jpg,0,youtube
original_sequences_youtube_c23_487_frame_01.jpg,0,youtube
original_sequences_youtube_c23_865_frame_02.jpg,0,youtube
manipulated_sequences_Deepfakes_c23_015_919_frame_01.jpg,1,Deepfakes
manipulated_sequences_NeuralTextures_c23_314_347_frame_04.jpg,1,NeuralTextures
original_sequences_youtube_c23_321_frame_04.jpg,0,youtube
original_sequences_youtube_c23_833_frame_04.jpg,0,youtube
manipulated_sequences_Face2Face_c23_586_223_frame_04.jpg,1,Face2Face
manipulated_sequences_NeuralTextures_c23_250_461_frame_05.jpg,1,NeuralTextures
manipulated_sequences_FaceShifter_c23_490_534_frame_03.jpg,1,FaceShifter
manipulated_sequences_Face2Face_c23_761_766_frame_03.jpg,1,Face2Face
original_sequences_youtube_c23_367_frame_02.jpg,0,youtube
original_sequences_youtube_c23_459_frame_04.jpg,0,youtube
manipulated_sequences_Face2Face_c23_672_720_frame_05.jpg,1,Face2Face
original_sequences_youtube_c23_406_frame_05.jpg,0,youtube
manipulated_sequences_NeuralTextures_c23_080_061_frame_04.jpg,1,NeuralTextures
manipulated_sequences_FaceSwap_c23_036_035_frame_05.jpg,1,FaceSwap
manipulated_sequences_Face2Face_c23_268_269_frame_04.jpg,1,Face2Face
original_sequences_youtube_c23_914_frame_05.jpg,0,youtube
manipulated_sequences_Face2Face_c23_975_978_frame_04.jpg,1,Face2Face
manipulated_sequences_Deepfakes_c23_530_594_frame_05.jpg,1,Deepfakes
original_sequences_youtube_c23_218_frame_04.jpg,0,youtube
manipulated_sequences_FaceShifter_c23_727_729_frame_04.jpg,1,FaceShifter
manipulated_sequences_Face2Face_c23_085_124_frame_04.jpg,1,Face2Face
manipulated_sequences_FaceSwap_c23_326_501_frame_03.jpg,1,FaceSwap
original_sequences_youtube_c23_350_frame_01.jpg,0,youtube
manipulated_sequences_FaceSwap_c23_563_537_frame_02.jpg,1,FaceSwap
original_sequences_youtube_c23_698_frame_03.jpg,0,youtube
manipulated_sequences_Face2Face_c23_820_818_frame_04.jpg,1,Face2Face
original_sequences_youtube_c23_119_frame_04.jpg,0,youtube
original_sequences_youtube_c23_649_frame_03.jpg,0,youtube
original_sequences_youtube_c23_124_frame_01.jpg,0,youtube
original_sequences_youtube_c23_227_frame_01.jpg,0,youtube
original_sequences_youtube_c23_866_frame_04.jpg,0,youtube
manipulated_sequences_Face2Face_c23_539_499_frame_01.jpg,1,Face2Face
manipulated_sequences_Face2Face_c23_731_741_frame_01.jpg,1,Face2Face
original_sequences_youtube_c23_527_frame_05.jpg,0,youtube
manipulated_sequences_FaceSwap_c23_073_024_frame_02.jpg,1,FaceSwap
manipulated_sequences_FaceShifter_c23_914_899_frame_04.jpg,1,FaceShifter
manipulated_sequences_Face2Face_c23_690_689_frame_02.jpg,1,Face2Face
original_sequences_youtube_c23_105_frame_02.jpg,0,youtube
manipulated_sequences_NeuralTextures_c23_871_814_frame_05.jpg,1,NeuralTextures
manipulated_sequences_FaceSwap_c23_033_097_frame_04.jpg,1,FaceSwap
original_sequences_youtube_c23_178_frame_01.jpg,0,youtube
original_sequences_youtube_c23_692_frame_05.jpg,0,youtube
original_sequences_youtube_c23_605_frame_04.jpg,0,youtube
original_sequences_youtube_c23_530_frame_03.jpg,0,youtube
original_sequences_youtube_c23_784_frame_04.jpg,0,youtube
original_sequences_youtube_c23_475_frame_04.jpg,0,youtube
manipulated_sequences_FaceShifter_c23_536_540_frame_01.jpg,1,FaceShifter
manipulated_sequences_Face2Face_c23_688_645_frame_05.jpg,1,Face2Face
manipulated_sequences_Deepfakes_c23_410_411_frame_03.jpg,1,Deepfakes
manipulated_sequences_Deepfakes_c23_642_635_frame_03.jpg,1,Deepfakes
manipulated_sequences_Deepfakes_c23_630_623_frame_03.jpg,1,Deepfakes
manipulated_sequences_FaceSwap_c23_813_700_frame_03.jpg,1,FaceSwap
manipulated_sequences_Face2Face_c23_675_608_frame_04.jpg,1,Face2Face
original_sequences_youtube_c23_340_frame_01.jpg,0,youtube
manipulated_sequences_FaceSwap_c23_048_029_frame_04.jpg,1,FaceSwap
original_sequences_youtube_c23_567_frame_01.jpg,0,youtube
manipulated_sequences_Face2Face_c23_968_884_frame_01.jpg,1,Face2Face
manipulated_sequences_FaceShifter_c23_120_118_frame_02.jpg,1,FaceShifter
original_sequences_youtube_c23_641_frame_02.jpg,0,youtube
original_sequences_youtube_c23_956_frame_04.jpg,0,youtube
original_sequences_youtube_c23_827_frame_04.jpg,0,youtube
original_sequences_youtube_c23_635_frame_04.jpg,0,youtube
manipulated_sequences_Deepfakes_c23_225_151_frame_02.jpg,1,Deepfakes
original_sequences_youtube_c23_094_frame_02.jpg,0,youtube
original_sequences_youtube_c23_821_frame_04.jpg,0,youtube
original_sequences_youtube_c23_791_frame_05.jpg,0,youtube
manipulated_sequences_Face2Face_c23_437_360_frame_01.jpg,1,Face2Face
manipulated_sequences_Deepfakes_c23_884_968_frame_01.jpg,1,Deepfakes
original_sequences_youtube_c23_556_frame_03.jpg,0,youtube
manipulated_sequences_FaceSwap_c23_683_607_frame_04.jpg,1,FaceSwap
manipulated_sequences_Face2Face_c23_597_595_frame_03.jpg,1,Face2Face
manipulated_sequences_Deepfakes_c23_033_097_frame_02.jpg,1,Deepfakes
manipulated_sequences_NeuralTextures_c23_482_465_frame_03.jpg,1,NeuralTextures
manipulated_sequences_FaceSwap_c23_907_795_frame_02.jpg,1,FaceSwap
original_sequences_youtube_c23_472_frame_02.jpg,0,youtube
manipulated_sequences_Deepfakes_c23_287_426_frame_02.jpg,1,Deepfakes
manipulated_sequences_Face2Face_c23_556_588_frame_02.jpg,1,Face2Face
manipulated_sequences_Deepfakes_c23_503_756_frame_04.jpg,1,Deepfakes
manipulated_sequences_NeuralTextures_c23_879_963_frame_03.jpg,1,NeuralTextures
manipulated_sequences_Deepfakes_c23_596_609_frame_02.jpg,1,Deepfakes
manipulated_sequences_NeuralTextures_c23_206_221_frame_01.jpg,1,NeuralTextures
manipulated_sequences_FaceShifter_c23_848_894_frame_04.jpg,1,FaceShifter
manipulated_sequences_Face2Face_c23_806_781_frame_01.jpg,1,Face2Face
manipulated_sequences_NeuralTextures_c23_841_639_frame_02.jpg,1,NeuralTextures
manipulated_sequences_Deepfakes_c23_408_424_frame_03.jpg,1,Deepfakes
manipulated_sequences_Face2Face_c23_357_432_frame_04.jpg,1,Face2Face
original_sequences_youtube_c23_793_frame_03.jpg,0,youtube
original_sequences_youtube_c23_850_frame_05.jpg,0,youtube
manipulated_sequences_NeuralTextures_c23_479_706_frame_02.jpg,1,NeuralTextures
manipulated_sequences_NeuralTextures_c23_332_051_frame_05.jpg,1,NeuralTextures
original_sequences_youtube_c23_564_frame_02.jpg,0,youtube
manipulated_sequences_Face2Face_c23_637_427_frame_01.jpg,1,Face2Face
original_sequences_youtube_c23_662_frame_02.jpg,0,youtube
manipulated_sequences_FaceShifter_c23_920_811_frame_05.jpg,1,FaceShifter
manipulated_sequences_Face2Face_c23_111_094_frame_03.jpg,1,Face2Face
original_sequences_youtube_c23_447_frame_02.jpg,0,youtube
original_sequences_youtube_c23_298_frame_01.jpg,0,youtube
manipulated_sequences_FaceShifter_c23_168_222_frame_05.jpg,1,FaceShifter
manipulated_sequences_Face2Face_c23_932_384_frame_03.jpg,1,Face2Face
manipulated_sequences_Face2Face_c23_711_681_frame_05.jpg,1,Face2Face
original_sequences_youtube_c23_598_frame_03.jpg,0,youtube
original_sequences_youtube_c23_087_frame_02.jpg,0,youtube
manipulated_sequences_FaceSwap_c23_471_455_frame_04.jpg,1,FaceSwap
manipulated_sequences_FaceSwap_c23_164_216_frame_01.jpg,1,FaceSwap
original_sequences_youtube_c23_339_frame_03.jpg,0,youtube
manipulated_sequences_Deepfakes_c23_897_969_frame_03.jpg,1,Deepfakes
manipulated_sequences_Face2Face_c23_436_526_frame_03.jpg,1,Face2Face
manipulated_sequences_Face2Face_c23_091_116_frame_01.jpg,1,Face2Face
manipulated_sequences_NeuralTextures_c23_111_094_frame_04.jpg,1,NeuralTextures
original_sequences_youtube_c23_327_frame_05.jpg,0,youtube
original_sequences_youtube_c23_233_frame_05.jpg,0,youtube
original_sequences_youtube_c23_969_frame_02.jpg,0,youtube
original_sequences_youtube_c23_314_frame_02.jpg,0,youtube
original_sequences_youtube_c23_181_frame_03.jpg,0,youtube
manipulated_sequences_Deepfakes_c23_317_359_frame_01.jpg,1,Deepfakes
original_sequences_youtube_c23_188_frame_02.jpg,0,youtube
manipulated_sequences_Deepfakes_c23_935_733_frame_04.jpg,1,Deepfakes
original_sequences_youtube_c23_323_frame_04.jpg,0,youtube
original_sequences_youtube_c23_030_frame_03.jpg,0,youtube
manipulated_sequences_Deepfakes_c23_927_912_frame_01.jpg,1,Deepfakes
original_sequences_youtube_c23_841_frame_03.jpg,0,youtube
manipulated_sequences_NeuralTextures_c23_574_547_frame_05.jpg,1,NeuralTextures
manipulated_sequences_FaceShifter_c23_847_906_frame_01.jpg,1,FaceShifter
original_sequences_youtube_c23_280_frame_01.jpg,0,youtube
manipulated_sequences_NeuralTextures_c23_844_797_frame_05.jpg,1,NeuralTextures
original_sequences_youtube_c23_247_frame_05.jpg,0,youtube
manipulated_sequences_FaceSwap_c23_667_446_frame_02.jpg,1,FaceSwap
manipulated_sequences_Face2Face_c23_508_831_frame_01.jpg,1,Face2Face
manipulated_sequences_NeuralTextures_c23_865_739_frame_04.jpg,1,NeuralTextures
manipulated_sequences_Face2Face_c23_431_447_frame_04.jpg,1,Face2Face
manipulated_sequences_Face2Face_c23_705_707_frame_02.jpg,1,Face2Face
original_sequences_youtube_c23_298_frame_03.jpg,0,youtube
original_sequences_youtube_c23_010_frame_05.jpg,0,youtube
original_sequences_youtube_c23_384_frame_03.jpg,0,youtube
original_sequences_youtube_c23_949_frame_02.jpg,0,youtube
original_sequences_youtube_c23_382_frame_01.jpg,0,youtube
original_sequences_youtube_c23_637_frame_01.jpg,0,youtube
manipulated_sequences_FaceSwap_c23_279_298_frame_03.jpg,1,FaceSwap
original_sequences_youtube_c23_984_frame_02.jpg,0,youtube
original_sequences_youtube_c23_909_frame_02.jpg,0,youtube
manipulated_sequences_Deepfakes_c23_312_021_frame_01.jpg,1,Deepfakes
original_sequences_youtube_c23_499_frame_03.jpg,0,youtube
original_sequences_youtube_c23_838_frame_01.jpg,0,youtube
original_sequences_youtube_c23_260_frame_05.jpg,0,youtube
manipulated_sequences_FaceShifter_c23_690_689_frame_05.jpg,1,FaceShifter
original_sequences_youtube_c23_624_frame_04.jpg,0,youtube
original_sequences_youtube_c23_682_frame_05.jpg,0,youtube
manipulated_sequences_NeuralTextures_c23_919_015_frame_01.jpg,1,NeuralTextures
original_sequences_youtube_c23_116_frame_05.jpg,0,youtube
original_sequences_youtube_c23_143_frame_04.jpg,0,youtube
original_sequences_youtube_c23_359_frame_01.jpg,0,youtube
manipulated_sequences_NeuralTextures_c23_908_207_frame_05.jpg,1,NeuralTextures
manipulated_sequences_NeuralTextures_c23_570_624_frame_04.jpg,1,NeuralTextures
manipulated_sequences_NeuralTextures_c23_839_864_frame_01.jpg,1,NeuralTextures
manipulated_sequences_Deepfakes_c23_877_886_frame_02.jpg,1,Deepfakes
manipulated_sequences_FaceSwap_c23_865_739_frame_04.jpg,1,FaceSwap
manipulated_sequences_Deepfakes_c23_707_705_frame_03.jpg,1,Deepfakes
original_sequences_youtube_c23_443_frame_02.jpg,0,youtube
manipulated_sequences_FaceSwap_c23_740_796_frame_03.jpg,1,FaceSwap
manipulated_sequences_Deepfakes_c23_630_623_frame_04.jpg,1,Deepfakes
manipulated_sequences_FaceSwap_c23_069_961_frame_01.jpg,1,FaceSwap
manipulated_sequences_Deepfakes_c23_756_503_frame_02.jpg,1,Deepfakes
original_sequences_youtube_c23_258_frame_04.jpg,0,youtube
manipulated_sequences_FaceSwap_c23_438_434_frame_02.jpg,1,FaceSwap
original_sequences_youtube_c23_986_frame_04.jpg,0,youtube
manipulated_sequences_FaceSwap_c23_596_609_frame_01.jpg,1,FaceSwap
manipulated_sequences_FaceShifter_c23_241_210_frame_05.jpg,1,FaceShifter
original_sequences_youtube_c23_381_frame_02.jpg,0,youtube
original_sequences_youtube_c23_955_frame_02.jpg,0,youtube
original_sequences_youtube_c23_901_frame_03.jpg,0,youtube
original_sequences_youtube_c23_203_frame_03.jpg,0,youtube
manipulated_sequences_Face2Face_c23_317_359_frame_04.jpg,1,Face2Face
original_sequences_youtube_c23_570_frame_03.jpg,0,youtube
original_sequences_youtube_c23_767_frame_05.jpg,0,youtube
manipulated_sequences_Deepfakes_c23_573_757_frame_03.jpg,1,Deepfakes
original_sequences_youtube_c23_090_frame_03.jpg,0,youtube
manipulated_sequences_FaceSwap_c23_924_917_frame_01.jpg,1,FaceSwap
manipulated_sequences_Face2Face_c23_194_235_frame_03.jpg,1,Face2Face
original_sequences_youtube_c23_004_frame_03.jpg,0,youtube
manipulated_sequences_FaceSwap_c23_350_349_frame_01.jpg,1,FaceSwap
manipulated_sequences_FaceSwap_c23_039_058_frame_03.jpg,1,FaceSwap
manipulated_sequences_FaceShifter_c23_392_339_frame_05.jpg,1,FaceShifter
manipulated_sequences_Face2Face_c23_049_946_frame_04.jpg,1,Face2Face
original_sequences_youtube_c23_808_frame_04.jpg,0,youtube
original_sequences_youtube_c23_210_frame_04.jpg,0,youtube
manipulated_sequences_FaceSwap_c23_704_723_frame_01.jpg,1,FaceSwap
original_sequences_youtube_c23_452_frame_01.jpg,0,youtube
original_sequences_youtube_c23_803_frame_01.jpg,0,youtube
manipulated_sequences_Face2Face_c23_024_073_frame_01.jpg,1,Face2Face
manipulated_sequences_FaceShifter_c23_045_889_frame_01.jpg,1,FaceShifter
manipulated_sequences_NeuralTextures_c23_074_825_frame_05.jpg,1,NeuralTextures
manipulated_sequences_Face2Face_c23_792_903_frame_04.jpg,1,Face2Face
manipulated_sequences_NeuralTextures_c23_581_697_frame_03.jpg,1,NeuralTextures
manipulated_sequences_Deepfakes_c23_436_526_frame_03.jpg,1,Deepfakes
manipulated_sequences_Face2Face_c23_468_470_frame_05.jpg,1,Face2Face
original_sequences_youtube_c23_361_frame_04.jpg,0,youtube
manipulated_sequences_FaceShifter_c23_357_432_frame_05.jpg,1,FaceShifter
manipulated_sequences_Deepfakes_c23_901_902_frame_04.jpg,1,Deepfakes
manipulated_sequences_Face2Face_c23_094_111_frame_01.jpg,1,Face2Face
original_sequences_youtube_c23_265_frame_03.jpg,0,youtube
original_sequences_youtube_c23_935_frame_02.jpg,0,youtube
manipulated_sequences_NeuralTextures_c23_070_057_frame_04.jpg,1,NeuralTextures
original_sequences_youtube_c23_290_frame_03.jpg,0,youtube
manipulated_sequences_FaceShifter_c23_836_950_frame_03.jpg,1,FaceShifter
original_sequences_youtube_c23_474_frame_05.jpg,0,youtube
manipulated_sequences_Face2Face_c23_234_187_frame_02.jpg,1,Face2Face
manipulated_sequences_FaceSwap_c23_438_434_frame_01.jpg,1,FaceSwap
manipulated_sequences_NeuralTextures_c23_411_410_frame_05.jpg,1,NeuralTextures
manipulated_sequences_Deepfakes_c23_575_603_frame_01.jpg,1,Deepfakes
original_sequences_youtube_c23_798_frame_02.jpg,0,youtube
original_sequences_youtube_c23_212_frame_01.jpg,0,youtube
manipulated_sequences_NeuralTextures_c23_663_231_frame_03.jpg,1,NeuralTextures
manipulated_sequences_Deepfakes_c23_094_111_frame_01.jpg,1,Deepfakes
manipulated_sequences_FaceSwap_c23_717_684_frame_02.jpg,1,FaceSwap
original_sequences_youtube_c23_048_frame_02.jpg,0,youtube
original_sequences_youtube_c23_239_frame_03.jpg,0,youtube
manipulated_sequences_Deepfakes_c23_424_408_frame_05.jpg,1,Deepfakes
original_sequences_youtube_c23_053_frame_04.jpg,0,youtube
original_sequences_youtube_c23_478_frame_05.jpg,0,youtube
original_sequences_youtube_c23_428_frame_04.jpg,0,youtube
original_sequences_youtube_c23_054_frame_01.jpg,0,youtube
manipulated_sequences_FaceSwap_c23_624_570_frame_04.jpg,1,FaceSwap
manipulated_sequences_FaceSwap_c23_892_112_frame_01.jpg,1,FaceSwap
manipulated_sequences_NeuralTextures_c23_048_029_frame_04.jpg,1,NeuralTextures
manipulated_sequences_FaceSwap_c23_468_470_frame_03.jpg,1,FaceSwap
original_sequences_youtube_c23_851_frame_04.jpg,0,youtube
manipulated_sequences_Face2Face_c23_950_836_frame_05.jpg,1,Face2Face
original_sequences_youtube_c23_389_frame_05.jpg,0,youtube
manipulated_sequences_FaceShifter_c23_507_418_frame_03.jpg,1,FaceShifter
manipulated_sequences_FaceSwap_c23_192_134_frame_04.jpg,1,FaceSwap
original_sequences_youtube_c23_773_frame_01.jpg,0,youtube
original_sequences_youtube_c23_005_frame_01.jpg,0,youtube
manipulated_sequences_FaceSwap_c23_036_035_frame_02.jpg,1,FaceSwap
manipulated_sequences_NeuralTextures_c23_266_252_frame_01.jpg,1,NeuralTextures
manipulated_sequences_Face2Face_c23_630_623_frame_01.jpg,1,Face2Face
original_sequences_youtube_c23_434_frame_04.jpg,0,youtube
original_sequences_youtube_c23_164_frame_02.jpg,0,youtube
manipulated_sequences_Deepfakes_c23_635_642_frame_01.jpg,1,Deepfakes
manipulated_sequences_Deepfakes_c23_545_553_frame_04.jpg,1,Deepfakes
manipulated_sequences_Deepfakes_c23_965_948_frame_02.jpg,1,Deepfakes
manipulated_sequences_Deepfakes_c23_017_803_frame_02.jpg,1,Deepfakes
manipulated_sequences_NeuralTextures_c23_837_890_frame_02.jpg,1,NeuralTextures
original_sequences_youtube_c23_575_frame_05.jpg,0,youtube
original_sequences_youtube_c23_374_frame_04.jpg,0,youtube
manipulated_sequences_FaceShifter_c23_295_099_frame_02.jpg,1,FaceShifter
manipulated_sequences_Deepfakes_c23_966_988_frame_02.jpg,1,Deepfakes
manipulated_sequences_Deepfakes_c23_226_491_frame_01.jpg,1,Deepfakes
original_sequences_youtube_c23_296_frame_05.jpg,0,youtube
original_sequences_youtube_c23_855_frame_03.jpg,0,youtube
manipulated_sequences_Deepfakes_c23_127_129_frame_05.jpg,1,Deepfakes
original_sequences_youtube_c23_030_frame_02.jpg,0,youtube
original_sequences_youtube_c23_450_frame_04.jpg,0,youtube
original_sequences_youtube_c23_232_frame_03.jpg,0,youtube
manipulated_sequences_Deepfakes_c23_667_446_frame_03.jpg,1,Deepfakes
original_sequences_youtube_c23_685_frame_05.jpg,0,youtube
original_sequences_youtube_c23_362_frame_03.jpg,0,youtube
original_sequences_youtube_c23_600_frame_02.jpg,0,youtube
original_sequences_youtube_c23_367_frame_05.jpg,0,youtube
manipulated_sequences_Deepfakes_c23_273_807_frame_03.jpg,1,Deepfakes
manipulated_sequences_FaceSwap_c23_160_928_frame_01.jpg,1,FaceSwap
manipulated_sequences_Deepfakes_c23_826_833_frame_05.jpg,1,Deepfakes
manipulated_sequences_FaceShifter_c23_858_861_frame_03.jpg,1,FaceShifter
original_sequences_youtube_c23_599_frame_03.jpg,0,youtube
manipulated_sequences_FaceSwap_c23_138_142_frame_01.jpg,1,FaceSwap
original_sequences_youtube_c23_691_frame_02.jpg,0,youtube
original_sequences_youtube_c23_378_frame_01.jpg,0,youtube
original_sequences_youtube_c23_253_frame_01.jpg,0,youtube
original_sequences_youtube_c23_606_frame_04.jpg,0,youtube
original_sequences_youtube_c23_223_frame_04.jpg,0,youtube
original_sequences_youtube_c23_236_frame_04.jpg,0,youtube
original_sequences_youtube_c23_848_frame_04.jpg,0,youtube
manipulated_sequences_FaceSwap_c23_779_794_frame_03.jpg,1,FaceSwap
original_sequences_youtube_c23_473_frame_03.jpg,0,youtube
manipulated_sequences_Face2Face_c23_140_143_frame_03.jpg,1,Face2Face
manipulated_sequences_Face2Face_c23_644_657_frame_05.jpg,1,Face2Face
manipulated_sequences_FaceShifter_c23_036_035_frame_03.jpg,1,FaceShifter
original_sequences_youtube_c23_312_frame_04.jpg,0,youtube
manipulated_sequences_Deepfakes_c23_925_933_frame_02.jpg,1,Deepfakes
manipulated_sequences_NeuralTextures_c23_408_424_frame_01.jpg,1,NeuralTextures
original_sequences_youtube_c23_707_frame_03.jpg,0,youtube
original_sequences_youtube_c23_690_frame_02.jpg,0,youtube
original_sequences_youtube_c23_126_frame_01.jpg,0,youtube
original_sequences_youtube_c23_817_frame_02.jpg,0,youtube
original_sequences_youtube_c23_181_frame_05.jpg,0,youtube
manipulated_sequences_Deepfakes_c23_745_777_frame_01.jpg,1,Deepfakes
original_sequences_youtube_c23_967_frame_01.jpg,0,youtube
original_sequences_youtube_c23_002_frame_03.jpg,0,youtube
original_sequences_youtube_c23_432_frame_02.jpg,0,youtube
original_sequences_youtube_c23_742_frame_04.jpg,0,youtube
original_sequences_youtube_c23_257_frame_03.jpg,0,youtube
original_sequences_youtube_c23_392_frame_04.jpg,0,youtube
manipulated_sequences_FaceShifter_c23_711_681_frame_05.jpg,1,FaceShifter
manipulated_sequences_NeuralTextures_c23_077_100_frame_05.jpg,1,NeuralTextures
original_sequences_youtube_c23_800_frame_02.jpg,0,youtube
manipulated_sequences_Face2Face_c23_368_378_frame_02.jpg,1,Face2Face
manipulated_sequences_FaceSwap_c23_221_206_frame_01.jpg,1,FaceSwap
manipulated_sequences_FaceSwap_c23_541_523_frame_05.jpg,1,FaceSwap
original_sequences_youtube_c23_795_frame_04.jpg,0,youtube
manipulated_sequences_Face2Face_c23_653_601_frame_03.jpg,1,Face2Face
original_sequences_youtube_c23_255_frame_01.jpg,0,youtube
original_sequences_youtube_c23_208_frame_04.jpg,0,youtube
original_sequences_youtube_c23_922_frame_05.jpg,0,youtube
original_sequences_youtube_c23_593_frame_02.jpg,0,youtube
original_sequences_youtube_c23_918_frame_01.jpg,0,youtube
manipulated_sequences_Deepfakes_c23_369_316_frame_05.jpg,1,Deepfakes
original_sequences_youtube_c23_038_frame_03.jpg,0,youtube
manipulated_sequences_FaceShifter_c23_394_373_frame_05.jpg,1,FaceShifter
original_sequences_youtube_c23_591_frame_04.jpg,0,youtube
original_sequences_youtube_c23_447_frame_01.jpg,0,youtube
original_sequences_youtube_c23_375_frame_03.jpg,0,youtube
manipulated_sequences_FaceSwap_c23_383_353_frame_04.jpg,1,FaceSwap
manipulated_sequences_Face2Face_c23_698_693_frame_04.jpg,1,Face2Face
manipulated_sequences_NeuralTextures_c23_745_777_frame_01.jpg,1,NeuralTextures
original_sequences_youtube_c23_596_frame_05.jpg,0,youtube
manipulated_sequences_Face2Face_c23_570_624_frame_03.jpg,1,Face2Face
original_sequences_youtube_c23_402_frame_04.jpg,0,youtube
manipulated_sequences_Face2Face_c23_479_706_frame_01.jpg,1,Face2Face
original_sequences_youtube_c23_249_frame_05.jpg,0,youtube
original_sequences_youtube_c23_874_frame_02.jpg,0,youtube
original_sequences_youtube_c23_355_frame_03.jpg,0,youtube
manipulated_sequences_NeuralTextures_c23_812_821_frame_05.jpg,1,NeuralTextures
manipulated_sequences_Face2Face_c23_884_968_frame_03.jpg,1,Face2Face
manipulated_sequences_FaceSwap_c23_266_252_frame_01.jpg,1,FaceSwap
original_sequences_youtube_c23_155_frame_03.jpg,0,youtube
manipulated_sequences_NeuralTextures_c23_132_007_frame_03.jpg,1,NeuralTextures
manipulated_sequences_Deepfakes_c23_493_538_frame_02.jpg,1,Deepfakes
manipulated_sequences_NeuralTextures_c23_630_623_frame_01.jpg,1,NeuralTextures
original_sequences_youtube_c23_252_frame_03.jpg,0,youtube
original_sequences_youtube_c23_407_frame_05.jpg,0,youtube
original_sequences_youtube_c23_003_frame_05.jpg,0,youtube
original_sequences_youtube_c23_426_frame_04.jpg,0,youtube
original_sequences_youtube_c23_479_frame_01.jpg,0,youtube
original_sequences_youtube_c23_104_frame_01.jpg,0,youtube
manipulated_sequences_NeuralTextures_c23_824_419_frame_03.jpg,1,NeuralTextures
manipulated_sequences_NeuralTextures_c23_749_659_frame_02.jpg,1,NeuralTextures
original_sequences_youtube_c23_924_frame_01.jpg,0,youtube
original_sequences_youtube_c23_313_frame_03.jpg,0,youtube
original_sequences_youtube_c23_447_frame_04.jpg,0,youtube
manipulated_sequences_FaceSwap_c23_111_094_frame_03.jpg,1,FaceSwap
manipulated_sequences_Face2Face_c23_356_324_frame_05.jpg,1,Face2Face
original_sequences_youtube_c23_688_frame_05.jpg,0,youtube
original_sequences_youtube_c23_770_frame_04.jpg,0,youtube
original_sequences_youtube_c23_164_frame_03.jpg,0,youtube
manipulated_sequences_NeuralTextures_c23_779_794_frame_03.jpg,1,NeuralTextures
manipulated_sequences_NeuralTextures_c23_992_980_frame_05.jpg,1,NeuralTextures
original_sequences_youtube_c23_169_frame_04.jpg,0,youtube
original_sequences_youtube_c23_126_frame_04.jpg,0,youtube
original_sequences_youtube_c23_877_frame_04.jpg,0,youtube
manipulated_sequences_Face2Face_c23_817_827_frame_03.jpg,1,Face2Face
original_sequences_youtube_c23_965_frame_02.jpg,0,youtube
manipulated_sequences_Face2Face_c23_912_927_frame_05.jpg,1,Face2Face
original_sequences_youtube_c23_311_frame_04.jpg,0,youtube
original_sequences_youtube_c23_615_frame_04.jpg,0,youtube
original_sequences_youtube_c23_740_frame_05.jpg,0,youtube
original_sequences_youtube_c23_792_frame_01.jpg,0,youtube
manipulated_sequences_NeuralTextures_c23_572_554_frame_04.jpg,1,NeuralTextures
manipulated_sequences_NeuralTextures_c23_423_421_frame_03.jpg,1,NeuralTextures
original_sequences_youtube_c23_195_frame_03.jpg,0,youtube
manipulated_sequences_FaceShifter_c23_926_900_frame_02.jpg,1,FaceShifter
original_sequences_youtube_c23_813_frame_02.jpg,0,youtube
manipulated_sequences_Face2Face_c23_829_808_frame_05.jpg,1,Face2Face
original_sequences_youtube_c23_092_frame_05.jpg,0,youtube
manipulated_sequences_Face2Face_c23_550_452_frame_02.jpg,1,Face2Face
original_sequences_youtube_c23_994_frame_03.jpg,0,youtube
original_sequences_youtube_c23_594_frame_01.jpg,0,youtube
original_sequences_youtube_c23_863_frame_03.jpg,0,youtube
original_sequences_youtube_c23_669_frame_04.jpg,0,youtube
manipulated_sequences_Face2Face_c23_252_266_frame_02.jpg,1,Face2Face
manipulated_sequences_FaceSwap_c23_250_461_frame_05.jpg,1,FaceSwap
original_sequences_youtube_c23_380_frame_02.jpg,0,youtube
original_sequences_youtube_c23_335_frame_03.jpg,0,youtube
original_sequences_youtube_c23_015_frame_01.jpg,0,youtube
manipulated_sequences_Deepfakes_c23_132_007_frame_03.jpg,1,Deepfakes
original_sequences_youtube_c23_925_frame_05.jpg,0,youtube
original_sequences_youtube_c23_373_frame_03.jpg,0,youtube
original_sequences_youtube_c23_307_frame_04.jpg,0,youtube
manipulated_sequences_Deepfakes_c23_318_334_frame_01.jpg,1,Deepfakes
manipulated_sequences_Deepfakes_c23_207_908_frame_02.jpg,1,Deepfakes
original_sequences_youtube_c23_945_frame_02.jpg,0,youtube
original_sequences_youtube_c23_053_frame_03.jpg,0,youtube
manipulated_sequences_FaceShifter_c23_270_297_frame_04.jpg,1,FaceShifter
manipulated_sequences_FaceSwap_c23_963_879_frame_04.jpg,1,FaceSwap
original_sequences_youtube_c23_365_frame_04.jpg,0,youtube
manipulated_sequences_FaceShifter_c23_753_789_frame_05.jpg,1,FaceShifter
original_sequences_youtube_c23_847_frame_01.jpg,0,youtube
original_sequences_youtube_c23_949_frame_04.jpg,0,youtube
manipulated_sequences_Face2Face_c23_145_299_frame_01.jpg,1,Face2Face
original_sequences_youtube_c23_100_frame_03.jpg,0,youtube
manipulated_sequences_FaceShifter_c23_416_342_frame_03.jpg,1,FaceShifter
manipulated_sequences_FaceSwap_c23_694_767_frame_03.jpg,1,FaceSwap
original_sequences_youtube_c23_523_frame_02.jpg,0,youtube
manipulated_sequences_NeuralTextures_c23_700_813_frame_02.jpg,1,NeuralTextures
original_sequences_youtube_c23_239_frame_04.jpg,0,youtube
manipulated_sequences_NeuralTextures_c23_174_964_frame_04.jpg,1,NeuralTextures
manipulated_sequences_FaceShifter_c23_586_223_frame_04.jpg,1,FaceShifter
manipulated_sequences_Deepfakes_c23_367_371_frame_04.jpg,1,Deepfakes
original_sequences_youtube_c23_185_frame_05.jpg,0,youtube
original_sequences_youtube_c23_193_frame_05.jpg,0,youtube
manipulated_sequences_Deepfakes_c23_455_471_frame_04.jpg,1,Deepfakes
original_sequences_youtube_c23_924_frame_03.jpg,0,youtube
original_sequences_youtube_c23_353_frame_01.jpg,0,youtube
manipulated_sequences_FaceSwap_c23_760_611_frame_04.jpg,1,FaceSwap
manipulated_sequences_FaceSwap_c23_785_736_frame_01.jpg,1,FaceSwap
original_sequences_youtube_c23_163_frame_01.jpg,0,youtube
original_sequences_youtube_c23_947_frame_02.jpg,0,youtube
original_sequences_youtube_c23_972_frame_05.jpg,0,youtube
manipulated_sequences_Face2Face_c23_029_048_frame_03.jpg,1,Face2Face
manipulated_sequences_FaceShifter_c23_399_488_frame_05.jpg,1,FaceShifter
manipulated_sequences_FaceShifter_c23_342_416_frame_05.jpg,1,FaceShifter
original_sequences_youtube_c23_555_frame_01.jpg,0,youtube
original_sequences_youtube_c23_557_frame_04.jpg,0,youtube
original_sequences_youtube_c23_093_frame_01.jpg,0,youtube
manipulated_sequences_NeuralTextures_c23_415_484_frame_05.jpg,1,NeuralTextures
original_sequences_youtube_c23_835_frame_02.jpg,0,youtube
original_sequences_youtube_c23_625_frame_04.jpg,0,youtube
manipulated_sequences_NeuralTextures_c23_872_873_frame_05.jpg,1,NeuralTextures
original_sequences_youtube_c23_304_frame_01.jpg,0,youtube
manipulated_sequences_FaceSwap_c23_144_122_frame_04.jpg,1,FaceSwap
original_sequences_youtube_c23_789_frame_03.jpg,0,youtube
manipulated_sequences_Deepfakes_c23_601_653_frame_01.jpg,1,Deepfakes
manipulated_sequences_Face2Face_c23_712_716_frame_01.jpg,1,Face2Face
original_sequences_youtube_c23_812_frame_03.jpg,0,youtube
manipulated_sequences_FaceSwap_c23_786_819_frame_01.jpg,1,FaceSwap
manipulated_sequences_Face2Face_c23_579_701_frame_05.jpg,1,Face2Face
manipulated_sequences_FaceShifter_c23_315_322_frame_05.jpg,1,FaceShifter
manipulated_sequences_Face2Face_c23_948_965_frame_03.jpg,1,Face2Face
original_sequences_youtube_c23_914_frame_01.jpg,0,youtube
original_sequences_youtube_c23_709_frame_05.jpg,0,youtube
manipulated_sequences_FaceSwap_c23_124_085_frame_01.jpg,1,FaceSwap
manipulated_sequences_NeuralTextures_c23_292_294_frame_04.jpg,1,NeuralTextures
manipulated_sequences_FaceShifter_c23_094_111_frame_05.jpg,1,FaceShifter
manipulated_sequences_Face2Face_c23_165_137_frame_04.jpg,1,Face2Face
original_sequences_youtube_c23_664_frame_05.jpg,0,youtube
manipulated_sequences_FaceSwap_c23_955_078_frame_01.jpg,1,FaceSwap
manipulated_sequences_NeuralTextures_c23_093_121_frame_05.jpg,1,NeuralTextures
original_sequences_youtube_c23_382_frame_03.jpg,0,youtube
original_sequences_youtube_c23_570_frame_02.jpg,0,youtube
original_sequences_youtube_c23_382_frame_02.jpg,0,youtube
original_sequences_youtube_c23_889_frame_02.jpg,0,youtube
original_sequences_youtube_c23_027_frame_02.jpg,0,youtube
manipulated_sequences_Deepfakes_c23_743_750_frame_04.jpg,1,Deepfakes
original_sequences_youtube_c23_197_frame_02.jpg,0,youtube
manipulated_sequences_NeuralTextures_c23_480_389_frame_03.jpg,1,NeuralTextures
manipulated_sequences_FaceShifter_c23_813_700_frame_01.jpg,1,FaceShifter
original_sequences_youtube_c23_637_frame_03.jpg,0,youtube
original_sequences_youtube_c23_044_frame_04.jpg,0,youtube
original_sequences_youtube_c23_003_frame_01.jpg,0,youtube
manipulated_sequences_FaceSwap_c23_138_142_frame_05.jpg,1,FaceSwap
original_sequences_youtube_c23_543_frame_04.jpg,0,youtube
manipulated_sequences_Face2Face_c23_468_470_frame_03.jpg,1,Face2Face
manipulated_sequences_Face2Face_c23_202_348_frame_05.jpg,1,Face2Face
manipulated_sequences_FaceSwap_c23_004_982_frame_03.jpg,1,FaceSwap
manipulated_sequences_FaceSwap_c23_261_254_frame_05.jpg,1,FaceSwap
manipulated_sequences_FaceShifter_c23_696_686_frame_04.jpg,1,FaceShifter
manipulated_sequences_Face2Face_c23_877_886_frame_02.jpg,1,Face2Face
manipulated_sequences_Face2Face_c23_696_686_frame_05.jpg,1,Face2Face
original_sequences_youtube_c23_780_frame_04.jpg,0,youtube
manipulated_sequences_Deepfakes_c23_102_114_frame_04.jpg,1,Deepfakes
original_sequences_youtube_c23_143_frame_01.jpg,0,youtube
manipulated_sequences_FaceSwap_c23_562_626_frame_04.jpg,1,FaceSwap
original_sequences_youtube_c23_239_frame_02.jpg,0,youtube
original_sequences_youtube_c23_150_frame_04.jpg,0,youtube
manipulated_sequences_Face2Face_c23_893_913_frame_01.jpg,1,Face2Face
original_sequences_youtube_c23_112_frame_03.jpg,0,youtube
manipulated_sequences_FaceSwap_c23_366_473_frame_02.jpg,1,FaceSwap
manipulated_sequences_Deepfakes_c23_168_222_frame_05.jpg,1,Deepfakes
manipulated_sequences_FaceSwap_c23_621_546_frame_04.jpg,1,FaceSwap
manipulated_sequences_Deepfakes_c23_238_282_frame_02.jpg,1,Deepfakes
manipulated_sequences_Deepfakes_c23_123_119_frame_04.jpg,1,Deepfakes
original_sequences_youtube_c23_303_frame_04.jpg,0,youtube
original_sequences_youtube_c23_207_frame_03.jpg,0,youtube
original_sequences_youtube_c23_852_frame_04.jpg,0,youtube
original_sequences_youtube_c23_433_frame_03.jpg,0,youtube
original_sequences_youtube_c23_033_frame_02.jpg,0,youtube
original_sequences_youtube_c23_103_frame_02.jpg,0,youtube
original_sequences_youtube_c23_410_frame_05.jpg,0,youtube
manipulated_sequences_Face2Face_c23_227_169_frame_05.jpg,1,Face2Face
manipulated_sequences_NeuralTextures_c23_963_879_frame_05.jpg,1,NeuralTextures
manipulated_sequences_NeuralTextures_c23_468_470_frame_03.jpg,1,NeuralTextures
manipulated_sequences_Deepfakes_c23_981_985_frame_01.jpg,1,Deepfakes
manipulated_sequences_Deepfakes_c23_041_063_frame_04.jpg,1,Deepfakes
manipulated_sequences_Face2Face_c23_887_275_frame_03.jpg,1,Face2Face
original_sequences_youtube_c23_588_frame_02.jpg,0,youtube
original_sequences_youtube_c23_434_frame_01.jpg,0,youtube
original_sequences_youtube_c23_785_frame_05.jpg,0,youtube
original_sequences_youtube_c23_301_frame_02.jpg,0,youtube
manipulated_sequences_NeuralTextures_c23_391_406_frame_03.jpg,1,NeuralTextures
original_sequences_youtube_c23_324_frame_04.jpg,0,youtube
manipulated_sequences_FaceShifter_c23_291_874_frame_01.jpg,1,FaceShifter
manipulated_sequences_Deepfakes_c23_311_387_frame_01.jpg,1,Deepfakes
original_sequences_youtube_c23_915_frame_04.jpg,0,youtube
manipulated_sequences_FaceSwap_c23_808_829_frame_02.jpg,1,FaceSwap
manipulated_sequences_FaceShifter_c23_698_693_frame_04.jpg,1,FaceShifter
original_sequences_youtube_c23_065_frame_05.jpg,0,youtube
manipulated_sequences_Face2Face_c23_346_351_frame_03.jpg,1,Face2Face
original_sequences_youtube_c23_531_frame_04.jpg,0,youtube
original_sequences_youtube_c23_535_frame_04.jpg,0,youtube
original_sequences_youtube_c23_067_frame_03.jpg,0,youtube
original_sequences_youtube_c23_980_frame_04.jpg,0,youtube
manipulated_sequences_NeuralTextures_c23_695_422_frame_03.jpg,1,NeuralTextures
manipulated_sequences_NeuralTextures_c23_803_017_frame_04.jpg,1,NeuralTextures
original_sequences_youtube_c23_744_frame_04.jpg,0,youtube
manipulated_sequences_FaceShifter_c23_506_478_frame_02.jpg,1,FaceShifter
original_sequences_youtube_c23_692_frame_03.jpg,0,youtube
manipulated_sequences_FaceSwap_c23_692_610_frame_02.jpg,1,FaceSwap
original_sequences_youtube_c23_867_frame_03.jpg,0,youtube
manipulated_sequences_Face2Face_c23_197_224_frame_05.jpg,1,Face2Face
original_sequences_youtube_c23_504_frame_04.jpg,0,youtube
manipulated_sequences_NeuralTextures_c23_350_349_frame_01.jpg,1,NeuralTextures
original_sequences_youtube_c23_816_frame_03.jpg,0,youtube
manipulated_sequences_FaceSwap_c23_996_056_frame_05.jpg,1,FaceSwap
original_sequences_youtube_c23_498_frame_02.jpg,0,youtube
original_sequences_youtube_c23_088_frame_04.jpg,0,youtube
original_sequences_youtube_c23_986_frame_03.jpg,0,youtube
original_sequences_youtube_c23_184_frame_01.jpg,0,youtube
original_sequences_youtube_c23_393_frame_05.jpg,0,youtube
manipulated_sequences_Face2Face_c23_978_975_frame_02.jpg,1,Face2Face
original_sequences_youtube_c23_517_frame_04.jpg,0,youtube
manipulated_sequences_FaceShifter_c23_408_424_frame_03.jpg,1,FaceShifter
original_sequences_youtube_c23_061_frame_03.jpg,0,youtube
original_sequences_youtube_c23_757_frame_01.jpg,0,youtube
original_sequences_youtube_c23_107_frame_01.jpg,0,youtube
manipulated_sequences_Face2Face_c23_935_733_frame_04.jpg,1,Face2Face
original_sequences_youtube_c23_439_frame_04.jpg,0,youtube
manipulated_sequences_Deepfakes_c23_634_660_frame_05.jpg,1,Deepfakes
original_sequences_youtube_c23_854_frame_02.jpg,0,youtube
original_sequences_youtube_c23_801_frame_02.jpg,0,youtube
original_sequences_youtube_c23_921_frame_04.jpg,0,youtube
manipulated_sequences_FaceSwap_c23_390_709_frame_03.jpg,1,FaceSwap
original_sequences_youtube_c23_443_frame_03.jpg,0,youtube
original_sequences_youtube_c23_355_frame_04.jpg,0,youtube
original_sequences_youtube_c23_161_frame_05.jpg,0,youtube
original_sequences_youtube_c23_750_frame_02.jpg,0,youtube
original_sequences_youtube_c23_658_frame_05.jpg,0,youtube
manipulated_sequences_Deepfakes_c23_876_891_frame_04.jpg,1,Deepfakes
original_sequences_youtube_c23_094_frame_05.jpg,0,youtube
original_sequences_youtube_c23_579_frame_05.jpg,0,youtube
original_sequences_youtube_c23_719_frame_01.jpg,0,youtube
original_sequences_youtube_c23_536_frame_01.jpg,0,youtube
manipulated_sequences_FaceShifter_c23_407_374_frame_04.jpg,1,FaceShifter
manipulated_sequences_FaceShifter_c23_521_517_frame_05.jpg,1,FaceShifter
original_sequences_youtube_c23_558_frame_01.jpg,0,youtube
original_sequences_youtube_c23_131_frame_04.jpg,0,youtube
original_sequences_youtube_c23_308_frame_04.jpg,0,youtube
original_sequences_youtube_c23_546_frame_05.jpg,0,youtube
original_sequences_youtube_c23_133_frame_05.jpg,0,youtube
original_sequences_youtube_c23_267_frame_05.jpg,0,youtube
manipulated_sequences_Face2Face_c23_581_697_frame_03.jpg,1,Face2Face
manipulated_sequences_FaceSwap_c23_966_988_frame_02.jpg,1,FaceSwap
manipulated_sequences_Deepfakes_c23_744_674_frame_01.jpg,1,Deepfakes
original_sequences_youtube_c23_738_frame_02.jpg,0,youtube
original_sequences_youtube_c23_988_frame_01.jpg,0,youtube
manipulated_sequences_FaceSwap_c23_720_672_frame_04.jpg,1,FaceSwap
original_sequences_youtube_c23_643_frame_05.jpg,0,youtube
original_sequences_youtube_c23_244_frame_03.jpg,0,youtube
manipulated_sequences_FaceShifter_c23_589_565_frame_04.jpg,1,FaceShifter
manipulated_sequences_NeuralTextures_c23_085_124_frame_01.jpg,1,NeuralTextures
original_sequences_youtube_c23_982_frame_04.jpg,0,youtube
original_sequences_youtube_c23_916_frame_03.jpg,0,youtube
original_sequences_youtube_c23_366_frame_01.jpg,0,youtube
original_sequences_youtube_c23_612_frame_03.jpg,0,youtube
manipulated_sequences_FaceSwap_c23_999_960_frame_02.jpg,1,FaceSwap
manipulated_sequences_FaceShifter_c23_227_169_frame_05.jpg,1,FaceShifter
original_sequences_youtube_c23_850_frame_04.jpg,0,youtube
original_sequences_youtube_c23_831_frame_01.jpg,0,youtube
original_sequences_youtube_c23_826_frame_04.jpg,0,youtube
original_sequences_youtube_c23_204_frame_04.jpg,0,youtube
original_sequences_youtube_c23_944_frame_01.jpg,0,youtube
manipulated_sequences_Deepfakes_c23_612_702_frame_04.jpg,1,Deepfakes
manipulated_sequences_Face2Face_c23_782_787_frame_02.jpg,1,Face2Face
original_sequences_youtube_c23_951_frame_02.jpg,0,youtube
original_sequences_youtube_c23_860_frame_05.jpg,0,youtube
original_sequences_youtube_c23_055_frame_03.jpg,0,youtube
original_sequences_youtube_c23_638_frame_03.jpg,0,youtube
original_sequences_youtube_c23_128_frame_01.jpg,0,youtube
manipulated_sequences_Face2Face_c23_227_169_frame_02.jpg,1,Face2Face
manipulated_sequences_NeuralTextures_c23_032_944_frame_05.jpg,1,NeuralTextures
original_sequences_youtube_c23_964_frame_02.jpg,0,youtube
original_sequences_youtube_c23_649_frame_04.jpg,0,youtube
original_sequences_youtube_c23_909_frame_04.jpg,0,youtube
original_sequences_youtube_c23_220_frame_02.jpg,0,youtube
manipulated_sequences_FaceSwap_c23_873_872_frame_03.jpg,1,FaceSwap
manipulated_sequences_Face2Face_c23_354_362_frame_03.jpg,1,Face2Face
original_sequences_youtube_c23_946_frame_05.jpg,0,youtube
original_sequences_youtube_c23_397_frame_02.jpg,0,youtube
manipulated_sequences_NeuralTextures_c23_707_705_frame_03.jpg,1,NeuralTextures
original_sequences_youtube_c23_680_frame_02.jpg,0,youtube
original_sequences_youtube_c23_551_frame_01.jpg,0,youtube
manipulated_sequences_NeuralTextures_c23_094_111_frame_05.jpg,1,NeuralTextures
original_sequences_youtube_c23_278_frame_03.jpg,0,youtube
original_sequences_youtube_c23_603_frame_05.jpg,0,youtube
original_sequences_youtube_c23_433_frame_02.jpg,0,youtube
original_sequences_youtube_c23_463_frame_01.jpg,0,youtube
manipulated_sequences_FaceShifter_c23_410_411_frame_03.jpg,1,FaceShifter
original_sequences_youtube_c23_685_frame_03.jpg,0,youtube
original_sequences_youtube_c23_176_frame_03.jpg,0,youtube
original_sequences_youtube_c23_675_frame_02.jpg,0,youtube
manipulated_sequences_FaceShifter_c23_008_990_frame_01.jpg,1,FaceShifter
original_sequences_youtube_c23_376_frame_04.jpg,0,youtube
original_sequences_youtube_c23_842_frame_01.jpg,0,youtube
original_sequences_youtube_c23_429_frame_05.jpg,0,youtube
manipulated_sequences_FaceSwap_c23_081_087_frame_05.jpg,1,FaceSwap
manipulated_sequences_NeuralTextures_c23_124_085_frame_05.jpg,1,NeuralTextures
original_sequences_youtube_c23_598_frame_05.jpg,0,youtube
manipulated_sequences_FaceShifter_c23_624_570_frame_04.jpg,1,FaceShifter
original_sequences_youtube_c23_381_frame_01.jpg,0,youtube
original_sequences_youtube_c23_344_frame_02.jpg,0,youtube
manipulated_sequences_FaceSwap_c23_077_100_frame_03.jpg,1,FaceSwap
original_sequences_youtube_c23_333_frame_02.jpg,0,youtube
original_sequences_youtube_c23_573_frame_01.jpg,0,youtube
manipulated_sequences_FaceSwap_c23_687_615_frame_05.jpg,1,FaceSwap
original_sequences_youtube_c23_225_frame_03.jpg,0,youtube
original_sequences_youtube_c23_744_frame_01.jpg,0,youtube
original_sequences_youtube_c23_170_frame_01.jpg,0,youtube
original_sequences_youtube_c23_678_frame_01.jpg,0,youtube
original_sequences_youtube_c23_129_frame_02.jpg,0,youtube
manipulated_sequences_NeuralTextures_c23_924_917_frame_01.jpg,1,NeuralTextures
original_sequences_youtube_c23_603_frame_04.jpg,0,youtube
manipulated_sequences_NeuralTextures_c23_482_465_frame_02.jpg,1,NeuralTextures
original_sequences_youtube_c23_195_frame_02.jpg,0,youtube
original_sequences_youtube_c23_870_frame_04.jpg,0,youtube
manipulated_sequences_NeuralTextures_c23_406_391_frame_01.jpg,1,NeuralTextures
manipulated_sequences_NeuralTextures_c23_033_097_frame_04.jpg,1,NeuralTextures
manipulated_sequences_Face2Face_c23_785_736_frame_01.jpg,1,Face2Face
manipulated_sequences_FaceSwap_c23_158_379_frame_04.jpg,1,FaceSwap
original_sequences_youtube_c23_372_frame_02.jpg,0,youtube
original_sequences_youtube_c23_947_frame_01.jpg,0,youtube
original_sequences_youtube_c23_019_frame_05.jpg,0,youtube
original_sequences_youtube_c23_273_frame_04.jpg,0,youtube
manipulated_sequences_FaceSwap_c23_075_977_frame_05.jpg,1,FaceSwap
original_sequences_youtube_c23_183_frame_02.jpg,0,youtube
manipulated_sequences_Face2Face_c23_333_377_frame_02.jpg,1,Face2Face
manipulated_sequences_Deepfakes_c23_074_825_frame_05.jpg,1,Deepfakes
original_sequences_youtube_c23_981_frame_03.jpg,0,youtube
manipulated_sequences_FaceSwap_c23_240_290_frame_04.jpg,1,FaceSwap
original_sequences_youtube_c23_516_frame_03.jpg,0,youtube
manipulated_sequences_Deepfakes_c23_289_228_frame_03.jpg,1,Deepfakes
original_sequences_youtube_c23_834_frame_02.jpg,0,youtube
manipulated_sequences_FaceSwap_c23_406_391_frame_05.jpg,1,FaceSwap
manipulated_sequences_FaceSwap_c23_223_586_frame_03.jpg,1,FaceSwap
manipulated_sequences_NeuralTextures_c23_762_832_frame_02.jpg,1,NeuralTextures
manipulated_sequences_NeuralTextures_c23_435_456_frame_05.jpg,1,NeuralTextures
manipulated_sequences_Deepfakes_c23_717_684_frame_02.jpg,1,Deepfakes
manipulated_sequences_Deepfakes_c23_001_870_frame_02.jpg,1,Deepfakes
manipulated_sequences_FaceSwap_c23_897_969_frame_03.jpg,1,FaceSwap
original_sequences_youtube_c23_070_frame_01.jpg,0,youtube
manipulated_sequences_FaceSwap_c23_397_602_frame_01.jpg,1,FaceSwap
original_sequences_youtube_c23_527_frame_02.jpg,0,youtube
original_sequences_youtube_c23_467_frame_02.jpg,0,youtube
manipulated_sequences_NeuralTextures_c23_005_010_frame_05.jpg,1,NeuralTextures
original_sequences_youtube_c23_295_frame_04.jpg,0,youtube
manipulated_sequences_Deepfakes_c23_860_905_frame_02.jpg,1,Deepfakes
manipulated_sequences_FaceShifter_c23_577_593_frame_04.jpg,1,FaceShifter
original_sequences_youtube_c23_013_frame_01.jpg,0,youtube
manipulated_sequences_Deepfakes_c23_487_477_frame_02.jpg,1,Deepfakes
original_sequences_youtube_c23_147_frame_02.jpg,0,youtube
original_sequences_youtube_c23_154_frame_05.jpg,0,youtube
original_sequences_youtube_c23_788_frame_02.jpg,0,youtube
manipulated_sequences_Face2Face_c23_416_342_frame_03.jpg,1,Face2Face
original_sequences_youtube_c23_348_frame_02.jpg,0,youtube
original_sequences_youtube_c23_084_frame_04.jpg,0,youtube
original_sequences_youtube_c23_212_frame_02.jpg,0,youtube
original_sequences_youtube_c23_755_frame_05.jpg,0,youtube
manipulated_sequences_FaceShifter_c23_707_705_frame_03.jpg,1,FaceShifter
original_sequences_youtube_c23_635_frame_03.jpg,0,youtube
original_sequences_youtube_c23_583_frame_03.jpg,0,youtube
manipulated_sequences_Face2Face_c23_390_709_frame_03.jpg,1,Face2Face
manipulated_sequences_Face2Face_c23_332_051_frame_05.jpg,1,Face2Face
manipulated_sequences_NeuralTextures_c23_488_399_frame_05.jpg,1,NeuralTextures
original_sequences_youtube_c23_175_frame_02.jpg,0,youtube
manipulated_sequences_Deepfakes_c23_431_447_frame_01.jpg,1,Deepfakes
manipulated_sequences_FaceShifter_c23_571_746_frame_04.jpg,1,FaceShifter
manipulated_sequences_NeuralTextures_c23_038_125_frame_01.jpg,1,NeuralTextures
manipulated_sequences_FaceShifter_c23_227_169_frame_02.jpg,1,FaceShifter
original_sequences_youtube_c23_165_frame_05.jpg,0,youtube
original_sequences_youtube_c23_073_frame_04.jpg,0,youtube
original_sequences_youtube_c23_898_frame_01.jpg,0,youtube
original_sequences_youtube_c23_865_frame_01.jpg,0,youtube
manipulated_sequences_Deepfakes_c23_755_759_frame_04.jpg,1,Deepfakes
manipulated_sequences_FaceShifter_c23_504_502_frame_05.jpg,1,FaceShifter
original_sequences_youtube_c23_301_frame_04.jpg,0,youtube
original_sequences_youtube_c23_474_frame_02.jpg,0,youtube
original_sequences_youtube_c23_090_frame_01.jpg,0,youtube
original_sequences_youtube_c23_059_frame_05.jpg,0,youtube
original_sequences_youtube_c23_580_frame_04.jpg,0,youtube
manipulated_sequences_NeuralTextures_c23_423_421_frame_05.jpg,1,NeuralTextures
manipulated_sequences_FaceShifter_c23_607_683_frame_05.jpg,1,FaceShifter
manipulated_sequences_FaceSwap_c23_382_409_frame_01.jpg,1,FaceSwap
manipulated_sequences_NeuralTextures_c23_565_589_frame_02.jpg,1,NeuralTextures
manipulated_sequences_FaceShifter_c23_283_313_frame_02.jpg,1,FaceShifter
manipulated_sequences_Face2Face_c23_104_126_frame_05.jpg,1,Face2Face
original_sequences_youtube_c23_323_frame_05.jpg,0,youtube
manipulated_sequences_NeuralTextures_c23_834_852_frame_01.jpg,1,NeuralTextures
original_sequences_youtube_c23_974_frame_04.jpg,0,youtube
original_sequences_youtube_c23_106_frame_01.jpg,0,youtube
manipulated_sequences_FaceSwap_c23_120_118_frame_02.jpg,1,FaceSwap
manipulated_sequences_Face2Face_c23_588_556_frame_04.jpg,1,Face2Face
original_sequences_youtube_c23_099_frame_02.jpg,0,youtube
original_sequences_youtube_c23_524_frame_01.jpg,0,youtube
original_sequences_youtube_c23_891_frame_02.jpg,0,youtube
original_sequences_youtube_c23_923_frame_03.jpg,0,youtube
original_sequences_youtube_c23_826_frame_03.jpg,0,youtube
manipulated_sequences_Deepfakes_c23_780_869_frame_04.jpg,1,Deepfakes
manipulated_sequences_Face2Face_c23_501_326_frame_03.jpg,1,Face2Face
original_sequences_youtube_c23_710_frame_02.jpg,0,youtube
manipulated_sequences_Face2Face_c23_377_333_frame_03.jpg,1,Face2Face
original_sequences_youtube_c23_375_frame_05.jpg,0,youtube
original_sequences_youtube_c23_624_frame_03.jpg,0,youtube
original_sequences_youtube_c23_398_frame_02.jpg,0,youtube
manipulated_sequences_Deepfakes_c23_864_839_frame_04.jpg,1,Deepfakes
manipulated_sequences_FaceSwap_c23_252_266_frame_03.jpg,1,FaceSwap
original_sequences_youtube_c23_200_frame_03.jpg,0,youtube
manipulated_sequences_FaceShifter_c23_698_693_frame_02.jpg,1,FaceShifter
manipulated_sequences_Deepfakes_c23_202_348_frame_04.jpg,1,Deepfakes
original_sequences_youtube_c23_453_frame_03.jpg,0,youtube
manipulated_sequences_FaceSwap_c23_803_017_frame_04.jpg,1,FaceSwap
manipulated_sequences_Face2Face_c23_527_454_frame_02.jpg,1,Face2Face
manipulated_sequences_FaceSwap_c23_854_747_frame_05.jpg,1,FaceSwap
manipulated_sequences_NeuralTextures_c23_950_836_frame_05.jpg,1,NeuralTextures
manipulated_sequences_NeuralTextures_c23_549_531_frame_04.jpg,1,NeuralTextures
original_sequences_youtube_c23_831_frame_02.jpg,0,youtube
manipulated_sequences_FaceSwap_c23_321_288_frame_01.jpg,1,FaceSwap
manipulated_sequences_FaceSwap_c23_457_398_frame_04.jpg,1,FaceSwap
manipulated_sequences_Face2Face_c23_141_161_frame_02.jpg,1,Face2Face
original_sequences_youtube_c23_680_frame_01.jpg,0,youtube
original_sequences_youtube_c23_028_frame_04.jpg,0,youtube
manipulated_sequences_FaceShifter_c23_510_528_frame_04.jpg,1,FaceShifter
manipulated_sequences_NeuralTextures_c23_448_361_frame_02.jpg,1,NeuralTextures
original_sequences_youtube_c23_718_frame_04.jpg,0,youtube
manipulated_sequences_FaceShifter_c23_252_266_frame_02.jpg,1,FaceShifter
original_sequences_youtube_c23_549_frame_04.jpg,0,youtube
manipulated_sequences_FaceSwap_c23_024_073_frame_04.jpg,1,FaceSwap
original_sequences_youtube_c23_844_frame_02.jpg,0,youtube
original_sequences_youtube_c23_708_frame_02.jpg,0,youtube
original_sequences_youtube_c23_934_frame_05.jpg,0,youtube
manipulated_sequences_FaceShifter_c23_903_792_frame_04.jpg,1,FaceShifter
manipulated_sequences_FaceShifter_c23_316_369_frame_01.jpg,1,FaceShifter
manipulated_sequences_Deepfakes_c23_647_622_frame_03.jpg,1,Deepfakes
original_sequences_youtube_c23_226_frame_03.jpg,0,youtube
original_sequences_youtube_c23_470_frame_01.jpg,0,youtube
original_sequences_youtube_c23_892_frame_02.jpg,0,youtube
original_sequences_youtube_c23_645_frame_05.jpg,0,youtube
original_sequences_youtube_c23_671_frame_05.jpg,0,youtube
manipulated_sequences_FaceSwap_c23_391_406_frame_01.jpg,1,FaceSwap
original_sequences_youtube_c23_497_frame_04.jpg,0,youtube
original_sequences_youtube_c23_937_frame_04.jpg,0,youtube
original_sequences_youtube_c23_797_frame_04.jpg,0,youtube
original_sequences_youtube_c23_023_frame_04.jpg,0,youtube
original_sequences_youtube_c23_076_frame_01.jpg,0,youtube
original_sequences_youtube_c23_018_frame_03.jpg,0,youtube
manipulated_sequences_FaceShifter_c23_150_153_frame_05.jpg,1,FaceShifter
original_sequences_youtube_c23_341_frame_03.jpg,0,youtube
manipulated_sequences_FaceSwap_c23_855_801_frame_03.jpg,1,FaceSwap
manipulated_sequences_FaceShifter_c23_261_254_frame_04.jpg,1,FaceShifter
original_sequences_youtube_c23_955_frame_04.jpg,0,youtube
original_sequences_youtube_c23_907_frame_03.jpg,0,youtube
original_sequences_youtube_c23_238_frame_02.jpg,0,youtube
original_sequences_youtube_c23_446_frame_03.jpg,0,youtube
original_sequences_youtube_c23_990_frame_02.jpg,0,youtube
manipulated_sequences_FaceSwap_c23_435_456_frame_05.jpg,1,FaceSwap
original_sequences_youtube_c23_398_frame_03.jpg,0,youtube
manipulated_sequences_Face2Face_c23_047_862_frame_02.jpg,1,Face2Face
manipulated_sequences_Deepfakes_c23_645_688_frame_04.jpg,1,Deepfakes
manipulated_sequences_Face2Face_c23_216_164_frame_05.jpg,1,Face2Face
manipulated_sequences_Deepfakes_c23_108_052_frame_02.jpg,1,Deepfakes
original_sequences_youtube_c23_408_frame_05.jpg,0,youtube
manipulated_sequences_NeuralTextures_c23_596_609_frame_02.jpg,1,NeuralTextures
original_sequences_youtube_c23_498_frame_03.jpg,0,youtube
original_sequences_youtube_c23_696_frame_02.jpg,0,youtube
manipulated_sequences_Deepfakes_c23_816_649_frame_05.jpg,1,Deepfakes
original_sequences_youtube_c23_146_frame_04.jpg,0,youtube
original_sequences_youtube_c23_634_frame_04.jpg,0,youtube
manipulated_sequences_Face2Face_c23_031_163_frame_04.jpg,1,Face2Face
manipulated_sequences_FaceShifter_c23_635_642_frame_01.jpg,1,FaceShifter
original_sequences_youtube_c23_496_frame_01.jpg,0,youtube
original_sequences_youtube_c23_471_frame_02.jpg,0,youtube
original_sequences_youtube_c23_036_frame_03.jpg,0,youtube
original_sequences_youtube_c23_158_frame_05.jpg,0,youtube
manipulated_sequences_Deepfakes_c23_192_134_frame_04.jpg,1,Deepfakes
original_sequences_youtube_c23_201_frame_02.jpg,0,youtube
manipulated_sequences_NeuralTextures_c23_354_362_frame_03.jpg,1,NeuralTextures
manipulated_sequences_NeuralTextures_c23_142_138_frame_02.jpg,1,NeuralTextures
manipulated_sequences_FaceSwap_c23_197_224_frame_03.jpg,1,FaceSwap
manipulated_sequences_Face2Face_c23_741_731_frame_04.jpg,1,Face2Face
original_sequences_youtube_c23_911_frame_05.jpg,0,youtube
original_sequences_youtube_c23_016_frame_03.jpg,0,youtube
original_sequences_youtube_c23_252_frame_04.jpg,0,youtube
manipulated_sequences_Deepfakes_c23_501_326_frame_03.jpg,1,Deepfakes
original_sequences_youtube_c23_622_frame_01.jpg,0,youtube
manipulated_sequences_Deepfakes_c23_786_819_frame_05.jpg,1,Deepfakes
original_sequences_youtube_c23_578_frame_01.jpg,0,youtube
manipulated_sequences_NeuralTextures_c23_116_091_frame_02.jpg,1,NeuralTextures
manipulated_sequences_Face2Face_c23_155_576_frame_02.jpg,1,Face2Face
manipulated_sequences_FaceSwap_c23_829_808_frame_02.jpg,1,FaceSwap
original_sequences_youtube_c23_769_frame_02.jpg,0,youtube
manipulated_sequences_Deepfakes_c23_024_073_frame_04.jpg,1,Deepfakes
original_sequences_youtube_c23_140_frame_02.jpg,0,youtube
manipulated_sequences_Face2Face_c23_904_046_frame_05.jpg,1,Face2Face
original_sequences_youtube_c23_717_frame_02.jpg,0,youtube
original_sequences_youtube_c23_478_frame_02.jpg,0,youtube
original_sequences_youtube_c23_076_frame_05.jpg,0,youtube
manipulated_sequences_Face2Face_c23_001_870_frame_02.jpg,1,Face2Face
original_sequences_youtube_c23_565_frame_05.jpg,0,youtube
original_sequences_youtube_c23_481_frame_03.jpg,0,youtube
original_sequences_youtube_c23_507_frame_04.jpg,0,youtube
manipulated_sequences_Deepfakes_c23_494_445_frame_04.jpg,1,Deepfakes
original_sequences_youtube_c23_208_frame_02.jpg,0,youtube
manipulated_sequences_Deepfakes_c23_382_409_frame_01.jpg,1,Deepfakes
manipulated_sequences_Face2Face_c23_633_529_frame_04.jpg,1,Face2Face
original_sequences_youtube_c23_932_frame_04.jpg,0,youtube
manipulated_sequences_FaceShifter_c23_350_349_frame_05.jpg,1,FaceShifter
manipulated_sequences_FaceShifter_c23_193_030_frame_02.jpg,1,FaceShifter
original_sequences_youtube_c23_042_frame_01.jpg,0,youtube
original_sequences_youtube_c23_939_frame_01.jpg,0,youtube
original_sequences_youtube_c23_287_frame_04.jpg,0,youtube
manipulated_sequences_Deepfakes_c23_383_353_frame_05.jpg,1,Deepfakes
original_sequences_youtube_c23_819_frame_02.jpg,0,youtube
original_sequences_youtube_c23_258_frame_01.jpg,0,youtube
manipulated_sequences_Face2Face_c23_855_801_frame_05.jpg,1,Face2Face
original_sequences_youtube_c23_240_frame_02.jpg,0,youtube
original_sequences_youtube_c23_416_frame_02.jpg,0,youtube
manipulated_sequences_NeuralTextures_c23_863_853_frame_03.jpg,1,NeuralTextures
manipulated_sequences_Face2Face_c23_546_621_frame_05.jpg,1,Face2Face
original_sequences_youtube_c23_371_frame_02.jpg,0,youtube
manipulated_sequences_Face2Face_c23_813_700_frame_01.jpg,1,Face2Face
manipulated_sequences_NeuralTextures_c23_902_901_frame_03.jpg,1,NeuralTextures
manipulated_sequences_Face2Face_c23_289_228_frame_03.jpg,1,Face2Face
manipulated_sequences_FaceShifter_c23_357_432_frame_04.jpg,1,FaceShifter
manipulated_sequences_Face2Face_c23_807_273_frame_05.jpg,1,Face2Face
manipulated_sequences_Deepfakes_c23_978_975_frame_02.jpg,1,Deepfakes
manipulated_sequences_FaceSwap_c23_041_063_frame_05.jpg,1,FaceSwap
manipulated_sequences_FaceShifter_c23_168_222_frame_03.jpg,1,FaceShifter
original_sequences_youtube_c23_716_frame_05.jpg,0,youtube
manipulated_sequences_FaceSwap_c23_221_206_frame_04.jpg,1,FaceSwap
original_sequences_youtube_c23_964_frame_03.jpg,0,youtube
manipulated_sequences_FaceShifter_c23_991_064_frame_05.jpg,1,FaceShifter
original_sequences_youtube_c23_254_frame_02.jpg,0,youtube
manipulated_sequences_NeuralTextures_c23_790_014_frame_03.jpg,1,NeuralTextures
original_sequences_youtube_c23_058_frame_05.jpg,0,youtube
original_sequences_youtube_c23_081_frame_05.jpg,0,youtube
manipulated_sequences_Face2Face_c23_250_461_frame_05.jpg,1,Face2Face
manipulated_sequences_Face2Face_c23_996_056_frame_05.jpg,1,Face2Face
manipulated_sequences_FaceSwap_c23_145_299_frame_01.jpg,1,FaceSwap
manipulated_sequences_FaceShifter_c23_231_663_frame_01.jpg,1,FaceShifter
original_sequences_youtube_c23_500_frame_03.jpg,0,youtube
original_sequences_youtube_c23_945_frame_03.jpg,0,youtube
original_sequences_youtube_c23_106_frame_02.jpg,0,youtube
original_sequences_youtube_c23_563_frame_05.jpg,0,youtube
original_sequences_youtube_c23_452_frame_05.jpg,0,youtube
original_sequences_youtube_c23_223_frame_02.jpg,0,youtube
manipulated_sequences_FaceSwap_c23_453_402_frame_04.jpg,1,FaceSwap
original_sequences_youtube_c23_039_frame_01.jpg,0,youtube
original_sequences_youtube_c23_038_frame_04.jpg,0,youtube
manipulated_sequences_FaceShifter_c23_111_094_frame_04.jpg,1,FaceShifter
manipulated_sequences_Deepfakes_c23_357_432_frame_05.jpg,1,Deepfakes
original_sequences_youtube_c23_313_frame_02.jpg,0,youtube
manipulated_sequences_NeuralTextures_c23_648_654_frame_03.jpg,1,NeuralTextures
original_sequences_youtube_c23_391_frame_03.jpg,0,youtube
manipulated_sequences_FaceSwap_c23_637_427_frame_01.jpg,1,FaceSwap
original_sequences_youtube_c23_120_frame_05.jpg,0,youtube
original_sequences_youtube_c23_409_frame_03.jpg,0,youtube
original_sequences_youtube_c23_102_frame_03.jpg,0,youtube
original_sequences_youtube_c23_513_frame_04.jpg,0,youtube
manipulated_sequences_Face2Face_c23_223_586_frame_03.jpg,1,Face2Face
original_sequences_youtube_c23_860_frame_04.jpg,0,youtube
manipulated_sequences_NeuralTextures_c23_687_615_frame_05.jpg,1,NeuralTextures
manipulated_sequences_Deepfakes_c23_392_339_frame_01.jpg,1,Deepfakes
manipulated_sequences_Deepfakes_c23_701_579_frame_03.jpg,1,Deepfakes
manipulated_sequences_FaceSwap_c23_979_875_frame_02.jpg,1,FaceSwap
original_sequences_youtube_c23_104_frame_02.jpg,0,youtube
manipulated_sequences_Deepfakes_c23_472_511_frame_02.jpg,1,Deepfakes
original_sequences_youtube_c23_968_frame_03.jpg,0,youtube
manipulated_sequences_FaceSwap_c23_165_137_frame_02.jpg,1,FaceSwap
original_sequences_youtube_c23_440_frame_01.jpg,0,youtube
original_sequences_youtube_c23_743_frame_05.jpg,0,youtube
original_sequences_youtube_c23_867_frame_04.jpg,0,youtube
original_sequences_youtube_c23_586_frame_04.jpg,0,youtube
manipulated_sequences_Face2Face_c23_866_878_frame_05.jpg,1,Face2Face
original_sequences_youtube_c23_726_frame_05.jpg,0,youtube
manipulated_sequences_FaceShifter_c23_552_851_frame_02.jpg,1,FaceShifter
original_sequences_youtube_c23_422_frame_03.jpg,0,youtube
original_sequences_youtube_c23_330_frame_03.jpg,0,youtube
manipulated_sequences_Face2Face_c23_824_419_frame_03.jpg,1,Face2Face
manipulated_sequences_FaceShifter_c23_080_061_frame_04.jpg,1,FaceShifter
manipulated_sequences_Deepfakes_c23_145_299_frame_01.jpg,1,Deepfakes
manipulated_sequences_Face2Face_c23_358_380_frame_02.jpg,1,Face2Face
manipulated_sequences_Deepfakes_c23_577_593_frame_04.jpg,1,Deepfakes
original_sequences_youtube_c23_911_frame_02.jpg,0,youtube
original_sequences_youtube_c23_818_frame_02.jpg,0,youtube
original_sequences_youtube_c23_915_frame_03.jpg,0,youtube
manipulated_sequences_Face2Face_c23_982_004_frame_02.jpg,1,Face2Face
original_sequences_youtube_c23_264_frame_03.jpg,0,youtube
manipulated_sequences_Face2Face_c23_127_129_frame_05.jpg,1,Face2Face
original_sequences_youtube_c23_366_frame_02.jpg,0,youtube
original_sequences_youtube_c23_504_frame_01.jpg,0,youtube
original_sequences_youtube_c23_470_frame_02.jpg,0,youtube
original_sequences_youtube_c23_412_frame_03.jpg,0,youtube
original_sequences_youtube_c23_436_frame_05.jpg,0,youtube
manipulated_sequences_Face2Face_c23_655_444_frame_02.jpg,1,Face2Face
original_sequences_youtube_c23_954_frame_04.jpg,0,youtube
manipulated_sequences_Face2Face_c23_530_594_frame_04.jpg,1,Face2Face
original_sequences_youtube_c23_113_frame_02.jpg,0,youtube
original_sequences_youtube_c23_035_frame_01.jpg,0,youtube
original_sequences_youtube_c23_868_frame_05.jpg,0,youtube
original_sequences_youtube_c23_331_frame_03.jpg,0,youtube
original_sequences_youtube_c23_021_frame_04.jpg,0,youtube
manipulated_sequences_FaceSwap_c23_889_045_frame_03.jpg,1,FaceSwap
original_sequences_youtube_c23_272_frame_01.jpg,0,youtube
original_sequences_youtube_c23_345_frame_05.jpg,0,youtube
original_sequences_youtube_c23_174_frame_04.jpg,0,youtube
manipulated_sequences_Face2Face_c23_026_012_frame_05.jpg,1,Face2Face
original_sequences_youtube_c23_954_frame_02.jpg,0,youtube
manipulated_sequences_FaceSwap_c23_866_878_frame_05.jpg,1,FaceSwap
manipulated_sequences_Deepfakes_c23_270_297_frame_02.jpg,1,Deepfakes
original_sequences_youtube_c23_836_frame_01.jpg,0,youtube
original_sequences_youtube_c23_009_frame_05.jpg,0,youtube
original_sequences_youtube_c23_540_frame_03.jpg,0,youtube
original_sequences_youtube_c23_641_frame_05.jpg,0,youtube
original_sequences_youtube_c23_168_frame_05.jpg,0,youtube
manipulated_sequences_Deepfakes_c23_431_447_frame_03.jpg,1,Deepfakes
manipulated_sequences_Face2Face_c23_810_838_frame_02.jpg,1,Face2Face
original_sequences_youtube_c23_345_frame_02.jpg,0,youtube
manipulated_sequences_FaceShifter_c23_687_615_frame_05.jpg,1,FaceShifter
manipulated_sequences_FaceSwap_c23_498_433_frame_03.jpg,1,FaceSwap
original_sequences_youtube_c23_101_frame_02.jpg,0,youtube
manipulated_sequences_Face2Face_c23_959_957_frame_02.jpg,1,Face2Face
original_sequences_youtube_c23_674_frame_03.jpg,0,youtube
original_sequences_youtube_c23_150_frame_02.jpg,0,youtube
original_sequences_youtube_c23_543_frame_01.jpg,0,youtube
manipulated_sequences_Deepfakes_c23_623_630_frame_03.jpg,1,Deepfakes
original_sequences_youtube_c23_696_frame_03.jpg,0,youtube
original_sequences_youtube_c23_108_frame_01.jpg,0,youtube
original_sequences_youtube_c23_815_frame_02.jpg,0,youtube
manipulated_sequences_Deepfakes_c23_452_550_frame_01.jpg,1,Deepfakes
original_sequences_youtube_c23_873_frame_02.jpg,0,youtube
original_sequences_youtube_c23_848_frame_03.jpg,0,youtube
original_sequences_youtube_c23_123_frame_01.jpg,0,youtube
manipulated_sequences_NeuralTextures_c23_551_631_frame_05.jpg,1,NeuralTextures
original_sequences_youtube_c23_364_frame_05.jpg,0,youtube
manipulated_sequences_FaceShifter_c23_152_149_frame_01.jpg,1,FaceShifter
original_sequences_youtube_c23_328_frame_05.jpg,0,youtube
original_sequences_youtube_c23_715_frame_05.jpg,0,youtube
original_sequences_youtube_c23_343_frame_03.jpg,0,youtube
manipulated_sequences_Face2Face_c23_326_501_frame_03.jpg,1,Face2Face
original_sequences_youtube_c23_127_frame_02.jpg,0,youtube
manipulated_sequences_Face2Face_c23_939_115_frame_05.jpg,1,Face2Face
manipulated_sequences_FaceSwap_c23_149_152_frame_02.jpg,1,FaceSwap
original_sequences_youtube_c23_884_frame_02.jpg,0,youtube
original_sequences_youtube_c23_159_frame_02.jpg,0,youtube
manipulated_sequences_Face2Face_c23_242_182_frame_01.jpg,1,Face2Face
manipulated_sequences_Deepfakes_c23_009_027_frame_05.jpg,1,Deepfakes
manipulated_sequences_Face2Face_c23_808_829_frame_02.jpg,1,Face2Face
original_sequences_youtube_c23_600_frame_03.jpg,0,youtube
original_sequences_youtube_c23_389_frame_03.jpg,0,youtube
original_sequences_youtube_c23_244_frame_01.jpg,0,youtube
original_sequences_youtube_c23_511_frame_01.jpg,0,youtube
manipulated_sequences_Deepfakes_c23_197_224_frame_03.jpg,1,Deepfakes
manipulated_sequences_NeuralTextures_c23_434_438_frame_05.jpg,1,NeuralTextures
manipulated_sequences_FaceSwap_c23_530_594_frame_05.jpg,1,FaceSwap
original_sequences_youtube_c23_002_frame_02.jpg,0,youtube
original_sequences_youtube_c23_571_frame_01.jpg,0,youtube
original_sequences_youtube_c23_606_frame_03.jpg,0,youtube
original_sequences_youtube_c23_701_frame_01.jpg,0,youtube
original_sequences_youtube_c23_194_frame_01.jpg,0,youtube
original_sequences_youtube_c23_829_frame_01.jpg,0,youtube
original_sequences_youtube_c23_383_frame_02.jpg,0,youtube
original_sequences_youtube_c23_977_frame_04.jpg,0,youtube
manipulated_sequences_NeuralTextures_c23_556_588_frame_02.jpg,1,NeuralTextures
manipulated_sequences_NeuralTextures_c23_212_179_frame_03.jpg,1,NeuralTextures
original_sequences_youtube_c23_725_frame_05.jpg,0,youtube
manipulated_sequences_FaceShifter_c23_138_142_frame_01.jpg,1,FaceShifter
original_sequences_youtube_c23_224_frame_01.jpg,0,youtube
manipulated_sequences_FaceSwap_c23_518_131_frame_01.jpg,1,FaceSwap
original_sequences_youtube_c23_917_frame_03.jpg,0,youtube
original_sequences_youtube_c23_617_frame_05.jpg,0,youtube
manipulated_sequences_NeuralTextures_c23_202_348_frame_05.jpg,1,NeuralTextures
original_sequences_youtube_c23_495_frame_02.jpg,0,youtube
manipulated_sequences_Deepfakes_c23_113_983_frame_03.jpg,1,Deepfakes
original_sequences_youtube_c23_941_frame_04.jpg,0,youtube
manipulated_sequences_FaceShifter_c23_482_465_frame_04.jpg,1,FaceShifter
manipulated_sequences_Face2Face_c23_685_613_frame_02.jpg,1,Face2Face
original_sequences_youtube_c23_748_frame_05.jpg,0,youtube
original_sequences_youtube_c23_532_frame_03.jpg,0,youtube
manipulated_sequences_Face2Face_c23_158_379_frame_04.jpg,1,Face2Face
manipulated_sequences_Deepfakes_c23_462_467_frame_04.jpg,1,Deepfakes
manipulated_sequences_Face2Face_c23_606_567_frame_01.jpg,1,Face2Face
manipulated_sequences_NeuralTextures_c23_193_030_frame_02.jpg,1,NeuralTextures
manipulated_sequences_Face2Face_c23_930_763_frame_03.jpg,1,Face2Face
original_sequences_youtube_c23_529_frame_01.jpg,0,youtube
original_sequences_youtube_c23_185_frame_02.jpg,0,youtube
original_sequences_youtube_c23_363_frame_01.jpg,0,youtube
manipulated_sequences_FaceSwap_c23_917_924_frame_04.jpg,1,FaceSwap
original_sequences_youtube_c23_249_frame_02.jpg,0,youtube
manipulated_sequences_FaceSwap_c23_093_121_frame_05.jpg,1,FaceSwap
original_sequences_youtube_c23_900_frame_01.jpg,0,youtube
manipulated_sequences_FaceSwap_c23_188_191_frame_02.jpg,1,FaceSwap
original_sequences_youtube_c23_244_frame_02.jpg,0,youtube
original_sequences_youtube_c23_551_frame_04.jpg,0,youtube
original_sequences_youtube_c23_775_frame_02.jpg,0,youtube
manipulated_sequences_FaceSwap_c23_051_332_frame_03.jpg,1,FaceSwap
manipulated_sequences_Face2Face_c23_275_887_frame_04.jpg,1,Face2Face
original_sequences_youtube_c23_311_frame_02.jpg,0,youtube
original_sequences_youtube_c23_818_frame_04.jpg,0,youtube
original_sequences_youtube_c23_319_frame_03.jpg,0,youtube
original_sequences_youtube_c23_354_frame_03.jpg,0,youtube
original_sequences_youtube_c23_963_frame_01.jpg,0,youtube
manipulated_sequences_NeuralTextures_c23_391_406_frame_01.jpg,1,NeuralTextures
original_sequences_youtube_c23_575_frame_01.jpg,0,youtube
original_sequences_youtube_c23_487_frame_05.jpg,0,youtube
original_sequences_youtube_c23_260_frame_01.jpg,0,youtube
manipulated_sequences_NeuralTextures_c23_722_458_frame_02.jpg,1,NeuralTextures
manipulated_sequences_Face2Face_c23_914_899_frame_05.jpg,1,Face2Face
original_sequences_youtube_c23_712_frame_04.jpg,0,youtube
original_sequences_youtube_c23_306_frame_02.jpg,0,youtube
manipulated_sequences_Face2Face_c23_053_095_frame_05.jpg,1,Face2Face
manipulated_sequences_Face2Face_c23_486_680_frame_02.jpg,1,Face2Face
original_sequences_youtube_c23_235_frame_01.jpg,0,youtube
manipulated_sequences_FaceShifter_c23_881_856_frame_05.jpg,1,FaceShifter
manipulated_sequences_FaceSwap_c23_564_971_frame_05.jpg,1,FaceSwap
original_sequences_youtube_c23_630_frame_05.jpg,0,youtube
original_sequences_youtube_c23_080_frame_01.jpg,0,youtube
original_sequences_youtube_c23_613_frame_05.jpg,0,youtube
original_sequences_youtube_c23_452_frame_02.jpg,0,youtube
original_sequences_youtube_c23_776_frame_05.jpg,0,youtube
manipulated_sequences_FaceShifter_c23_047_862_frame_02.jpg,1,FaceShifter
manipulated_sequences_Face2Face_c23_094_111_frame_05.jpg,1,Face2Face
manipulated_sequences_FaceSwap_c23_383_353_frame_05.jpg,1,FaceSwap
manipulated_sequences_FaceShifter_c23_418_507_frame_05.jpg,1,FaceShifter
manipulated_sequences_Face2Face_c23_639_841_frame_01.jpg,1,Face2Face
manipulated_sequences_FaceShifter_c23_374_407_frame_04.jpg,1,FaceShifter
manipulated_sequences_Face2Face_c23_393_405_frame_03.jpg,1,Face2Face
manipulated_sequences_Deepfakes_c23_639_841_frame_05.jpg,1,Deepfakes
original_sequences_youtube_c23_940_frame_02.jpg,0,youtube
manipulated_sequences_Face2Face_c23_716_712_frame_02.jpg,1,Face2Face
original_sequences_youtube_c23_828_frame_04.jpg,0,youtube
manipulated_sequences_Face2Face_c23_249_280_frame_01.jpg,1,Face2Face
original_sequences_youtube_c23_520_frame_05.jpg,0,youtube
original_sequences_youtube_c23_295_frame_01.jpg,0,youtube
original_sequences_youtube_c23_717_frame_04.jpg,0,youtube
original_sequences_youtube_c23_834_frame_01.jpg,0,youtube
manipulated_sequences_Deepfakes_c23_655_444_frame_02.jpg,1,Deepfakes
manipulated_sequences_FaceShifter_c23_606_567_frame_01.jpg,1,FaceShifter
manipulated_sequences_NeuralTextures_c23_486_680_frame_02.jpg,1,NeuralTextures
manipulated_sequences_FaceShifter_c23_213_083_frame_02.jpg,1,FaceShifter
original_sequences_youtube_c23_794_frame_01.jpg,0,youtube
manipulated_sequences_Face2Face_c23_227_169_frame_01.jpg,1,Face2Face
manipulated_sequences_NeuralTextures_c23_642_635_frame_03.jpg,1,NeuralTextures
manipulated_sequences_FaceShifter_c23_627_658_frame_05.jpg,1,FaceShifter
manipulated_sequences_NeuralTextures_c23_091_116_frame_01.jpg,1,NeuralTextures
original_sequences_youtube_c23_832_frame_02.jpg,0,youtube
manipulated_sequences_Face2Face_c23_834_852_frame_05.jpg,1,Face2Face
original_sequences_youtube_c23_874_frame_04.jpg,0,youtube
manipulated_sequences_NeuralTextures_c23_092_098_frame_05.jpg,1,NeuralTextures
original_sequences_youtube_c23_111_frame_03.jpg,0,youtube
original_sequences_youtube_c23_286_frame_01.jpg,0,youtube
manipulated_sequences_Face2Face_c23_950_836_frame_04.jpg,1,Face2Face
manipulated_sequences_Deepfakes_c23_727_729_frame_01.jpg,1,Deepfakes
manipulated_sequences_Face2Face_c23_063_041_frame_05.jpg,1,Face2Face
manipulated_sequences_NeuralTextures_c23_106_198_frame_04.jpg,1,NeuralTextures
manipulated_sequences_NeuralTextures_c23_674_744_frame_05.jpg,1,NeuralTextures
original_sequences_youtube_c23_610_frame_01.jpg,0,youtube
original_sequences_youtube_c23_284_frame_05.jpg,0,youtube
original_sequences_youtube_c23_035_frame_02.jpg,0,youtube
original_sequences_youtube_c23_260_frame_02.jpg,0,youtube
original_sequences_youtube_c23_030_frame_05.jpg,0,youtube
original_sequences_youtube_c23_179_frame_02.jpg,0,youtube
manipulated_sequences_NeuralTextures_c23_550_452_frame_02.jpg,1,NeuralTextures
manipulated_sequences_NeuralTextures_c23_583_558_frame_02.jpg,1,NeuralTextures
original_sequences_youtube_c23_918_frame_05.jpg,0,youtube
manipulated_sequences_NeuralTextures_c23_397_602_frame_02.jpg,1,NeuralTextures
manipulated_sequences_Deepfakes_c23_358_380_frame_02.jpg,1,Deepfakes
original_sequences_youtube_c23_837_frame_02.jpg,0,youtube
manipulated_sequences_FaceShifter_c23_589_565_frame_01.jpg,1,FaceShifter
original_sequences_youtube_c23_469_frame_05.jpg,0,youtube
manipulated_sequences_Face2Face_c23_141_161_frame_01.jpg,1,Face2Face
original_sequences_youtube_c23_936_frame_04.jpg,0,youtube
original_sequences_youtube_c23_166_frame_05.jpg,0,youtube
manipulated_sequences_NeuralTextures_c23_444_655_frame_03.jpg,1,NeuralTextures
manipulated_sequences_Deepfakes_c23_191_188_frame_05.jpg,1,Deepfakes
original_sequences_youtube_c23_017_frame_03.jpg,0,youtube
manipulated_sequences_Face2Face_c23_099_295_frame_04.jpg,1,Face2Face
manipulated_sequences_FaceSwap_c23_472_511_frame_04.jpg,1,FaceSwap
original_sequences_youtube_c23_353_frame_02.jpg,0,youtube
manipulated_sequences_Deepfakes_c23_847_906_frame_01.jpg,1,Deepfakes
original_sequences_youtube_c23_848_frame_02.jpg,0,youtube
manipulated_sequences_NeuralTextures_c23_931_936_frame_02.jpg,1,NeuralTextures
manipulated_sequences_FaceShifter_c23_741_731_frame_03.jpg,1,FaceShifter
original_sequences_youtube_c23_419_frame_03.jpg,0,youtube
manipulated_sequences_Deepfakes_c23_519_515_frame_04.jpg,1,Deepfakes
original_sequences_youtube_c23_341_frame_02.jpg,0,youtube
manipulated_sequences_FaceShifter_c23_758_754_frame_01.jpg,1,FaceShifter
original_sequences_youtube_c23_258_frame_03.jpg,0,youtube
original_sequences_youtube_c23_844_frame_03.jpg,0,youtube
manipulated_sequences_FaceShifter_c23_091_116_frame_04.jpg,1,FaceShifter
original_sequences_youtube_c23_758_frame_05.jpg,0,youtube
manipulated_sequences_FaceShifter_c23_779_794_frame_01.jpg,1,FaceShifter
original_sequences_youtube_c23_364_frame_03.jpg,0,youtube
original_sequences_youtube_c23_903_frame_05.jpg,0,youtube
original_sequences_youtube_c23_500_frame_04.jpg,0,youtube
manipulated_sequences_NeuralTextures_c23_966_988_frame_02.jpg,1,NeuralTextures
original_sequences_youtube_c23_281_frame_01.jpg,0,youtube
original_sequences_youtube_c23_515_frame_01.jpg,0,youtube
original_sequences_youtube_c23_818_frame_05.jpg,0,youtube
original_sequences_youtube_c23_135_frame_01.jpg,0,youtube
original_sequences_youtube_c23_695_frame_01.jpg,0,youtube
original_sequences_youtube_c23_808_frame_05.jpg,0,youtube
manipulated_sequences_FaceShifter_c23_238_282_frame_02.jpg,1,FaceShifter
original_sequences_youtube_c23_713_frame_02.jpg,0,youtube
manipulated_sequences_NeuralTextures_c23_740_796_frame_03.jpg,1,NeuralTextures
original_sequences_youtube_c23_440_frame_02.jpg,0,youtube
manipulated_sequences_NeuralTextures_c23_408_424_frame_05.jpg,1,NeuralTextures
original_sequences_youtube_c23_153_frame_05.jpg,0,youtube
original_sequences_youtube_c23_432_frame_04.jpg,0,youtube
original_sequences_youtube_c23_041_frame_03.jpg,0,youtube
manipulated_sequences_Face2Face_c23_694_767_frame_02.jpg,1,Face2Face
original_sequences_youtube_c23_242_frame_03.jpg,0,youtube
original_sequences_youtube_c23_523_frame_03.jpg,0,youtube
manipulated_sequences_Deepfakes_c23_212_179_frame_03.jpg,1,Deepfakes
manipulated_sequences_Face2Face_c23_541_523_frame_03.jpg,1,Face2Face
manipulated_sequences_Face2Face_c23_039_058_frame_05.jpg,1,Face2Face
original_sequences_youtube_c23_096_frame_02.jpg,0,youtube
original_sequences_youtube_c23_302_frame_01.jpg,0,youtube
manipulated_sequences_Face2Face_c23_296_293_frame_04.jpg,1,Face2Face
original_sequences_youtube_c23_623_frame_04.jpg,0,youtube
manipulated_sequences_FaceShifter_c23_524_580_frame_05.jpg,1,FaceShifter
manipulated_sequences_FaceSwap_c23_714_842_frame_04.jpg,1,FaceSwap
manipulated_sequences_Face2Face_c23_898_922_frame_04.jpg,1,Face2Face
manipulated_sequences_FaceShifter_c23_982_004_frame_01.jpg,1,FaceShifter
manipulated_sequences_NeuralTextures_c23_618_629_frame_01.jpg,1,NeuralTextures
original_sequences_youtube_c23_681_frame_01.jpg,0,youtube
original_sequences_youtube_c23_796_frame_04.jpg,0,youtube
original_sequences_youtube_c23_080_frame_02.jpg,0,youtube
manipulated_sequences_FaceSwap_c23_859_843_frame_02.jpg,1,FaceSwap
manipulated_sequences_NeuralTextures_c23_462_467_frame_03.jpg,1,NeuralTextures
manipulated_sequences_NeuralTextures_c23_606_567_frame_02.jpg,1,NeuralTextures
manipulated_sequences_Face2Face_c23_250_461_frame_03.jpg,1,Face2Face
manipulated_sequences_FaceShifter_c23_872_873_frame_02.jpg,1,FaceShifter
original_sequences_youtube_c23_178_frame_05.jpg,0,youtube
manipulated_sequences_FaceShifter_c23_350_349_frame_01.jpg,1,FaceShifter
original_sequences_youtube_c23_906_frame_05.jpg,0,youtube
original_sequences_youtube_c23_317_frame_04.jpg,0,youtube
manipulated_sequences_Deepfakes_c23_552_851_frame_02.jpg,1,Deepfakes
original_sequences_youtube_c23_129_frame_04.jpg,0,youtube
original_sequences_youtube_c23_326_frame_05.jpg,0,youtube
original_sequences_youtube_c23_293_frame_05.jpg,0,youtube
manipulated_sequences_FaceShifter_c23_201_203_frame_02.jpg,1,FaceShifter
original_sequences_youtube_c23_371_frame_03.jpg,0,youtube
original_sequences_youtube_c23_485_frame_02.jpg,0,youtube
original_sequences_youtube_c23_562_frame_01.jpg,0,youtube
original_sequences_youtube_c23_353_frame_03.jpg,0,youtube
manipulated_sequences_Deepfakes_c23_084_042_frame_02.jpg,1,Deepfakes
original_sequences_youtube_c23_527_frame_03.jpg,0,youtube
manipulated_sequences_NeuralTextures_c23_158_379_frame_02.jpg,1,NeuralTextures
original_sequences_youtube_c23_394_frame_03.jpg,0,youtube
original_sequences_youtube_c23_962_frame_03.jpg,0,youtube
manipulated_sequences_FaceShifter_c23_667_446_frame_03.jpg,1,FaceShifter
manipulated_sequences_FaceSwap_c23_929_962_frame_03.jpg,1,FaceSwap
original_sequences_youtube_c23_807_frame_02.jpg,0,youtube
manipulated_sequences_FaceShifter_c23_975_978_frame_04.jpg,1,FaceShifter
manipulated_sequences_Face2Face_c23_018_019_frame_03.jpg,1,Face2Face
original_sequences_youtube_c23_309_frame_01.jpg,0,youtube
manipulated_sequences_FaceShifter_c23_085_124_frame_04.jpg,1,FaceShifter
original_sequences_youtube_c23_651_frame_03.jpg,0,youtube
manipulated_sequences_Face2Face_c23_850_764_frame_04.jpg,1,Face2Face
original_sequences_youtube_c23_886_frame_05.jpg,0,youtube
original_sequences_youtube_c23_721_frame_05.jpg,0,youtube
manipulated_sequences_NeuralTextures_c23_966_988_frame_01.jpg,1,NeuralTextures
original_sequences_youtube_c23_731_frame_03.jpg,0,youtube
original_sequences_youtube_c23_867_frame_05.jpg,0,youtube
manipulated_sequences_FaceShifter_c23_866_878_frame_03.jpg,1,FaceShifter
original_sequences_youtube_c23_270_frame_03.jpg,0,youtube
original_sequences_youtube_c23_220_frame_04.jpg,0,youtube
manipulated_sequences_FaceShifter_c23_947_951_frame_04.jpg,1,FaceShifter
original_sequences_youtube_c23_764_frame_01.jpg,0,youtube
manipulated_sequences_NeuralTextures_c23_399_488_frame_05.jpg,1,NeuralTextures
original_sequences_youtube_c23_266_frame_05.jpg,0,youtube
manipulated_sequences_Face2Face_c23_191_188_frame_03.jpg,1,Face2Face
manipulated_sequences_FaceSwap_c23_606_567_frame_01.jpg,1,FaceSwap
original_sequences_youtube_c23_993_frame_04.jpg,0,youtube
manipulated_sequences_FaceSwap_c23_268_269_frame_05.jpg,1,FaceSwap
original_sequences_youtube_c23_739_frame_02.jpg,0,youtube
manipulated_sequences_FaceShifter_c23_174_964_frame_04.jpg,1,FaceShifter
original_sequences_youtube_c23_766_frame_02.jpg,0,youtube
original_sequences_youtube_c23_640_frame_02.jpg,0,youtube
manipulated_sequences_NeuralTextures_c23_691_732_frame_01.jpg,1,NeuralTextures
manipulated_sequences_FaceSwap_c23_601_653_frame_01.jpg,1,FaceSwap
original_sequences_youtube_c23_216_frame_02.jpg,0,youtube
manipulated_sequences_Face2Face_c23_839_864_frame_05.jpg,1,Face2Face
manipulated_sequences_NeuralTextures_c23_761_766_frame_03.jpg,1,NeuralTextures
original_sequences_youtube_c23_181_frame_01.jpg,0,youtube
original_sequences_youtube_c23_700_frame_05.jpg,0,youtube
original_sequences_youtube_c23_683_frame_04.jpg,0,youtube
original_sequences_youtube_c23_950_frame_05.jpg,0,youtube
original_sequences_youtube_c23_583_frame_05.jpg,0,youtube
manipulated_sequences_Face2Face_c23_226_491_frame_01.jpg,1,Face2Face
original_sequences_youtube_c23_050_frame_02.jpg,0,youtube
manipulated_sequences_Deepfakes_c23_356_324_frame_05.jpg,1,Deepfakes
manipulated_sequences_Deepfakes_c23_094_111_frame_05.jpg,1,Deepfakes
original_sequences_youtube_c23_106_frame_05.jpg,0,youtube
manipulated_sequences_FaceShifter_c23_921_569_frame_02.jpg,1,FaceShifter
manipulated_sequences_NeuralTextures_c23_191_188_frame_03.jpg,1,NeuralTextures
original_sequences_youtube_c23_236_frame_05.jpg,0,youtube
manipulated_sequences_NeuralTextures_c23_736_785_frame_02.jpg,1,NeuralTextures
original_sequences_youtube_c23_578_frame_02.jpg,0,youtube
original_sequences_youtube_c23_498_frame_05.jpg,0,youtube
original_sequences_youtube_c23_006_frame_04.jpg,0,youtube
original_sequences_youtube_c23_131_frame_02.jpg,0,youtube
original_sequences_youtube_c23_149_frame_04.jpg,0,youtube
original_sequences_youtube_c23_105_frame_03.jpg,0,youtube
manipulated_sequences_Deepfakes_c23_026_012_frame_05.jpg,1,Deepfakes
original_sequences_youtube_c23_217_frame_02.jpg,0,youtube
original_sequences_youtube_c23_656_frame_05.jpg,0,youtube
original_sequences_youtube_c23_784_frame_03.jpg,0,youtube
manipulated_sequences_Deepfakes_c23_824_419_frame_02.jpg,1,Deepfakes
manipulated_sequences_Face2Face_c23_483_370_frame_05.jpg,1,Face2Face
original_sequences_youtube_c23_665_frame_05.jpg,0,youtube
original_sequences_youtube_c23_363_frame_03.jpg,0,youtube
original_sequences_youtube_c23_885_frame_02.jpg,0,youtube
manipulated_sequences_FaceSwap_c23_119_123_frame_01.jpg,1,FaceSwap
manipulated_sequences_FaceSwap_c23_791_770_frame_02.jpg,1,FaceSwap
original_sequences_youtube_c23_843_frame_04.jpg,0,youtube
manipulated_sequences_Face2Face_c23_329_327_frame_05.jpg,1,Face2Face
manipulated_sequences_Deepfakes_c23_599_585_frame_02.jpg,1,Deepfakes
original_sequences_youtube_c23_125_frame_03.jpg,0,youtube
original_sequences_youtube_c23_546_frame_01.jpg,0,youtube
manipulated_sequences_FaceShifter_c23_277_335_frame_03.jpg,1,FaceShifter
original_sequences_youtube_c23_829_frame_02.jpg,0,youtube
manipulated_sequences_NeuralTextures_c23_202_348_frame_02.jpg,1,NeuralTextures
manipulated_sequences_Face2Face_c23_145_299_frame_04.jpg,1,Face2Face
manipulated_sequences_FaceShifter_c23_340_341_frame_01.jpg,1,FaceShifter
original_sequences_youtube_c23_521_frame_05.jpg,0,youtube
manipulated_sequences_Deepfakes_c23_963_879_frame_05.jpg,1,Deepfakes
original_sequences_youtube_c23_676_frame_01.jpg,0,youtube
original_sequences_youtube_c23_893_frame_01.jpg,0,youtube
manipulated_sequences_FaceSwap_c23_931_936_frame_05.jpg,1,FaceSwap
manipulated_sequences_Deepfakes_c23_766_761_frame_01.jpg,1,Deepfakes
original_sequences_youtube_c23_280_frame_02.jpg,0,youtube
original_sequences_youtube_c23_926_frame_03.jpg,0,youtube
manipulated_sequences_FaceShifter_c23_458_722_frame_02.jpg,1,FaceShifter
manipulated_sequences_FaceShifter_c23_240_290_frame_02.jpg,1,FaceShifter
manipulated_sequences_FaceSwap_c23_143_140_frame_03.jpg,1,FaceSwap
original_sequences_youtube_c23_401_frame_03.jpg,0,youtube
original_sequences_youtube_c23_901_frame_04.jpg,0,youtube
manipulated_sequences_FaceShifter_c23_772_708_frame_02.jpg,1,FaceShifter
manipulated_sequences_Face2Face_c23_981_985_frame_01.jpg,1,Face2Face
original_sequences_youtube_c23_756_frame_04.jpg,0,youtube
manipulated_sequences_Deepfakes_c23_501_326_frame_01.jpg,1,Deepfakes
original_sequences_youtube_c23_233_frame_02.jpg,0,youtube
original_sequences_youtube_c23_977_frame_01.jpg,0,youtube
manipulated_sequences_Face2Face_c23_974_953_frame_01.jpg,1,Face2Face
original_sequences_youtube_c23_942_frame_02.jpg,0,youtube
original_sequences_youtube_c23_486_frame_03.jpg,0,youtube
original_sequences_youtube_c23_663_frame_02.jpg,0,youtube
original_sequences_youtube_c23_696_frame_01.jpg,0,youtube
manipulated_sequences_Deepfakes_c23_432_357_frame_04.jpg,1,Deepfakes
manipulated_sequences_FaceShifter_c23_382_409_frame_01.jpg,1,FaceShifter
original_sequences_youtube_c23_098_frame_03.jpg,0,youtube
manipulated_sequences_FaceShifter_c23_040_997_frame_01.jpg,1,FaceShifter
manipulated_sequences_Deepfakes_c23_756_503_frame_03.jpg,1,Deepfakes
original_sequences_youtube_c23_060_frame_02.jpg,0,youtube
original_sequences_youtube_c23_258_frame_05.jpg,0,youtube
manipulated_sequences_Face2Face_c23_315_322_frame_05.jpg,1,Face2Face
manipulated_sequences_FaceSwap_c23_533_450_frame_03.jpg,1,FaceSwap
manipulated_sequences_Face2Face_c23_828_830_frame_05.jpg,1,Face2Face
original_sequences_youtube_c23_456_frame_05.jpg,0,youtube
manipulated_sequences_FaceShifter_c23_554_572_frame_02.jpg,1,FaceShifter
manipulated_sequences_NeuralTextures_c23_692_610_frame_02.jpg,1,NeuralTextures
manipulated_sequences_Deepfakes_c23_524_580_frame_05.jpg,1,Deepfakes
manipulated_sequences_Face2Face_c23_407_374_frame_04.jpg,1,Face2Face
manipulated_sequences_NeuralTextures_c23_979_875_frame_02.jpg,1,NeuralTextures
manipulated_sequences_NeuralTextures_c23_150_153_frame_05.jpg,1,NeuralTextures
original_sequences_youtube_c23_225_frame_01.jpg,0,youtube
manipulated_sequences_NeuralTextures_c23_431_447_frame_01.jpg,1,NeuralTextures
original_sequences_youtube_c23_308_frame_05.jpg,0,youtube
original_sequences_youtube_c23_075_frame_02.jpg,0,youtube
original_sequences_youtube_c23_922_frame_02.jpg,0,youtube
original_sequences_youtube_c23_177_frame_03.jpg,0,youtube
manipulated_sequences_Face2Face_c23_291_874_frame_01.jpg,1,Face2Face
original_sequences_youtube_c23_912_frame_02.jpg,0,youtube
original_sequences_youtube_c23_457_frame_02.jpg,0,youtube
original_sequences_youtube_c23_383_frame_04.jpg,0,youtube
original_sequences_youtube_c23_448_frame_01.jpg,0,youtube
original_sequences_youtube_c23_436_frame_01.jpg,0,youtube
original_sequences_youtube_c23_888_frame_04.jpg,0,youtube
manipulated_sequences_FaceShifter_c23_223_586_frame_03.jpg,1,FaceShifter
original_sequences_youtube_c23_790_frame_01.jpg,0,youtube
original_sequences_youtube_c23_158_frame_03.jpg,0,youtube
manipulated_sequences_FaceSwap_c23_780_869_frame_04.jpg,1,FaceSwap
manipulated_sequences_Face2Face_c23_653_601_frame_01.jpg,1,Face2Face
original_sequences_youtube_c23_140_frame_03.jpg,0,youtube
original_sequences_youtube_c23_684_frame_03.jpg,0,youtube
manipulated_sequences_FaceShifter_c23_348_202_frame_03.jpg,1,FaceShifter
manipulated_sequences_Deepfakes_c23_736_785_frame_02.jpg,1,Deepfakes
manipulated_sequences_FaceSwap_c23_490_534_frame_03.jpg,1,FaceSwap
original_sequences_youtube_c23_249_frame_03.jpg,0,youtube
manipulated_sequences_FaceShifter_c23_094_111_frame_02.jpg,1,FaceShifter
manipulated_sequences_Deepfakes_c23_092_098_frame_03.jpg,1,Deepfakes
manipulated_sequences_Deepfakes_c23_887_275_frame_03.jpg,1,Deepfakes
manipulated_sequences_Deepfakes_c23_394_373_frame_05.jpg,1,Deepfakes
manipulated_sequences_Face2Face_c23_810_838_frame_03.jpg,1,Face2Face
manipulated_sequences_FaceSwap_c23_550_452_frame_01.jpg,1,FaceSwap
original_sequences_youtube_c23_110_frame_05.jpg,0,youtube
original_sequences_youtube_c23_640_frame_03.jpg,0,youtube
original_sequences_youtube_c23_835_frame_03.jpg,0,youtube
manipulated_sequences_Face2Face_c23_531_549_frame_05.jpg,1,Face2Face
manipulated_sequences_Face2Face_c23_287_426_frame_05.jpg,1,Face2Face
manipulated_sequences_FaceSwap_c23_433_498_frame_03.jpg,1,FaceSwap
manipulated_sequences_Face2Face_c23_506_478_frame_01.jpg,1,Face2Face
manipulated_sequences_FaceShifter_c23_855_801_frame_03.jpg,1,FaceShifter
manipulated_sequences_Face2Face_c23_019_018_frame_02.jpg,1,Face2Face
original_sequences_youtube_c23_572_frame_03.jpg,0,youtube
manipulated_sequences_Face2Face_c23_879_963_frame_03.jpg,1,Face2Face
original_sequences_youtube_c23_534_frame_02.jpg,0,youtube
original_sequences_youtube_c23_480_frame_04.jpg,0,youtube
original_sequences_youtube_c23_525_frame_03.jpg,0,youtube
manipulated_sequences_NeuralTextures_c23_519_515_frame_04.jpg,1,NeuralTextures
manipulated_sequences_NeuralTextures_c23_186_170_frame_04.jpg,1,NeuralTextures
original_sequences_youtube_c23_770_frame_03.jpg,0,youtube
original_sequences_youtube_c23_576_frame_01.jpg,0,youtube
original_sequences_youtube_c23_191_frame_04.jpg,0,youtube
manipulated_sequences_Face2Face_c23_471_455_frame_04.jpg,1,Face2Face
manipulated_sequences_Deepfakes_c23_672_720_frame_05.jpg,1,Deepfakes
manipulated_sequences_FaceShifter_c23_253_183_frame_05.jpg,1,FaceShifter
manipulated_sequences_FaceSwap_c23_192_134_frame_05.jpg,1,FaceSwap
original_sequences_youtube_c23_807_frame_05.jpg,0,youtube
manipulated_sequences_FaceSwap_c23_920_811_frame_05.jpg,1,FaceSwap
original_sequences_youtube_c23_320_frame_04.jpg,0,youtube
manipulated_sequences_FaceShifter_c23_444_655_frame_03.jpg,1,FaceShifter
original_sequences_youtube_c23_463_frame_03.jpg,0,youtube
original_sequences_youtube_c23_560_frame_04.jpg,0,youtube
original_sequences_youtube_c23_934_frame_02.jpg,0,youtube
manipulated_sequences_Deepfakes_c23_975_978_frame_04.jpg,1,Deepfakes
original_sequences_youtube_c23_098_frame_02.jpg,0,youtube
manipulated_sequences_FaceShifter_c23_768_793_frame_01.jpg,1,FaceShifter
manipulated_sequences_FaceShifter_c23_005_010_frame_05.jpg,1,FaceShifter
manipulated_sequences_FaceSwap_c23_645_688_frame_04.jpg,1,FaceSwap
original_sequences_youtube_c23_017_frame_05.jpg,0,youtube
manipulated_sequences_NeuralTextures_c23_252_266_frame_02.jpg,1,NeuralTextures
original_sequences_youtube_c23_162_frame_02.jpg,0,youtube
original_sequences_youtube_c23_351_frame_04.jpg,0,youtube
manipulated_sequences_FaceSwap_c23_030_193_frame_01.jpg,1,FaceSwap
manipulated_sequences_FaceShifter_c23_462_467_frame_04.jpg,1,FaceShifter
manipulated_sequences_Deepfakes_c23_879_963_frame_01.jpg,1,Deepfakes
manipulated_sequences_NeuralTextures_c23_355_748_frame_05.jpg,1,NeuralTextures
manipulated_sequences_FaceSwap_c23_539_499_frame_01.jpg,1,FaceSwap
original_sequences_youtube_c23_781_frame_04.jpg,0,youtube
original_sequences_youtube_c23_878_frame_04.jpg,0,youtube
original_sequences_youtube_c23_374_frame_02.jpg,0,youtube
original_sequences_youtube_c23_988_frame_04.jpg,0,youtube
manipulated_sequences_FaceSwap_c23_051_332_frame_05.jpg,1,FaceSwap
manipulated_sequences_Deepfakes_c23_533_450_frame_02.jpg,1,Deepfakes
original_sequences_youtube_c23_904_frame_02.jpg,0,youtube
original_sequences_youtube_c23_491_frame_03.jpg,0,youtube
original_sequences_youtube_c23_805_frame_03.jpg,0,youtube
original_sequences_youtube_c23_219_frame_02.jpg,0,youtube
original_sequences_youtube_c23_151_frame_02.jpg,0,youtube
original_sequences_youtube_c23_146_frame_05.jpg,0,youtube
original_sequences_youtube_c23_060_frame_04.jpg,0,youtube
manipulated_sequences_Face2Face_c23_048_029_frame_04.jpg,1,Face2Face
manipulated_sequences_Face2Face_c23_081_087_frame_05.jpg,1,Face2Face
original_sequences_youtube_c23_518_frame_05.jpg,0,youtube
original_sequences_youtube_c23_893_frame_03.jpg,0,youtube
manipulated_sequences_FaceSwap_c23_142_138_frame_05.jpg,1,FaceSwap
original_sequences_youtube_c23_722_frame_02.jpg,0,youtube
manipulated_sequences_FaceSwap_c23_962_929_frame_05.jpg,1,FaceSwap
original_sequences_youtube_c23_584_frame_04.jpg,0,youtube
original_sequences_youtube_c23_902_frame_03.jpg,0,youtube
original_sequences_youtube_c23_357_frame_02.jpg,0,youtube
manipulated_sequences_NeuralTextures_c23_561_998_frame_03.jpg,1,NeuralTextures
manipulated_sequences_Face2Face_c23_855_801_frame_03.jpg,1,Face2Face
manipulated_sequences_FaceShifter_c23_651_835_frame_03.jpg,1,FaceShifter
original_sequences_youtube_c23_632_frame_05.jpg,0,youtube
original_sequences_youtube_c23_885_frame_04.jpg,0,youtube
original_sequences_youtube_c23_052_frame_01.jpg,0,youtube
original_sequences_youtube_c23_311_frame_01.jpg,0,youtube
original_sequences_youtube_c23_953_frame_01.jpg,0,youtube
original_sequences_youtube_c23_745_frame_04.jpg,0,youtube
original_sequences_youtube_c23_216_frame_03.jpg,0,youtube
original_sequences_youtube_c23_023_frame_03.jpg,0,youtube
manipulated_sequences_Face2Face_c23_652_773_frame_02.jpg,1,Face2Face
manipulated_sequences_Deepfakes_c23_561_998_frame_03.jpg,1,Deepfakes
original_sequences_youtube_c23_706_frame_02.jpg,0,youtube
manipulated_sequences_Face2Face_c23_572_554_frame_02.jpg,1,Face2Face
original_sequences_youtube_c23_208_frame_01.jpg,0,youtube
manipulated_sequences_FaceShifter_c23_561_998_frame_03.jpg,1,FaceShifter
manipulated_sequences_NeuralTextures_c23_963_879_frame_01.jpg,1,NeuralTextures
manipulated_sequences_FaceShifter_c23_227_169_frame_03.jpg,1,FaceShifter
original_sequences_youtube_c23_129_frame_01.jpg,0,youtube
manipulated_sequences_FaceShifter_c23_924_917_frame_01.jpg,1,FaceShifter
manipulated_sequences_NeuralTextures_c23_013_883_frame_01.jpg,1,NeuralTextures
original_sequences_youtube_c23_207_frame_02.jpg,0,youtube
manipulated_sequences_FaceShifter_c23_017_803_frame_02.jpg,1,FaceShifter
original_sequences_youtube_c23_044_frame_03.jpg,0,youtube
original_sequences_youtube_c23_095_frame_02.jpg,0,youtube
original_sequences_youtube_c23_641_frame_03.jpg,0,youtube
original_sequences_youtube_c23_614_frame_05.jpg,0,youtube
original_sequences_youtube_c23_284_frame_02.jpg,0,youtube
manipulated_sequences_FaceSwap_c23_092_098_frame_03.jpg,1,FaceSwap
manipulated_sequences_FaceShifter_c23_090_086_frame_05.jpg,1,FaceShifter
original_sequences_youtube_c23_999_frame_02.jpg,0,youtube
manipulated_sequences_Deepfakes_c23_968_884_frame_01.jpg,1,Deepfakes
manipulated_sequences_FaceShifter_c23_354_362_frame_03.jpg,1,FaceShifter
original_sequences_youtube_c23_020_frame_02.jpg,0,youtube
original_sequences_youtube_c23_949_frame_05.jpg,0,youtube
manipulated_sequences_Deepfakes_c23_904_046_frame_05.jpg,1,Deepfakes
manipulated_sequences_Face2Face_c23_191_188_frame_05.jpg,1,Face2Face
original_sequences_youtube_c23_838_frame_02.jpg,0,youtube
manipulated_sequences_FaceShifter_c23_119_123_frame_01.jpg,1,FaceShifter
manipulated_sequences_FaceShifter_c23_397_602_frame_02.jpg,1,FaceShifter
original_sequences_youtube_c23_462_frame_02.jpg,0,youtube
original_sequences_youtube_c23_243_frame_01.jpg,0,youtube
original_sequences_youtube_c23_228_frame_03.jpg,0,youtube
manipulated_sequences_NeuralTextures_c23_155_576_frame_02.jpg,1,NeuralTextures
original_sequences_youtube_c23_602_frame_04.jpg,0,youtube
original_sequences_youtube_c23_265_frame_02.jpg,0,youtube
manipulated_sequences_Face2Face_c23_266_252_frame_01.jpg,1,Face2Face
manipulated_sequences_NeuralTextures_c23_694_767_frame_02.jpg,1,NeuralTextures
manipulated_sequences_FaceSwap_c23_323_302_frame_04.jpg,1,FaceSwap
original_sequences_youtube_c23_519_frame_03.jpg,0,youtube
manipulated_sequences_Face2Face_c23_963_879_frame_01.jpg,1,Face2Face
manipulated_sequences_FaceShifter_c23_717_684_frame_01.jpg,1,FaceShifter
original_sequences_youtube_c23_305_frame_01.jpg,0,youtube
original_sequences_youtube_c23_566_frame_05.jpg,0,youtube
manipulated_sequences_FaceSwap_c23_691_732_frame_01.jpg,1,FaceSwap
original_sequences_youtube_c23_968_frame_02.jpg,0,youtube
manipulated_sequences_FaceSwap_c23_317_359_frame_01.jpg,1,FaceSwap
manipulated_sequences_Deepfakes_c23_007_132_frame_02.jpg,1,Deepfakes
original_sequences_youtube_c23_056_frame_05.jpg,0,youtube
original_sequences_youtube_c23_585_frame_03.jpg,0,youtube
original_sequences_youtube_c23_328_frame_04.jpg,0,youtube
manipulated_sequences_Deepfakes_c23_181_199_frame_02.jpg,1,Deepfakes
manipulated_sequences_FaceShifter_c23_434_438_frame_05.jpg,1,FaceShifter
original_sequences_youtube_c23_878_frame_05.jpg,0,youtube
original_sequences_youtube_c23_260_frame_04.jpg,0,youtube
original_sequences_youtube_c23_693_frame_05.jpg,0,youtube
manipulated_sequences_Face2Face_c23_051_332_frame_03.jpg,1,Face2Face
original_sequences_youtube_c23_273_frame_03.jpg,0,youtube
original_sequences_youtube_c23_946_frame_04.jpg,0,youtube
manipulated_sequences_Deepfakes_c23_741_731_frame_04.jpg,1,Deepfakes
manipulated_sequences_NeuralTextures_c23_622_647_frame_01.jpg,1,NeuralTextures
original_sequences_youtube_c23_654_frame_01.jpg,0,youtube
original_sequences_youtube_c23_032_frame_01.jpg,0,youtube
original_sequences_youtube_c23_453_frame_05.jpg,0,youtube
original_sequences_youtube_c23_089_frame_05.jpg,0,youtube
original_sequences_youtube_c23_603_frame_02.jpg,0,youtube
manipulated_sequences_NeuralTextures_c23_465_482_frame_04.jpg,1,NeuralTextures
original_sequences_youtube_c23_071_frame_05.jpg,0,youtube
original_sequences_youtube_c23_501_frame_02.jpg,0,youtube
original_sequences_youtube_c23_138_frame_03.jpg,0,youtube
original_sequences_youtube_c23_072_frame_03.jpg,0,youtube
original_sequences_youtube_c23_202_frame_03.jpg,0,youtube
manipulated_sequences_Deepfakes_c23_091_116_frame_01.jpg,1,Deepfakes
manipulated_sequences_FaceSwap_c23_187_234_frame_04.jpg,1,FaceSwap
original_sequences_youtube_c23_554_frame_03.jpg,0,youtube
manipulated_sequences_NeuralTextures_c23_351_346_frame_04.jpg,1,NeuralTextures
original_sequences_youtube_c23_688_frame_02.jpg,0,youtube
manipulated_sequences_NeuralTextures_c23_675_608_frame_01.jpg,1,NeuralTextures
original_sequences_youtube_c23_793_frame_04.jpg,0,youtube
original_sequences_youtube_c23_616_frame_03.jpg,0,youtube
original_sequences_youtube_c23_416_frame_04.jpg,0,youtube
manipulated_sequences_Face2Face_c23_729_727_frame_02.jpg,1,Face2Face
manipulated_sequences_FaceShifter_c23_154_386_frame_01.jpg,1,FaceShifter
manipulated_sequences_NeuralTextures_c23_750_743_frame_02.jpg,1,NeuralTextures
original_sequences_youtube_c23_287_frame_03.jpg,0,youtube
manipulated_sequences_Deepfakes_c23_959_957_frame_02.jpg,1,Deepfakes
manipulated_sequences_FaceShifter_c23_887_275_frame_03.jpg,1,FaceShifter
manipulated_sequences_Face2Face_c23_006_002_frame_01.jpg,1,Face2Face
manipulated_sequences_FaceSwap_c23_675_608_frame_01.jpg,1,FaceSwap
original_sequences_youtube_c23_857_frame_02.jpg,0,youtube
manipulated_sequences_Deepfakes_c23_323_302_frame_03.jpg,1,Deepfakes
original_sequences_youtube_c23_208_frame_03.jpg,0,youtube
manipulated_sequences_FaceSwap_c23_357_432_frame_04.jpg,1,FaceSwap
original_sequences_youtube_c23_416_frame_05.jpg,0,youtube
original_sequences_youtube_c23_723_frame_04.jpg,0,youtube
manipulated_sequences_NeuralTextures_c23_511_472_frame_05.jpg,1,NeuralTextures
original_sequences_youtube_c23_085_frame_03.jpg,0,youtube
original_sequences_youtube_c23_554_frame_05.jpg,0,youtube
original_sequences_youtube_c23_294_frame_01.jpg,0,youtube
manipulated_sequences_Deepfakes_c23_431_447_frame_04.jpg,1,Deepfakes
manipulated_sequences_FaceShifter_c23_896_128_frame_04.jpg,1,FaceShifter
original_sequences_youtube_c23_543_frame_03.jpg,0,youtube
original_sequences_youtube_c23_633_frame_03.jpg,0,youtube
manipulated_sequences_Deepfakes_c23_179_212_frame_05.jpg,1,Deepfakes
original_sequences_youtube_c23_471_frame_04.jpg,0,youtube
original_sequences_youtube_c23_898_frame_05.jpg,0,youtube
manipulated_sequences_NeuralTextures_c23_405_393_frame_02.jpg,1,NeuralTextures
manipulated_sequences_NeuralTextures_c23_860_905_frame_02.jpg,1,NeuralTextures
manipulated_sequences_NeuralTextures_c23_783_916_frame_02.jpg,1,NeuralTextures
manipulated_sequences_FaceSwap_c23_733_935_frame_05.jpg,1,FaceSwap
original_sequences_youtube_c23_566_frame_02.jpg,0,youtube
original_sequences_youtube_c23_483_frame_02.jpg,0,youtube
original_sequences_youtube_c23_191_frame_01.jpg,0,youtube
original_sequences_youtube_c23_605_frame_05.jpg,0,youtube
original_sequences_youtube_c23_713_frame_03.jpg,0,youtube
original_sequences_youtube_c23_508_frame_04.jpg,0,youtube
manipulated_sequences_Deepfakes_c23_397_602_frame_02.jpg,1,Deepfakes
original_sequences_youtube_c23_795_frame_01.jpg,0,youtube
original_sequences_youtube_c23_481_frame_01.jpg,0,youtube
original_sequences_youtube_c23_261_frame_05.jpg,0,youtube
original_sequences_youtube_c23_574_frame_01.jpg,0,youtube
original_sequences_youtube_c23_370_frame_02.jpg,0,youtube
manipulated_sequences_FaceShifter_c23_187_234_frame_04.jpg,1,FaceShifter
manipulated_sequences_Deepfakes_c23_898_922_frame_04.jpg,1,Deepfakes
original_sequences_youtube_c23_804_frame_01.jpg,0,youtube
manipulated_sequences_NeuralTextures_c23_418_507_frame_01.jpg,1,NeuralTextures
manipulated_sequences_FaceShifter_c23_937_888_frame_05.jpg,1,FaceShifter
manipulated_sequences_NeuralTextures_c23_831_508_frame_03.jpg,1,NeuralTextures
manipulated_sequences_FaceShifter_c23_647_622_frame_04.jpg,1,FaceShifter
manipulated_sequences_Face2Face_c23_495_512_frame_05.jpg,1,Face2Face
manipulated_sequences_NeuralTextures_c23_483_370_frame_05.jpg,1,NeuralTextures
manipulated_sequences_FaceSwap_c23_200_189_frame_05.jpg,1,FaceSwap
original_sequences_youtube_c23_219_frame_01.jpg,0,youtube
original_sequences_youtube_c23_723_frame_02.jpg,0,youtube
manipulated_sequences_Face2Face_c23_230_204_frame_03.jpg,1,Face2Face
original_sequences_youtube_c23_446_frame_04.jpg,0,youtube
original_sequences_youtube_c23_562_frame_05.jpg,0,youtube
manipulated_sequences_FaceShifter_c23_264_271_frame_02.jpg,1,FaceShifter
original_sequences_youtube_c23_343_frame_04.jpg,0,youtube
manipulated_sequences_Face2Face_c23_786_819_frame_02.jpg,1,Face2Face
original_sequences_youtube_c23_120_frame_02.jpg,0,youtube
original_sequences_youtube_c23_340_frame_05.jpg,0,youtube
manipulated_sequences_FaceShifter_c23_595_597_frame_05.jpg,1,FaceShifter
manipulated_sequences_Deepfakes_c23_538_493_frame_01.jpg,1,Deepfakes
manipulated_sequences_FaceSwap_c23_099_295_frame_04.jpg,1,FaceSwap
manipulated_sequences_Face2Face_c23_406_391_frame_01.jpg,1,Face2Face
original_sequences_youtube_c23_695_frame_02.jpg,0,youtube
original_sequences_youtube_c23_022_frame_04.jpg,0,youtube
original_sequences_youtube_c23_141_frame_04.jpg,0,youtube
manipulated_sequences_Face2Face_c23_038_125_frame_01.jpg,1,Face2Face
manipulated_sequences_FaceSwap_c23_481_469_frame_03.jpg,1,FaceSwap
manipulated_sequences_FaceSwap_c23_190_176_frame_02.jpg,1,FaceSwap
manipulated_sequences_Face2Face_c23_542_520_frame_04.jpg,1,Face2Face
original_sequences_youtube_c23_369_frame_03.jpg,0,youtube
original_sequences_youtube_c23_136_frame_03.jpg,0,youtube
manipulated_sequences_FaceShifter_c23_692_610_frame_02.jpg,1,FaceShifter
original_sequences_youtube_c23_177_frame_01.jpg,0,youtube
manipulated_sequences_FaceShifter_c23_479_706_frame_02.jpg,1,FaceShifter
original_sequences_youtube_c23_319_frame_02.jpg,0,youtube
original_sequences_youtube_c23_377_frame_04.jpg,0,youtube
original_sequences_youtube_c23_493_frame_02.jpg,0,youtube
original_sequences_youtube_c23_708_frame_03.jpg,0,youtube
manipulated_sequences_Face2Face_c23_879_963_frame_01.jpg,1,Face2Face
original_sequences_youtube_c23_134_frame_04.jpg,0,youtube
manipulated_sequences_Deepfakes_c23_530_594_frame_04.jpg,1,Deepfakes
manipulated_sequences_Face2Face_c23_167_166_frame_05.jpg,1,Face2Face
manipulated_sequences_FaceSwap_c23_319_352_frame_03.jpg,1,FaceSwap
original_sequences_youtube_c23_124_frame_04.jpg,0,youtube
manipulated_sequences_FaceShifter_c23_094_111_frame_01.jpg,1,FaceShifter
original_sequences_youtube_c23_150_frame_05.jpg,0,youtube
original_sequences_youtube_c23_394_frame_02.jpg,0,youtube
original_sequences_youtube_c23_039_frame_02.jpg,0,youtube
manipulated_sequences_NeuralTextures_c23_190_176_frame_02.jpg,1,NeuralTextures
manipulated_sequences_Face2Face_c23_143_140_frame_04.jpg,1,Face2Face
manipulated_sequences_NeuralTextures_c23_696_686_frame_05.jpg,1,NeuralTextures
manipulated_sequences_Deepfakes_c23_448_361_frame_02.jpg,1,Deepfakes
manipulated_sequences_FaceShifter_c23_541_523_frame_03.jpg,1,FaceShifter
original_sequences_youtube_c23_796_frame_03.jpg,0,youtube
original_sequences_youtube_c23_246_frame_03.jpg,0,youtube
manipulated_sequences_Deepfakes_c23_877_886_frame_01.jpg,1,Deepfakes
original_sequences_youtube_c23_628_frame_04.jpg,0,youtube
original_sequences_youtube_c23_765_frame_03.jpg,0,youtube
manipulated_sequences_FaceShifter_c23_672_720_frame_05.jpg,1,FaceShifter
manipulated_sequences_NeuralTextures_c23_052_108_frame_01.jpg,1,NeuralTextures
original_sequences_youtube_c23_798_frame_01.jpg,0,youtube
original_sequences_youtube_c23_567_frame_04.jpg,0,youtube
original_sequences_youtube_c23_375_frame_01.jpg,0,youtube
original_sequences_youtube_c23_788_frame_05.jpg,0,youtube
manipulated_sequences_NeuralTextures_c23_015_919_frame_01.jpg,1,NeuralTextures
original_sequences_youtube_c23_149_frame_02.jpg,0,youtube
original_sequences_youtube_c23_365_frame_01.jpg,0,youtube
original_sequences_youtube_c23_313_frame_01.jpg,0,youtube
manipulated_sequences_Face2Face_c23_249_280_frame_02.jpg,1,Face2Face
original_sequences_youtube_c23_397_frame_04.jpg,0,youtube
original_sequences_youtube_c23_718_frame_01.jpg,0,youtube
manipulated_sequences_FaceShifter_c23_234_187_frame_02.jpg,1,FaceShifter
original_sequences_youtube_c23_814_frame_04.jpg,0,youtube
manipulated_sequences_NeuralTextures_c23_116_091_frame_01.jpg,1,NeuralTextures
manipulated_sequences_FaceSwap_c23_291_874_frame_01.jpg,1,FaceSwap
original_sequences_youtube_c23_945_frame_04.jpg,0,youtube
original_sequences_youtube_c23_690_frame_05.jpg,0,youtube
original_sequences_youtube_c23_202_frame_02.jpg,0,youtube
manipulated_sequences_FaceSwap_c23_333_377_frame_03.jpg,1,FaceSwap
manipulated_sequences_Deepfakes_c23_813_700_frame_01.jpg,1,Deepfakes
original_sequences_youtube_c23_324_frame_02.jpg,0,youtube
original_sequences_youtube_c23_674_frame_02.jpg,0,youtube
original_sequences_youtube_c23_034_frame_03.jpg,0,youtube
manipulated_sequences_Deepfakes_c23_619_620_frame_03.jpg,1,Deepfakes
original_sequences_youtube_c23_449_frame_04.jpg,0,youtube
manipulated_sequences_FaceShifter_c23_441_439_frame_01.jpg,1,FaceShifter
manipulated_sequences_Face2Face_c23_832_762_frame_05.jpg,1,Face2Face
original_sequences_youtube_c23_887_frame_04.jpg,0,youtube
original_sequences_youtube_c23_395_frame_04.jpg,0,youtube
original_sequences_youtube_c23_856_frame_04.jpg,0,youtube
manipulated_sequences_FaceShifter_c23_165_137_frame_02.jpg,1,FaceShifter
original_sequences_youtube_c23_221_frame_04.jpg,0,youtube
manipulated_sequences_NeuralTextures_c23_270_297_frame_02.jpg,1,NeuralTextures
original_sequences_youtube_c23_513_frame_03.jpg,0,youtube
manipulated_sequences_FaceShifter_c23_076_079_frame_05.jpg,1,FaceShifter
manipulated_sequences_FaceSwap_c23_369_316_frame_05.jpg,1,FaceSwap
original_sequences_youtube_c23_288_frame_05.jpg,0,youtube
original_sequences_youtube_c23_433_frame_04.jpg,0,youtube
manipulated_sequences_Deepfakes_c23_772_708_frame_02.jpg,1,Deepfakes
manipulated_sequences_NeuralTextures_c23_070_057_frame_03.jpg,1,NeuralTextures
manipulated_sequences_FaceShifter_c23_522_337_frame_02.jpg,1,FaceShifter
original_sequences_youtube_c23_776_frame_02.jpg,0,youtube
original_sequences_youtube_c23_505_frame_05.jpg,0,youtube
manipulated_sequences_FaceShifter_c23_900_926_frame_05.jpg,1,FaceShifter
original_sequences_youtube_c23_471_frame_03.jpg,0,youtube
manipulated_sequences_NeuralTextures_c23_061_080_frame_02.jpg,1,NeuralTextures
original_sequences_youtube_c23_661_frame_01.jpg,0,youtube
original_sequences_youtube_c23_335_frame_01.jpg,0,youtube
manipulated_sequences_FaceSwap_c23_372_413_frame_01.jpg,1,FaceSwap
manipulated_sequences_FaceShifter_c23_601_653_frame_02.jpg,1,FaceShifter
manipulated_sequences_FaceSwap_c23_111_094_frame_04.jpg,1,FaceSwap
manipulated_sequences_FaceSwap_c23_094_111_frame_01.jpg,1,FaceSwap
manipulated_sequences_FaceShifter_c23_337_522_frame_02.jpg,1,FaceShifter
manipulated_sequences_FaceShifter_c23_683_607_frame_04.jpg,1,FaceShifter
original_sequences_youtube_c23_214_frame_04.jpg,0,youtube
manipulated_sequences_Face2Face_c23_405_393_frame_02.jpg,1,Face2Face
manipulated_sequences_FaceShifter_c23_832_762_frame_05.jpg,1,FaceShifter
manipulated_sequences_Deepfakes_c23_752_751_frame_04.jpg,1,Deepfakes
original_sequences_youtube_c23_123_frame_05.jpg,0,youtube
manipulated_sequences_Deepfakes_c23_900_926_frame_03.jpg,1,Deepfakes
original_sequences_youtube_c23_887_frame_03.jpg,0,youtube
manipulated_sequences_FaceSwap_c23_087_081_frame_04.jpg,1,FaceSwap
original_sequences_youtube_c23_681_frame_05.jpg,0,youtube
manipulated_sequences_Face2Face_c23_268_269_frame_05.jpg,1,Face2Face
original_sequences_youtube_c23_088_frame_02.jpg,0,youtube
manipulated_sequences_Face2Face_c23_676_776_frame_03.jpg,1,Face2Face
manipulated_sequences_NeuralTextures_c23_720_672_frame_02.jpg,1,NeuralTextures
manipulated_sequences_FaceSwap_c23_270_297_frame_02.jpg,1,FaceSwap
original_sequences_youtube_c23_096_frame_01.jpg,0,youtube
manipulated_sequences_NeuralTextures_c23_408_424_frame_03.jpg,1,NeuralTextures
original_sequences_youtube_c23_591_frame_05.jpg,0,youtube
manipulated_sequences_Deepfakes_c23_858_861_frame_03.jpg,1,Deepfakes
original_sequences_youtube_c23_041_frame_02.jpg,0,youtube
manipulated_sequences_Face2Face_c23_015_919_frame_04.jpg,1,Face2Face
original_sequences_youtube_c23_710_frame_01.jpg,0,youtube
original_sequences_youtube_c23_057_frame_04.jpg,0,youtube
manipulated_sequences_Deepfakes_c23_213_083_frame_02.jpg,1,Deepfakes
original_sequences_youtube_c23_197_frame_03.jpg,0,youtube
original_sequences_youtube_c23_921_frame_03.jpg,0,youtube
manipulated_sequences_Deepfakes_c23_160_928_frame_01.jpg,1,Deepfakes
manipulated_sequences_FaceSwap_c23_612_702_frame_04.jpg,1,FaceSwap
manipulated_sequences_Deepfakes_c23_406_391_frame_01.jpg,1,Deepfakes
manipulated_sequences_FaceShifter_c23_523_541_frame_02.jpg,1,FaceShifter
original_sequences_youtube_c23_444_frame_01.jpg,0,youtube
manipulated_sequences_Deepfakes_c23_879_963_frame_03.jpg,1,Deepfakes
original_sequences_youtube_c23_122_frame_03.jpg,0,youtube
manipulated_sequences_Deepfakes_c23_945_044_frame_05.jpg,1,Deepfakes
manipulated_sequences_Deepfakes_c23_192_134_frame_05.jpg,1,Deepfakes
manipulated_sequences_FaceShifter_c23_542_520_frame_04.jpg,1,FaceShifter
manipulated_sequences_FaceSwap_c23_142_138_frame_03.jpg,1,FaceSwap
manipulated_sequences_NeuralTextures_c23_249_280_frame_02.jpg,1,NeuralTextures
manipulated_sequences_FaceShifter_c23_482_465_frame_02.jpg,1,FaceShifter
manipulated_sequences_FaceSwap_c23_250_461_frame_04.jpg,1,FaceSwap
original_sequences_youtube_c23_929_frame_01.jpg,0,youtube
manipulated_sequences_FaceShifter_c23_844_797_frame_05.jpg,1,FaceShifter
original_sequences_youtube_c23_038_frame_01.jpg,0,youtube
manipulated_sequences_Deepfakes_c23_810_838_frame_02.jpg,1,Deepfakes
original_sequences_youtube_c23_762_frame_01.jpg,0,youtube
manipulated_sequences_Deepfakes_c23_094_111_frame_02.jpg,1,Deepfakes
manipulated_sequences_FaceSwap_c23_047_862_frame_02.jpg,1,FaceSwap
manipulated_sequences_Deepfakes_c23_041_063_frame_05.jpg,1,Deepfakes
manipulated_sequences_Deepfakes_c23_991_064_frame_05.jpg,1,Deepfakes
original_sequences_youtube_c23_939_frame_04.jpg,0,youtube
manipulated_sequences_FaceShifter_c23_839_864_frame_05.jpg,1,FaceShifter
manipulated_sequences_FaceShifter_c23_942_943_frame_04.jpg,1,FaceShifter
manipulated_sequences_Face2Face_c23_650_625_frame_02.jpg,1,Face2Face
manipulated_sequences_Face2Face_c23_545_553_frame_02.jpg,1,Face2Face
original_sequences_youtube_c23_118_frame_02.jpg,0,youtube
original_sequences_youtube_c23_119_frame_02.jpg,0,youtube
manipulated_sequences_FaceShifter_c23_162_330_frame_03.jpg,1,FaceShifter
manipulated_sequences_FaceSwap_c23_542_520_frame_04.jpg,1,FaceSwap
manipulated_sequences_FaceSwap_c23_354_362_frame_03.jpg,1,FaceSwap
original_sequences_youtube_c23_578_frame_04.jpg,0,youtube
manipulated_sequences_NeuralTextures_c23_766_761_frame_01.jpg,1,NeuralTextures
manipulated_sequences_Face2Face_c23_154_386_frame_01.jpg,1,Face2Face
original_sequences_youtube_c23_802_frame_04.jpg,0,youtube
original_sequences_youtube_c23_442_frame_05.jpg,0,youtube
manipulated_sequences_Deepfakes_c23_488_399_frame_05.jpg,1,Deepfakes
original_sequences_youtube_c23_333_frame_04.jpg,0,youtube
original_sequences_youtube_c23_874_frame_05.jpg,0,youtube
manipulated_sequences_FaceSwap_c23_644_657_frame_05.jpg,1,FaceSwap
manipulated_sequences_FaceSwap_c23_296_293_frame_04.jpg,1,FaceSwap
manipulated_sequences_Deepfakes_c23_250_461_frame_05.jpg,1,Deepfakes
manipulated_sequences_FaceShifter_c23_215_208_frame_05.jpg,1,FaceShifter
manipulated_sequences_Face2Face_c23_147_055_frame_04.jpg,1,Face2Face
original_sequences_youtube_c23_569_frame_01.jpg,0,youtube
original_sequences_youtube_c23_804_frame_05.jpg,0,youtube
original_sequences_youtube_c23_872_frame_02.jpg,0,youtube
original_sequences_youtube_c23_326_frame_02.jpg,0,youtube
original_sequences_youtube_c23_131_frame_01.jpg,0,youtube
manipulated_sequences_FaceShifter_c23_543_559_frame_02.jpg,1,FaceShifter
original_sequences_youtube_c23_933_frame_02.jpg,0,youtube
manipulated_sequences_FaceSwap_c23_574_547_frame_02.jpg,1,FaceSwap
manipulated_sequences_FaceShifter_c23_326_501_frame_03.jpg,1,FaceShifter
manipulated_sequences_FaceShifter_c23_618_629_frame_01.jpg,1,FaceShifter
manipulated_sequences_Deepfakes_c23_430_459_frame_03.jpg,1,Deepfakes
original_sequences_youtube_c23_495_frame_04.jpg,0,youtube
original_sequences_youtube_c23_792_frame_04.jpg,0,youtube
original_sequences_youtube_c23_399_frame_04.jpg,0,youtube
original_sequences_youtube_c23_107_frame_04.jpg,0,youtube
manipulated_sequences_NeuralTextures_c23_981_985_frame_01.jpg,1,NeuralTextures
original_sequences_youtube_c23_637_frame_05.jpg,0,youtube
original_sequences_youtube_c23_941_frame_03.jpg,0,youtube
manipulated_sequences_FaceSwap_c23_905_860_frame_02.jpg,1,FaceSwap
original_sequences_youtube_c23_050_frame_03.jpg,0,youtube
manipulated_sequences_Face2Face_c23_607_683_frame_05.jpg,1,Face2Face
manipulated_sequences_FaceSwap_c23_541_523_frame_03.jpg,1,FaceSwap
manipulated_sequences_FaceShifter_c23_652_773_frame_02.jpg,1,FaceShifter
original_sequences_youtube_c23_460_frame_04.jpg,0,youtube
manipulated_sequences_Deepfakes_c23_187_234_frame_04.jpg,1,Deepfakes
original_sequences_youtube_c23_653_frame_03.jpg,0,youtube
manipulated_sequences_Deepfakes_c23_772_708_frame_05.jpg,1,Deepfakes
manipulated_sequences_FaceShifter_c23_007_132_frame_02.jpg,1,FaceShifter
manipulated_sequences_NeuralTextures_c23_895_915_frame_02.jpg,1,NeuralTextures
manipulated_sequences_NeuralTextures_c23_971_564_frame_02.jpg,1,NeuralTextures
original_sequences_youtube_c23_069_frame_05.jpg,0,youtube
original_sequences_youtube_c23_229_frame_02.jpg,0,youtube
manipulated_sequences_FaceShifter_c23_579_701_frame_05.jpg,1,FaceShifter
original_sequences_youtube_c23_101_frame_01.jpg,0,youtube
manipulated_sequences_FaceSwap_c23_333_377_frame_02.jpg,1,FaceSwap
manipulated_sequences_Face2Face_c23_546_621_frame_04.jpg,1,Face2Face
original_sequences_youtube_c23_245_frame_05.jpg,0,youtube
manipulated_sequences_FaceShifter_c23_332_051_frame_05.jpg,1,FaceShifter
original_sequences_youtube_c23_252_frame_01.jpg,0,youtube
manipulated_sequences_FaceShifter_c23_209_016_frame_03.jpg,1,FaceShifter
manipulated_sequences_FaceShifter_c23_874_291_frame_02.jpg,1,FaceShifter
manipulated_sequences_FaceSwap_c23_325_492_frame_04.jpg,1,FaceSwap
manipulated_sequences_Deepfakes_c23_165_137_frame_02.jpg,1,Deepfakes
original_sequences_youtube_c23_850_frame_01.jpg,0,youtube
manipulated_sequences_NeuralTextures_c23_252_266_frame_03.jpg,1,NeuralTextures
manipulated_sequences_Deepfakes_c23_652_773_frame_02.jpg,1,Deepfakes
original_sequences_youtube_c23_421_frame_03.jpg,0,youtube
manipulated_sequences_NeuralTextures_c23_017_803_frame_02.jpg,1,NeuralTextures
manipulated_sequences_Face2Face_c23_250_461_frame_04.jpg,1,Face2Face
original_sequences_youtube_c23_306_frame_03.jpg,0,youtube
original_sequences_youtube_c23_369_frame_02.jpg,0,youtube
manipulated_sequences_FaceShifter_c23_737_719_frame_02.jpg,1,FaceShifter
original_sequences_youtube_c23_075_frame_03.jpg,0,youtube
manipulated_sequences_FaceSwap_c23_357_432_frame_05.jpg,1,FaceSwap
original_sequences_youtube_c23_233_frame_03.jpg,0,youtube
manipulated_sequences_Deepfakes_c23_019_018_frame_02.jpg,1,Deepfakes
original_sequences_youtube_c23_187_frame_02.jpg,0,youtube
manipulated_sequences_Deepfakes_c23_884_968_frame_03.jpg,1,Deepfakes
manipulated_sequences_FaceShifter_c23_591_605_frame_03.jpg,1,FaceShifter
manipulated_sequences_Face2Face_c23_009_027_frame_01.jpg,1,Face2Face
original_sequences_youtube_c23_160_frame_02.jpg,0,youtube
manipulated_sequences_FaceShifter_c23_862_047_frame_02.jpg,1,FaceShifter
manipulated_sequences_Face2Face_c23_134_192_frame_05.jpg,1,Face2Face
manipulated_sequences_FaceShifter_c23_830_828_frame_04.jpg,1,FaceShifter
original_sequences_youtube_c23_956_frame_02.jpg,0,youtube
manipulated_sequences_Face2Face_c23_052_108_frame_01.jpg,1,Face2Face
original_sequences_youtube_c23_799_frame_01.jpg,0,youtube
manipulated_sequences_FaceSwap_c23_745_777_frame_05.jpg,1,FaceSwap
original_sequences_youtube_c23_580_frame_01.jpg,0,youtube
original_sequences_youtube_c23_379_frame_02.jpg,0,youtube
manipulated_sequences_Deepfakes_c23_513_305_frame_01.jpg,1,Deepfakes
original_sequences_youtube_c23_705_frame_01.jpg,0,youtube
manipulated_sequences_Face2Face_c23_393_405_frame_01.jpg,1,Face2Face
original_sequences_youtube_c23_581_frame_01.jpg,0,youtube
manipulated_sequences_NeuralTextures_c23_248_232_frame_03.jpg,1,NeuralTextures
original_sequences_youtube_c23_583_frame_02.jpg,0,youtube
original_sequences_youtube_c23_694_frame_02.jpg,0,youtube
original_sequences_youtube_c23_976_frame_05.jpg,0,youtube
original_sequences_youtube_c23_594_frame_05.jpg,0,youtube
manipulated_sequences_FaceShifter_c23_096_101_frame_01.jpg,1,FaceShifter
manipulated_sequences_Deepfakes_c23_227_169_frame_03.jpg,1,Deepfakes
manipulated_sequences_NeuralTextures_c23_471_455_frame_04.jpg,1,NeuralTextures
manipulated_sequences_Face2Face_c23_812_821_frame_05.jpg,1,Face2Face
manipulated_sequences_FaceShifter_c23_412_274_frame_03.jpg,1,FaceShifter
manipulated_sequences_FaceShifter_c23_311_387_frame_01.jpg,1,FaceShifter
original_sequences_youtube_c23_301_frame_01.jpg,0,youtube
manipulated_sequences_NeuralTextures_c23_945_044_frame_05.jpg,1,NeuralTextures
original_sequences_youtube_c23_564_frame_03.jpg,0,youtube
manipulated_sequences_NeuralTextures_c23_982_004_frame_02.jpg,1,NeuralTextures
manipulated_sequences_FaceShifter_c23_573_757_frame_03.jpg,1,FaceShifter
original_sequences_youtube_c23_559_frame_04.jpg,0,youtube
manipulated_sequences_FaceShifter_c23_534_490_frame_01.jpg,1,FaceShifter
manipulated_sequences_NeuralTextures_c23_231_663_frame_01.jpg,1,NeuralTextures
manipulated_sequences_Face2Face_c23_520_542_frame_05.jpg,1,Face2Face
original_sequences_youtube_c23_248_frame_03.jpg,0,youtube
original_sequences_youtube_c23_771_frame_05.jpg,0,youtube
manipulated_sequences_FaceSwap_c23_907_795_frame_05.jpg,1,FaceSwap
manipulated_sequences_Deepfakes_c23_862_047_frame_02.jpg,1,Deepfakes
manipulated_sequences_Face2Face_c23_630_623_frame_04.jpg,1,Face2Face
manipulated_sequences_FaceShifter_c23_706_479_frame_05.jpg,1,FaceShifter
original_sequences_youtube_c23_919_frame_02.jpg,0,youtube
manipulated_sequences_FaceShifter_c23_776_676_frame_04.jpg,1,FaceShifter
manipulated_sequences_NeuralTextures_c23_947_951_frame_04.jpg,1,NeuralTextures
manipulated_sequences_FaceSwap_c23_293_296_frame_04.jpg,1,FaceSwap
manipulated_sequences_FaceShifter_c23_704_723_frame_03.jpg,1,FaceShifter
manipulated_sequences_FaceShifter_c23_052_108_frame_01.jpg,1,FaceShifter
original_sequences_youtube_c23_803_frame_02.jpg,0,youtube
original_sequences_youtube_c23_122_frame_01.jpg,0,youtube
manipulated_sequences_FaceShifter_c23_745_777_frame_01.jpg,1,FaceShifter
manipulated_sequences_Deepfakes_c23_626_562_frame_03.jpg,1,Deepfakes
original_sequences_youtube_c23_182_frame_01.jpg,0,youtube
original_sequences_youtube_c23_510_frame_04.jpg,0,youtube
original_sequences_youtube_c23_752_frame_03.jpg,0,youtube
manipulated_sequences_NeuralTextures_c23_130_139_frame_02.jpg,1,NeuralTextures
manipulated_sequences_Deepfakes_c23_753_789_frame_05.jpg,1,Deepfakes
manipulated_sequences_Face2Face_c23_061_080_frame_02.jpg,1,Face2Face
original_sequences_youtube_c23_211_frame_05.jpg,0,youtube
manipulated_sequences_NeuralTextures_c23_407_374_frame_04.jpg,1,NeuralTextures
manipulated_sequences_FaceSwap_c23_085_124_frame_01.jpg,1,FaceSwap
manipulated_sequences_FaceSwap_c23_663_231_frame_03.jpg,1,FaceSwap
manipulated_sequences_FaceShifter_c23_423_421_frame_05.jpg,1,FaceShifter
original_sequences_youtube_c23_971_frame_04.jpg,0,youtube
manipulated_sequences_FaceShifter_c23_180_105_frame_02.jpg,1,FaceShifter
manipulated_sequences_FaceSwap_c23_986_994_frame_04.jpg,1,FaceSwap
manipulated_sequences_FaceShifter_c23_898_922_frame_01.jpg,1,FaceShifter
manipulated_sequences_Deepfakes_c23_949_868_frame_03.jpg,1,Deepfakes
manipulated_sequences_Deepfakes_c23_583_558_frame_02.jpg,1,Deepfakes
manipulated_sequences_FaceShifter_c23_264_271_frame_04.jpg,1,FaceShifter
original_sequences_youtube_c23_529_frame_05.jpg,0,youtube
manipulated_sequences_NeuralTextures_c23_672_720_frame_01.jpg,1,NeuralTextures
manipulated_sequences_Deepfakes_c23_881_856_frame_04.jpg,1,Deepfakes
manipulated_sequences_FaceShifter_c23_432_357_frame_01.jpg,1,FaceShifter
original_sequences_youtube_c23_486_frame_04.jpg,0,youtube
manipulated_sequences_NeuralTextures_c23_627_658_frame_05.jpg,1,NeuralTextures
original_sequences_youtube_c23_194_frame_03.jpg,0,youtube
original_sequences_youtube_c23_838_frame_03.jpg,0,youtube
original_sequences_youtube_c23_469_frame_01.jpg,0,youtube
original_sequences_youtube_c23_336_frame_03.jpg,0,youtube
manipulated_sequences_Deepfakes_c23_326_501_frame_03.jpg,1,Deepfakes
manipulated_sequences_Deepfakes_c23_465_482_frame_04.jpg,1,Deepfakes
original_sequences_youtube_c23_346_frame_02.jpg,0,youtube
manipulated_sequences_Face2Face_c23_418_507_frame_05.jpg,1,Face2Face
manipulated_sequences_FaceShifter_c23_513_305_frame_01.jpg,1,FaceShifter
original_sequences_youtube_c23_736_frame_03.jpg,0,youtube
original_sequences_youtube_c23_957_frame_03.jpg,0,youtube
original_sequences_youtube_c23_285_frame_04.jpg,0,youtube
original_sequences_youtube_c23_845_frame_05.jpg,0,youtube
manipulated_sequences_FaceSwap_c23_959_957_frame_02.jpg,1,FaceSwap
manipulated_sequences_FaceShifter_c23_361_448_frame_05.jpg,1,FaceShifter
original_sequences_youtube_c23_916_frame_01.jpg,0,youtube
original_sequences_youtube_c23_741_frame_04.jpg,0,youtube
original_sequences_youtube_c23_353_frame_05.jpg,0,youtube
manipulated_sequences_NeuralTextures_c23_037_072_frame_02.jpg,1,NeuralTextures
manipulated_sequences_Deepfakes_c23_279_298_frame_03.jpg,1,Deepfakes
original_sequences_youtube_c23_276_frame_03.jpg,0,youtube
manipulated_sequences_Face2Face_c23_857_909_frame_01.jpg,1,Face2Face
manipulated_sequences_FaceSwap_c23_453_402_frame_05.jpg,1,FaceSwap
manipulated_sequences_Deepfakes_c23_100_077_frame_03.jpg,1,Deepfakes
manipulated_sequences_FaceShifter_c23_834_852_frame_02.jpg,1,FaceShifter
manipulated_sequences_FaceSwap_c23_200_189_frame_03.jpg,1,FaceSwap
original_sequences_youtube_c23_917_frame_02.jpg,0,youtube
original_sequences_youtube_c23_485_frame_01.jpg,0,youtube
original_sequences_youtube_c23_751_frame_02.jpg,0,youtube
original_sequences_youtube_c23_325_frame_04.jpg,0,youtube
manipulated_sequences_NeuralTextures_c23_316_369_frame_01.jpg,1,NeuralTextures
manipulated_sequences_Deepfakes_c23_992_980_frame_05.jpg,1,Deepfakes
original_sequences_youtube_c23_386_frame_03.jpg,0,youtube
manipulated_sequences_NeuralTextures_c23_907_795_frame_05.jpg,1,NeuralTextures
manipulated_sequences_Face2Face_c23_270_297_frame_02.jpg,1,Face2Face
manipulated_sequences_Deepfakes_c23_834_852_frame_05.jpg,1,Deepfakes
original_sequences_youtube_c23_756_frame_01.jpg,0,youtube
original_sequences_youtube_c23_852_frame_05.jpg,0,youtube
original_sequences_youtube_c23_090_frame_04.jpg,0,youtube
original_sequences_youtube_c23_337_frame_01.jpg,0,youtube
manipulated_sequences_NeuralTextures_c23_409_382_frame_03.jpg,1,NeuralTextures
original_sequences_youtube_c23_586_frame_01.jpg,0,youtube
original_sequences_youtube_c23_048_frame_03.jpg,0,youtube
original_sequences_youtube_c23_542_frame_02.jpg,0,youtube
original_sequences_youtube_c23_479_frame_04.jpg,0,youtube
original_sequences_youtube_c23_470_frame_05.jpg,0,youtube
manipulated_sequences_Face2Face_c23_499_539_frame_04.jpg,1,Face2Face
original_sequences_youtube_c23_380_frame_01.jpg,0,youtube
manipulated_sequences_Face2Face_c23_030_193_frame_01.jpg,1,Face2Face
manipulated_sequences_FaceShifter_c23_944_032_frame_05.jpg,1,FaceShifter
manipulated_sequences_NeuralTextures_c23_077_100_frame_03.jpg,1,NeuralTextures
original_sequences_youtube_c23_506_frame_05.jpg,0,youtube
manipulated_sequences_NeuralTextures_c23_197_224_frame_03.jpg,1,NeuralTextures
original_sequences_youtube_c23_859_frame_04.jpg,0,youtube
manipulated_sequences_FaceShifter_c23_011_805_frame_02.jpg,1,FaceShifter
manipulated_sequences_Deepfakes_c23_145_299_frame_04.jpg,1,Deepfakes
original_sequences_youtube_c23_869_frame_03.jpg,0,youtube
original_sequences_youtube_c23_785_frame_03.jpg,0,youtube
original_sequences_youtube_c23_504_frame_05.jpg,0,youtube
manipulated_sequences_Deepfakes_c23_698_693_frame_02.jpg,1,Deepfakes
original_sequences_youtube_c23_501_frame_05.jpg,0,youtube
original_sequences_youtube_c23_466_frame_03.jpg,0,youtube
manipulated_sequences_FaceShifter_c23_458_722_frame_03.jpg,1,FaceShifter
manipulated_sequences_Face2Face_c23_689_690_frame_01.jpg,1,Face2Face
original_sequences_youtube_c23_330_frame_01.jpg,0,youtube
manipulated_sequences_Deepfakes_c23_018_019_frame_03.jpg,1,Deepfakes
manipulated_sequences_FaceShifter_c23_881_856_frame_02.jpg,1,FaceShifter
original_sequences_youtube_c23_975_frame_01.jpg,0,youtube
original_sequences_youtube_c23_610_frame_05.jpg,0,youtube
original_sequences_youtube_c23_679_frame_01.jpg,0,youtube
manipulated_sequences_FaceSwap_c23_968_884_frame_01.jpg,1,FaceSwap
original_sequences_youtube_c23_279_frame_03.jpg,0,youtube
original_sequences_youtube_c23_034_frame_02.jpg,0,youtube
manipulated_sequences_Deepfakes_c23_175_159_frame_03.jpg,1,Deepfakes
manipulated_sequences_Deepfakes_c23_337_522_frame_02.jpg,1,Deepfakes
original_sequences_youtube_c23_400_frame_04.jpg,0,youtube
manipulated_sequences_FaceSwap_c23_009_027_frame_05.jpg,1,FaceSwap
original_sequences_youtube_c23_425_frame_02.jpg,0,youtube
original_sequences_youtube_c23_162_frame_04.jpg,0,youtube
manipulated_sequences_Face2Face_c23_420_257_frame_01.jpg,1,Face2Face
original_sequences_youtube_c23_096_frame_04.jpg,0,youtube
manipulated_sequences_FaceShifter_c23_565_589_frame_02.jpg,1,FaceShifter
original_sequences_youtube_c23_456_frame_02.jpg,0,youtube
original_sequences_youtube_c23_190_frame_04.jpg,0,youtube
original_sequences_youtube_c23_070_frame_03.jpg,0,youtube
original_sequences_youtube_c23_581_frame_03.jpg,0,youtube
original_sequences_youtube_c23_242_frame_01.jpg,0,youtube
manipulated_sequences_Face2Face_c23_533_450_frame_02.jpg,1,Face2Face
original_sequences_youtube_c23_230_frame_04.jpg,0,youtube
manipulated_sequences_FaceShifter_c23_070_057_frame_04.jpg,1,FaceShifter
original_sequences_youtube_c23_591_frame_03.jpg,0,youtube
manipulated_sequences_Deepfakes_c23_415_484_frame_05.jpg,1,Deepfakes
manipulated_sequences_NeuralTextures_c23_035_036_frame_05.jpg,1,NeuralTextures
original_sequences_youtube_c23_562_frame_04.jpg,0,youtube
original_sequences_youtube_c23_938_frame_02.jpg,0,youtube
manipulated_sequences_Deepfakes_c23_462_467_frame_02.jpg,1,Deepfakes
manipulated_sequences_NeuralTextures_c23_964_174_frame_04.jpg,1,NeuralTextures
manipulated_sequences_FaceSwap_c23_267_286_frame_05.jpg,1,FaceSwap
manipulated_sequences_NeuralTextures_c23_536_540_frame_01.jpg,1,NeuralTextures
original_sequences_youtube_c23_715_frame_01.jpg,0,youtube
manipulated_sequences_FaceSwap_c23_746_571_frame_03.jpg,1,FaceSwap
manipulated_sequences_Face2Face_c23_859_843_frame_02.jpg,1,Face2Face
manipulated_sequences_Deepfakes_c23_453_402_frame_03.jpg,1,Deepfakes
original_sequences_youtube_c23_825_frame_05.jpg,0,youtube
manipulated_sequences_Deepfakes_c23_818_820_frame_01.jpg,1,Deepfakes
manipulated_sequences_FaceShifter_c23_519_515_frame_04.jpg,1,FaceShifter
original_sequences_youtube_c23_033_frame_04.jpg,0,youtube
original_sequences_youtube_c23_745_frame_02.jpg,0,youtube
original_sequences_youtube_c23_769_frame_04.jpg,0,youtube
original_sequences_youtube_c23_553_frame_04.jpg,0,youtube
original_sequences_youtube_c23_127_frame_01.jpg,0,youtube
original_sequences_youtube_c23_750_frame_03.jpg,0,youtube
manipulated_sequences_NeuralTextures_c23_504_502_frame_05.jpg,1,NeuralTextures
original_sequences_youtube_c23_797_frame_05.jpg,0,youtube
manipulated_sequences_NeuralTextures_c23_575_603_frame_01.jpg,1,NeuralTextures
manipulated_sequences_FaceShifter_c23_099_295_frame_04.jpg,1,FaceShifter
original_sequences_youtube_c23_375_frame_04.jpg,0,youtube
manipulated_sequences_Face2Face_c23_266_252_frame_02.jpg,1,Face2Face
manipulated_sequences_FaceShifter_c23_855_801_frame_05.jpg,1,FaceShifter
manipulated_sequences_Deepfakes_c23_063_041_frame_05.jpg,1,Deepfakes
original_sequences_youtube_c23_171_frame_05.jpg,0,youtube
original_sequences_youtube_c23_442_frame_02.jpg,0,youtube
original_sequences_youtube_c23_660_frame_02.jpg,0,youtube
original_sequences_youtube_c23_221_frame_03.jpg,0,youtube
manipulated_sequences_NeuralTextures_c23_226_491_frame_01.jpg,1,NeuralTextures
manipulated_sequences_Face2Face_c23_146_256_frame_03.jpg,1,Face2Face
manipulated_sequences_FaceShifter_c23_001_870_frame_02.jpg,1,FaceShifter
original_sequences_youtube_c23_327_frame_02.jpg,0,youtube
manipulated_sequences_FaceShifter_c23_068_028_frame_02.jpg,1,FaceShifter
original_sequences_youtube_c23_227_frame_04.jpg,0,youtube
original_sequences_youtube_c23_347_frame_03.jpg,0,youtube
original_sequences_youtube_c23_337_frame_04.jpg,0,youtube
manipulated_sequences_NeuralTextures_c23_453_402_frame_01.jpg,1,NeuralTextures
manipulated_sequences_Deepfakes_c23_713_726_frame_01.jpg,1,Deepfakes
original_sequences_youtube_c23_116_frame_04.jpg,0,youtube
original_sequences_youtube_c23_432_frame_03.jpg,0,youtube
manipulated_sequences_NeuralTextures_c23_738_804_frame_04.jpg,1,NeuralTextures
manipulated_sequences_FaceShifter_c23_651_835_frame_04.jpg,1,FaceShifter
manipulated_sequences_Deepfakes_c23_393_405_frame_05.jpg,1,Deepfakes
original_sequences_youtube_c23_855_frame_02.jpg,0,youtube
manipulated_sequences_Deepfakes_c23_201_203_frame_01.jpg,1,Deepfakes
manipulated_sequences_Face2Face_c23_271_264_frame_03.jpg,1,Face2Face
manipulated_sequences_Deepfakes_c23_392_339_frame_05.jpg,1,Deepfakes
original_sequences_youtube_c23_200_frame_02.jpg,0,youtube
manipulated_sequences_NeuralTextures_c23_154_386_frame_01.jpg,1,NeuralTextures
manipulated_sequences_FaceSwap_c23_766_761_frame_01.jpg,1,FaceSwap
manipulated_sequences_FaceShifter_c23_377_333_frame_03.jpg,1,FaceShifter
original_sequences_youtube_c23_280_frame_03.jpg,0,youtube
manipulated_sequences_Face2Face_c23_318_334_frame_01.jpg,1,Face2Face
original_sequences_youtube_c23_615_frame_02.jpg,0,youtube
original_sequences_youtube_c23_561_frame_02.jpg,0,youtube
manipulated_sequences_Deepfakes_c23_892_112_frame_01.jpg,1,Deepfakes
manipulated_sequences_Face2Face_c23_847_906_frame_04.jpg,1,Face2Face
manipulated_sequences_Deepfakes_c23_292_294_frame_04.jpg,1,Deepfakes
manipulated_sequences_NeuralTextures_c23_955_078_frame_01.jpg,1,NeuralTextures
manipulated_sequences_NeuralTextures_c23_483_370_frame_01.jpg,1,NeuralTextures
original_sequences_youtube_c23_969_frame_05.jpg,0,youtube
manipulated_sequences_FaceShifter_c23_022_489_frame_03.jpg,1,FaceShifter
original_sequences_youtube_c23_420_frame_02.jpg,0,youtube
manipulated_sequences_Face2Face_c23_279_298_frame_03.jpg,1,Face2Face
original_sequences_youtube_c23_517_frame_05.jpg,0,youtube
original_sequences_youtube_c23_582_frame_05.jpg,0,youtube
manipulated_sequences_FaceShifter_c23_019_018_frame_02.jpg,1,FaceShifter
manipulated_sequences_NeuralTextures_c23_530_594_frame_04.jpg,1,NeuralTextures
manipulated_sequences_FaceSwap_c23_871_814_frame_05.jpg,1,FaceSwap
manipulated_sequences_Face2Face_c23_507_418_frame_03.jpg,1,Face2Face
original_sequences_youtube_c23_960_frame_04.jpg,0,youtube
original_sequences_youtube_c23_782_frame_03.jpg,0,youtube
manipulated_sequences_NeuralTextures_c23_554_572_frame_01.jpg,1,NeuralTextures
original_sequences_youtube_c23_389_frame_04.jpg,0,youtube
original_sequences_youtube_c23_856_frame_03.jpg,0,youtube
manipulated_sequences_NeuralTextures_c23_729_727_frame_02.jpg,1,NeuralTextures
manipulated_sequences_Face2Face_c23_230_204_frame_05.jpg,1,Face2Face
manipulated_sequences_FaceShifter_c23_583_558_frame_03.jpg,1,FaceShifter
original_sequences_youtube_c23_838_frame_05.jpg,0,youtube
manipulated_sequences_FaceSwap_c23_948_965_frame_04.jpg,1,FaceSwap
original_sequences_youtube_c23_569_frame_02.jpg,0,youtube
manipulated_sequences_NeuralTextures_c23_494_445_frame_04.jpg,1,NeuralTextures
original_sequences_youtube_c23_559_frame_05.jpg,0,youtube
original_sequences_youtube_c23_391_frame_04.jpg,0,youtube
original_sequences_youtube_c23_826_frame_02.jpg,0,youtube
manipulated_sequences_FaceShifter_c23_508_831_frame_01.jpg,1,FaceShifter
original_sequences_youtube_c23_005_frame_05.jpg,0,youtube
manipulated_sequences_Deepfakes_c23_142_138_frame_05.jpg,1,Deepfakes
original_sequences_youtube_c23_397_frame_05.jpg,0,youtube
original_sequences_youtube_c23_882_frame_03.jpg,0,youtube
original_sequences_youtube_c23_537_frame_04.jpg,0,youtube
original_sequences_youtube_c23_460_frame_02.jpg,0,youtube
original_sequences_youtube_c23_861_frame_03.jpg,0,youtube
original_sequences_youtube_c23_393_frame_03.jpg,0,youtube
original_sequences_youtube_c23_779_frame_01.jpg,0,youtube
manipulated_sequences_Deepfakes_c23_834_852_frame_01.jpg,1,Deepfakes
original_sequences_youtube_c23_461_frame_04.jpg,0,youtube
manipulated_sequences_NeuralTextures_c23_137_165_frame_01.jpg,1,NeuralTextures
original_sequences_youtube_c23_830_frame_03.jpg,0,youtube
manipulated_sequences_FaceSwap_c23_627_658_frame_02.jpg,1,FaceSwap
manipulated_sequences_FaceSwap_c23_927_912_frame_01.jpg,1,FaceSwap
manipulated_sequences_FaceSwap_c23_874_291_frame_02.jpg,1,FaceSwap
original_sequences_youtube_c23_191_frame_05.jpg,0,youtube
manipulated_sequences_FaceSwap_c23_900_926_frame_03.jpg,1,FaceSwap
original_sequences_youtube_c23_844_frame_01.jpg,0,youtube
original_sequences_youtube_c23_197_frame_04.jpg,0,youtube
original_sequences_youtube_c23_948_frame_05.jpg,0,youtube
original_sequences_youtube_c23_667_frame_03.jpg,0,youtube
original_sequences_youtube_c23_527_frame_01.jpg,0,youtube
original_sequences_youtube_c23_382_frame_04.jpg,0,youtube
original_sequences_youtube_c23_789_frame_01.jpg,0,youtube
manipulated_sequences_FaceShifter_c23_901_902_frame_02.jpg,1,FaceShifter
manipulated_sequences_FaceSwap_c23_314_347_frame_04.jpg,1,FaceSwap
manipulated_sequences_Face2Face_c23_930_763_frame_01.jpg,1,Face2Face
original_sequences_youtube_c23_264_frame_04.jpg,0,youtube
manipulated_sequences_FaceSwap_c23_328_320_frame_03.jpg,1,FaceSwap
manipulated_sequences_Deepfakes_c23_155_576_frame_02.jpg,1,Deepfakes
original_sequences_youtube_c23_895_frame_03.jpg,0,youtube
original_sequences_youtube_c23_990_frame_01.jpg,0,youtube
original_sequences_youtube_c23_925_frame_01.jpg,0,youtube
manipulated_sequences_Deepfakes_c23_948_965_frame_03.jpg,1,Deepfakes
manipulated_sequences_FaceShifter_c23_650_625_frame_04.jpg,1,FaceShifter
manipulated_sequences_NeuralTextures_c23_454_527_frame_03.jpg,1,NeuralTextures
manipulated_sequences_FaceShifter_c23_842_714_frame_04.jpg,1,FaceShifter
manipulated_sequences_FaceSwap_c23_812_821_frame_05.jpg,1,FaceSwap
manipulated_sequences_Deepfakes_c23_758_754_frame_01.jpg,1,Deepfakes
manipulated_sequences_FaceSwap_c23_619_620_frame_03.jpg,1,FaceSwap
manipulated_sequences_Face2Face_c23_350_349_frame_05.jpg,1,Face2Face
original_sequences_youtube_c23_130_frame_05.jpg,0,youtube
manipulated_sequences_FaceShifter_c23_568_628_frame_05.jpg,1,FaceShifter
manipulated_sequences_FaceShifter_c23_488_399_frame_05.jpg,1,FaceShifter
original_sequences_youtube_c23_173_frame_01.jpg,0,youtube
manipulated_sequences_NeuralTextures_c23_609_596_frame_01.jpg,1,NeuralTextures
original_sequences_youtube_c23_848_frame_05.jpg,0,youtube
manipulated_sequences_Deepfakes_c23_875_979_frame_04.jpg,1,Deepfakes
original_sequences_youtube_c23_621_frame_03.jpg,0,youtube
original_sequences_youtube_c23_291_frame_03.jpg,0,youtube
original_sequences_youtube_c23_153_frame_02.jpg,0,youtube
original_sequences_youtube_c23_157_frame_01.jpg,0,youtube
manipulated_sequences_Face2Face_c23_827_817_frame_05.jpg,1,Face2Face
manipulated_sequences_Deepfakes_c23_979_875_frame_02.jpg,1,Deepfakes
original_sequences_youtube_c23_001_frame_03.jpg,0,youtube
manipulated_sequences_Deepfakes_c23_221_206_frame_01.jpg,1,Deepfakes
original_sequences_youtube_c23_309_frame_05.jpg,0,youtube
original_sequences_youtube_c23_196_frame_02.jpg,0,youtube
manipulated_sequences_Face2Face_c23_134_192_frame_01.jpg,1,Face2Face
manipulated_sequences_FaceShifter_c23_954_976_frame_05.jpg,1,FaceShifter
manipulated_sequences_Deepfakes_c23_337_522_frame_03.jpg,1,Deepfakes
original_sequences_youtube_c23_530_frame_02.jpg,0,youtube
original_sequences_youtube_c23_431_frame_02.jpg,0,youtube
manipulated_sequences_NeuralTextures_c23_510_528_frame_04.jpg,1,NeuralTextures
original_sequences_youtube_c23_781_frame_02.jpg,0,youtube
manipulated_sequences_Face2Face_c23_112_892_frame_04.jpg,1,Face2Face
original_sequences_youtube_c23_652_frame_01.jpg,0,youtube
manipulated_sequences_NeuralTextures_c23_270_297_frame_04.jpg,1,NeuralTextures
original_sequences_youtube_c23_501_frame_04.jpg,0,youtube
original_sequences_youtube_c23_989_frame_05.jpg,0,youtube
manipulated_sequences_Face2Face_c23_740_796_frame_01.jpg,1,Face2Face
manipulated_sequences_FaceShifter_c23_487_477_frame_02.jpg,1,FaceShifter
original_sequences_youtube_c23_449_frame_03.jpg,0,youtube
manipulated_sequences_NeuralTextures_c23_430_459_frame_03.jpg,1,NeuralTextures
manipulated_sequences_Face2Face_c23_815_730_frame_03.jpg,1,Face2Face
manipulated_sequences_Deepfakes_c23_675_608_frame_04.jpg,1,Deepfakes
manipulated_sequences_Deepfakes_c23_885_802_frame_05.jpg,1,Deepfakes
manipulated_sequences_FaceSwap_c23_545_553_frame_02.jpg,1,FaceSwap
manipulated_sequences_Deepfakes_c23_506_478_frame_01.jpg,1,Deepfakes
manipulated_sequences_Face2Face_c23_127_129_frame_04.jpg,1,Face2Face
original_sequences_youtube_c23_105_frame_05.jpg,0,youtube
original_sequences_youtube_c23_927_frame_05.jpg,0,youtube
original_sequences_youtube_c23_204_frame_01.jpg,0,youtube
original_sequences_youtube_c23_023_frame_05.jpg,0,youtube
manipulated_sequences_Face2Face_c23_424_408_frame_02.jpg,1,Face2Face
manipulated_sequences_FaceShifter_c23_132_007_frame_03.jpg,1,FaceShifter
manipulated_sequences_FaceSwap_c23_306_278_frame_04.jpg,1,FaceSwap
manipulated_sequences_FaceSwap_c23_565_589_frame_02.jpg,1,FaceSwap
manipulated_sequences_Deepfakes_c23_896_128_frame_02.jpg,1,Deepfakes
manipulated_sequences_Face2Face_c23_963_879_frame_05.jpg,1,Face2Face
manipulated_sequences_FaceSwap_c23_690_689_frame_05.jpg,1,FaceSwap
original_sequences_youtube_c23_884_frame_03.jpg,0,youtube
manipulated_sequences_NeuralTextures_c23_060_088_frame_05.jpg,1,NeuralTextures
manipulated_sequences_Deepfakes_c23_589_565_frame_04.jpg,1,Deepfakes
manipulated_sequences_Deepfakes_c23_089_065_frame_05.jpg,1,Deepfakes
original_sequences_youtube_c23_868_frame_01.jpg,0,youtube
original_sequences_youtube_c23_524_frame_05.jpg,0,youtube
original_sequences_youtube_c23_078_frame_03.jpg,0,youtube
manipulated_sequences_Deepfakes_c23_068_028_frame_02.jpg,1,Deepfakes
manipulated_sequences_FaceShifter_c23_637_427_frame_01.jpg,1,FaceShifter
manipulated_sequences_FaceShifter_c23_323_302_frame_04.jpg,1,FaceShifter
manipulated_sequences_FaceSwap_c23_285_136_frame_03.jpg,1,FaceSwap
manipulated_sequences_Face2Face_c23_894_848_frame_02.jpg,1,Face2Face
original_sequences_youtube_c23_402_frame_03.jpg,0,youtube
manipulated_sequences_Face2Face_c23_272_396_frame_01.jpg,1,Face2Face
original_sequences_youtube_c23_125_frame_01.jpg,0,youtube
original_sequences_youtube_c23_092_frame_01.jpg,0,youtube
manipulated_sequences_FaceSwap_c23_834_852_frame_01.jpg,1,FaceSwap
original_sequences_youtube_c23_303_frame_01.jpg,0,youtube
manipulated_sequences_Deepfakes_c23_968_884_frame_02.jpg,1,Deepfakes
original_sequences_youtube_c23_853_frame_05.jpg,0,youtube
manipulated_sequences_FaceSwap_c23_434_438_frame_05.jpg,1,FaceSwap
original_sequences_youtube_c23_339_frame_04.jpg,0,youtube
original_sequences_youtube_c23_759_frame_02.jpg,0,youtube
original_sequences_youtube_c23_727_frame_01.jpg,0,youtube
manipulated_sequences_FaceShifter_c23_217_117_frame_01.jpg,1,FaceShifter
manipulated_sequences_FaceSwap_c23_940_941_frame_02.jpg,1,FaceSwap
original_sequences_youtube_c23_683_frame_05.jpg,0,youtube
original_sequences_youtube_c23_473_frame_05.jpg,0,youtube
original_sequences_youtube_c23_472_frame_03.jpg,0,youtube
manipulated_sequences_FaceSwap_c23_713_726_frame_01.jpg,1,FaceSwap
original_sequences_youtube_c23_936_frame_01.jpg,0,youtube
original_sequences_youtube_c23_328_frame_02.jpg,0,youtube
manipulated_sequences_Deepfakes_c23_729_727_frame_02.jpg,1,Deepfakes
original_sequences_youtube_c23_249_frame_01.jpg,0,youtube
original_sequences_youtube_c23_941_frame_02.jpg,0,youtube
manipulated_sequences_FaceSwap_c23_136_285_frame_05.jpg,1,FaceSwap
original_sequences_youtube_c23_453_frame_04.jpg,0,youtube
manipulated_sequences_Deepfakes_c23_872_873_frame_05.jpg,1,Deepfakes
original_sequences_youtube_c23_296_frame_03.jpg,0,youtube
manipulated_sequences_NeuralTextures_c23_698_693_frame_04.jpg,1,NeuralTextures
manipulated_sequences_FaceSwap_c23_968_884_frame_02.jpg,1,FaceSwap
manipulated_sequences_Deepfakes_c23_561_998_frame_05.jpg,1,Deepfakes
original_sequences_youtube_c23_290_frame_05.jpg,0,youtube
manipulated_sequences_Deepfakes_c23_152_149_frame_01.jpg,1,Deepfakes
original_sequences_youtube_c23_065_frame_03.jpg,0,youtube
original_sequences_youtube_c23_516_frame_04.jpg,0,youtube
original_sequences_youtube_c23_218_frame_01.jpg,0,youtube
original_sequences_youtube_c23_953_frame_04.jpg,0,youtube
original_sequences_youtube_c23_591_frame_02.jpg,0,youtube
manipulated_sequences_Face2Face_c23_617_566_frame_05.jpg,1,Face2Face
original_sequences_youtube_c23_427_frame_04.jpg,0,youtube
manipulated_sequences_Deepfakes_c23_200_189_frame_03.jpg,1,Deepfakes
original_sequences_youtube_c23_741_frame_02.jpg,0,youtube
original_sequences_youtube_c23_723_frame_05.jpg,0,youtube
original_sequences_youtube_c23_083_frame_05.jpg,0,youtube
manipulated_sequences_Deepfakes_c23_791_770_frame_05.jpg,1,Deepfakes
original_sequences_youtube_c23_665_frame_01.jpg,0,youtube
original_sequences_youtube_c23_986_frame_01.jpg,0,youtube
manipulated_sequences_Deepfakes_c23_568_628_frame_05.jpg,1,Deepfakes
original_sequences_youtube_c23_671_frame_02.jpg,0,youtube
manipulated_sequences_FaceShifter_c23_419_824_frame_01.jpg,1,FaceShifter
manipulated_sequences_Deepfakes_c23_907_795_frame_02.jpg,1,Deepfakes
manipulated_sequences_FaceSwap_c23_669_682_frame_04.jpg,1,FaceSwap
original_sequences_youtube_c23_271_frame_02.jpg,0,youtube
original_sequences_youtube_c23_567_frame_03.jpg,0,youtube
manipulated_sequences_Face2Face_c23_270_297_frame_04.jpg,1,Face2Face
original_sequences_youtube_c23_337_frame_02.jpg,0,youtube
original_sequences_youtube_c23_011_frame_04.jpg,0,youtube
manipulated_sequences_NeuralTextures_c23_438_434_frame_05.jpg,1,NeuralTextures
original_sequences_youtube_c23_607_frame_02.jpg,0,youtube
original_sequences_youtube_c23_694_frame_01.jpg,0,youtube
original_sequences_youtube_c23_377_frame_05.jpg,0,youtube
original_sequences_youtube_c23_387_frame_03.jpg,0,youtube
manipulated_sequences_FaceSwap_c23_786_819_frame_05.jpg,1,FaceSwap
original_sequences_youtube_c23_925_frame_04.jpg,0,youtube
manipulated_sequences_Face2Face_c23_208_215_frame_03.jpg,1,Face2Face
manipulated_sequences_Deepfakes_c23_081_087_frame_05.jpg,1,Deepfakes
original_sequences_youtube_c23_863_frame_04.jpg,0,youtube
manipulated_sequences_FaceShifter_c23_369_316_frame_05.jpg,1,FaceShifter
manipulated_sequences_NeuralTextures_c23_779_794_frame_01.jpg,1,NeuralTextures
original_sequences_youtube_c23_071_frame_01.jpg,0,youtube
manipulated_sequences_NeuralTextures_c23_158_379_frame_04.jpg,1,NeuralTextures
manipulated_sequences_FaceSwap_c23_170_186_frame_03.jpg,1,FaceSwap
original_sequences_youtube_c23_851_frame_01.jpg,0,youtube
manipulated_sequences_Deepfakes_c23_521_517_frame_01.jpg,1,Deepfakes
manipulated_sequences_Face2Face_c23_005_010_frame_05.jpg,1,Face2Face
manipulated_sequences_FaceSwap_c23_008_990_frame_01.jpg,1,FaceSwap
original_sequences_youtube_c23_454_frame_05.jpg,0,youtube
manipulated_sequences_FaceSwap_c23_342_416_frame_05.jpg,1,FaceSwap
manipulated_sequences_NeuralTextures_c23_009_027_frame_01.jpg,1,NeuralTextures
manipulated_sequences_NeuralTextures_c23_887_275_frame_03.jpg,1,NeuralTextures
original_sequences_youtube_c23_597_frame_04.jpg,0,youtube
manipulated_sequences_NeuralTextures_c23_153_150_frame_01.jpg,1,NeuralTextures
original_sequences_youtube_c23_442_frame_03.jpg,0,youtube
manipulated_sequences_FaceShifter_c23_035_036_frame_05.jpg,1,FaceShifter
manipulated_sequences_FaceShifter_c23_124_085_frame_01.jpg,1,FaceShifter
manipulated_sequences_NeuralTextures_c23_068_028_frame_02.jpg,1,NeuralTextures
original_sequences_youtube_c23_042_frame_04.jpg,0,youtube
original_sequences_youtube_c23_111_frame_02.jpg,0,youtube
original_sequences_youtube_c23_636_frame_03.jpg,0,youtube
manipulated_sequences_FaceSwap_c23_155_576_frame_02.jpg,1,FaceSwap
manipulated_sequences_Deepfakes_c23_733_935_frame_05.jpg,1,Deepfakes
original_sequences_youtube_c23_226_frame_05.jpg,0,youtube
original_sequences_youtube_c23_161_frame_03.jpg,0,youtube
manipulated_sequences_FaceSwap_c23_006_002_frame_01.jpg,1,FaceSwap
original_sequences_youtube_c23_809_frame_05.jpg,0,youtube
original_sequences_youtube_c23_550_frame_05.jpg,0,youtube
manipulated_sequences_NeuralTextures_c23_704_723_frame_01.jpg,1,NeuralTextures
original_sequences_youtube_c23_926_frame_02.jpg,0,youtube
manipulated_sequences_Face2Face_c23_102_114_frame_04.jpg,1,Face2Face
manipulated_sequences_NeuralTextures_c23_084_042_frame_02.jpg,1,NeuralTextures
manipulated_sequences_FaceSwap_c23_855_801_frame_02.jpg,1,FaceSwap
manipulated_sequences_FaceShifter_c23_340_341_frame_04.jpg,1,FaceShifter
original_sequences_youtube_c23_339_frame_01.jpg,0,youtube
manipulated_sequences_Deepfakes_c23_921_569_frame_02.jpg,1,Deepfakes
original_sequences_youtube_c23_714_frame_03.jpg,0,youtube
original_sequences_youtube_c23_350_frame_03.jpg,0,youtube
manipulated_sequences_NeuralTextures_c23_737_719_frame_02.jpg,1,NeuralTextures
original_sequences_youtube_c23_080_frame_03.jpg,0,youtube
original_sequences_youtube_c23_230_frame_03.jpg,0,youtube
manipulated_sequences_Deepfakes_c23_495_512_frame_05.jpg,1,Deepfakes
original_sequences_youtube_c23_498_frame_04.jpg,0,youtube
manipulated_sequences_Deepfakes_c23_488_399_frame_04.jpg,1,Deepfakes
original_sequences_youtube_c23_954_frame_05.jpg,0,youtube
original_sequences_youtube_c23_874_frame_03.jpg,0,youtube
original_sequences_youtube_c23_134_frame_03.jpg,0,youtube
manipulated_sequences_NeuralTextures_c23_749_659_frame_05.jpg,1,NeuralTextures
manipulated_sequences_NeuralTextures_c23_914_899_frame_05.jpg,1,NeuralTextures
original_sequences_youtube_c23_461_frame_02.jpg,0,youtube
original_sequences_youtube_c23_136_frame_04.jpg,0,youtube
original_sequences_youtube_c23_956_frame_01.jpg,0,youtube
manipulated_sequences_Face2Face_c23_165_137_frame_02.jpg,1,Face2Face
original_sequences_youtube_c23_062_frame_02.jpg,0,youtube
original_sequences_youtube_c23_774_frame_03.jpg,0,youtube
original_sequences_youtube_c23_002_frame_05.jpg,0,youtube
original_sequences_youtube_c23_132_frame_01.jpg,0,youtube
manipulated_sequences_Deepfakes_c23_999_960_frame_02.jpg,1,Deepfakes
manipulated_sequences_NeuralTextures_c23_284_263_frame_02.jpg,1,NeuralTextures
manipulated_sequences_NeuralTextures_c23_785_736_frame_01.jpg,1,NeuralTextures
manipulated_sequences_FaceShifter_c23_406_391_frame_05.jpg,1,FaceShifter
original_sequences_youtube_c23_312_frame_03.jpg,0,youtube
manipulated_sequences_NeuralTextures_c23_776_676_frame_04.jpg,1,NeuralTextures
original_sequences_youtube_c23_904_frame_03.jpg,0,youtube
original_sequences_youtube_c23_164_frame_04.jpg,0,youtube
original_sequences_youtube_c23_866_frame_02.jpg,0,youtube
manipulated_sequences_FaceSwap_c23_939_115_frame_05.jpg,1,FaceSwap
original_sequences_youtube_c23_052_frame_04.jpg,0,youtube
manipulated_sequences_Face2Face_c23_744_674_frame_01.jpg,1,Face2Face
manipulated_sequences_Face2Face_c23_969_897_frame_01.jpg,1,Face2Face
original_sequences_youtube_c23_794_frame_02.jpg,0,youtube
manipulated_sequences_Face2Face_c23_897_969_frame_01.jpg,1,Face2Face
manipulated_sequences_Deepfakes_c23_194_235_frame_03.jpg,1,Deepfakes
original_sequences_youtube_c23_651_frame_04.jpg,0,youtube
original_sequences_youtube_c23_266_frame_03.jpg,0,youtube
manipulated_sequences_FaceShifter_c23_873_872_frame_03.jpg,1,FaceShifter
manipulated_sequences_FaceSwap_c23_005_010_frame_05.jpg,1,FaceSwap
original_sequences_youtube_c23_626_frame_02.jpg,0,youtube
original_sequences_youtube_c23_589_frame_04.jpg,0,youtube
manipulated_sequences_FaceSwap_c23_116_091_frame_02.jpg,1,FaceSwap
manipulated_sequences_FaceShifter_c23_084_042_frame_02.jpg,1,FaceShifter
original_sequences_youtube_c23_812_frame_01.jpg,0,youtube
manipulated_sequences_Deepfakes_c23_791_770_frame_02.jpg,1,Deepfakes
manipulated_sequences_NeuralTextures_c23_271_264_frame_02.jpg,1,NeuralTextures
original_sequences_youtube_c23_817_frame_05.jpg,0,youtube
manipulated_sequences_FaceShifter_c23_881_856_frame_04.jpg,1,FaceShifter
original_sequences_youtube_c23_818_frame_03.jpg,0,youtube
original_sequences_youtube_c23_684_frame_05.jpg,0,youtube
original_sequences_youtube_c23_201_frame_05.jpg,0,youtube
original_sequences_youtube_c23_154_frame_04.jpg,0,youtube
original_sequences_youtube_c23_493_frame_03.jpg,0,youtube
original_sequences_youtube_c23_931_frame_05.jpg,0,youtube
manipulated_sequences_NeuralTextures_c23_045_889_frame_01.jpg,1,NeuralTextures
manipulated_sequences_NeuralTextures_c23_948_965_frame_04.jpg,1,NeuralTextures
original_sequences_youtube_c23_326_frame_03.jpg,0,youtube
original_sequences_youtube_c23_300_frame_03.jpg,0,youtube
manipulated_sequences_Face2Face_c23_570_624_frame_04.jpg,1,Face2Face
original_sequences_youtube_c23_881_frame_04.jpg,0,youtube
manipulated_sequences_Deepfakes_c23_564_971_frame_05.jpg,1,Deepfakes
manipulated_sequences_Face2Face_c23_864_839_frame_04.jpg,1,Face2Face
original_sequences_youtube_c23_542_frame_01.jpg,0,youtube
original_sequences_youtube_c23_981_frame_04.jpg,0,youtube
manipulated_sequences_Face2Face_c23_541_523_frame_02.jpg,1,Face2Face
manipulated_sequences_Deepfakes_c23_266_252_frame_01.jpg,1,Deepfakes
original_sequences_youtube_c23_240_frame_04.jpg,0,youtube
manipulated_sequences_Deepfakes_c23_521_517_frame_05.jpg,1,Deepfakes
original_sequences_youtube_c23_848_frame_01.jpg,0,youtube
manipulated_sequences_FaceShifter_c23_834_852_frame_05.jpg,1,FaceShifter
original_sequences_youtube_c23_556_frame_02.jpg,0,youtube
original_sequences_youtube_c23_225_frame_02.jpg,0,youtube
manipulated_sequences_NeuralTextures_c23_674_744_frame_02.jpg,1,NeuralTextures
manipulated_sequences_FaceSwap_c23_248_232_frame_03.jpg,1,FaceSwap
original_sequences_youtube_c23_223_frame_05.jpg,0,youtube
manipulated_sequences_FaceShifter_c23_188_191_frame_02.jpg,1,FaceShifter
original_sequences_youtube_c23_238_frame_04.jpg,0,youtube
original_sequences_youtube_c23_187_frame_01.jpg,0,youtube
original_sequences_youtube_c23_059_frame_01.jpg,0,youtube
manipulated_sequences_FaceSwap_c23_695_422_frame_04.jpg,1,FaceSwap
original_sequences_youtube_c23_012_frame_01.jpg,0,youtube
manipulated_sequences_FaceShifter_c23_252_266_frame_03.jpg,1,FaceShifter
manipulated_sequences_Deepfakes_c23_544_532_frame_02.jpg,1,Deepfakes
original_sequences_youtube_c23_165_frame_03.jpg,0,youtube
original_sequences_youtube_c23_228_frame_02.jpg,0,youtube
manipulated_sequences_FaceSwap_c23_653_601_frame_03.jpg,1,FaceSwap
original_sequences_youtube_c23_174_frame_03.jpg,0,youtube
manipulated_sequences_NeuralTextures_c23_644_657_frame_05.jpg,1,NeuralTextures
manipulated_sequences_FaceShifter_c23_351_346_frame_04.jpg,1,FaceShifter
original_sequences_youtube_c23_881_frame_02.jpg,0,youtube
manipulated_sequences_NeuralTextures_c23_104_126_frame_05.jpg,1,NeuralTextures
manipulated_sequences_NeuralTextures_c23_253_183_frame_05.jpg,1,NeuralTextures
manipulated_sequences_FaceSwap_c23_465_482_frame_04.jpg,1,FaceSwap
manipulated_sequences_NeuralTextures_c23_144_122_frame_04.jpg,1,NeuralTextures
original_sequences_youtube_c23_495_frame_01.jpg,0,youtube
manipulated_sequences_Face2Face_c23_745_777_frame_01.jpg,1,Face2Face
original_sequences_youtube_c23_169_frame_01.jpg,0,youtube
original_sequences_youtube_c23_282_frame_04.jpg,0,youtube
original_sequences_youtube_c23_263_frame_04.jpg,0,youtube
manipulated_sequences_Deepfakes_c23_527_454_frame_05.jpg,1,Deepfakes
manipulated_sequences_FaceShifter_c23_329_327_frame_05.jpg,1,FaceShifter
original_sequences_youtube_c23_930_frame_02.jpg,0,youtube
manipulated_sequences_FaceSwap_c23_947_951_frame_04.jpg,1,FaceSwap
manipulated_sequences_FaceSwap_c23_867_765_frame_01.jpg,1,FaceSwap
manipulated_sequences_FaceShifter_c23_453_402_frame_02.jpg,1,FaceShifter
manipulated_sequences_FaceShifter_c23_803_017_frame_04.jpg,1,FaceShifter
manipulated_sequences_FaceShifter_c23_727_729_frame_01.jpg,1,FaceShifter
manipulated_sequences_FaceSwap_c23_272_396_frame_03.jpg,1,FaceSwap
manipulated_sequences_NeuralTextures_c23_685_613_frame_05.jpg,1,NeuralTextures
original_sequences_youtube_c23_468_frame_02.jpg,0,youtube
original_sequences_youtube_c23_024_frame_02.jpg,0,youtube
manipulated_sequences_FaceShifter_c23_202_348_frame_05.jpg,1,FaceShifter
manipulated_sequences_Face2Face_c23_648_654_frame_03.jpg,1,Face2Face
manipulated_sequences_FaceShifter_c23_026_012_frame_05.jpg,1,FaceShifter
manipulated_sequences_Face2Face_c23_635_642_frame_02.jpg,1,Face2Face
original_sequences_youtube_c23_876_frame_02.jpg,0,youtube
manipulated_sequences_NeuralTextures_c23_881_856_frame_04.jpg,1,NeuralTextures
manipulated_sequences_FaceShifter_c23_471_455_frame_01.jpg,1,FaceShifter
manipulated_sequences_Deepfakes_c23_591_605_frame_03.jpg,1,Deepfakes
manipulated_sequences_Deepfakes_c23_507_418_frame_03.jpg,1,Deepfakes
original_sequences_youtube_c23_881_frame_05.jpg,0,youtube
original_sequences_youtube_c23_506_frame_03.jpg,0,youtube
manipulated_sequences_Face2Face_c23_670_661_frame_03.jpg,1,Face2Face
manipulated_sequences_Deepfakes_c23_009_027_frame_01.jpg,1,Deepfakes
original_sequences_youtube_c23_551_frame_03.jpg,0,youtube
manipulated_sequences_Deepfakes_c23_733_935_frame_02.jpg,1,Deepfakes
manipulated_sequences_NeuralTextures_c23_357_432_frame_04.jpg,1,NeuralTextures
manipulated_sequences_FaceSwap_c23_571_746_frame_04.jpg,1,FaceSwap
manipulated_sequences_Face2Face_c23_784_769_frame_02.jpg,1,Face2Face
original_sequences_youtube_c23_192_frame_04.jpg,0,youtube
manipulated_sequences_Face2Face_c23_960_999_frame_05.jpg,1,Face2Face
manipulated_sequences_FaceShifter_c23_643_646_frame_04.jpg,1,FaceShifter
manipulated_sequences_Face2Face_c23_562_626_frame_04.jpg,1,Face2Face
manipulated_sequences_NeuralTextures_c23_342_416_frame_05.jpg,1,NeuralTextures
original_sequences_youtube_c23_962_frame_02.jpg,0,youtube
manipulated_sequences_NeuralTextures_c23_591_605_frame_03.jpg,1,NeuralTextures
manipulated_sequences_Face2Face_c23_688_645_frame_01.jpg,1,Face2Face
original_sequences_youtube_c23_340_frame_03.jpg,0,youtube
manipulated_sequences_NeuralTextures_c23_433_498_frame_03.jpg,1,NeuralTextures
original_sequences_youtube_c23_940_frame_01.jpg,0,youtube
original_sequences_youtube_c23_773_frame_04.jpg,0,youtube
manipulated_sequences_Face2Face_c23_240_290_frame_02.jpg,1,Face2Face
manipulated_sequences_FaceShifter_c23_073_024_frame_02.jpg,1,FaceShifter
manipulated_sequences_Face2Face_c23_393_405_frame_05.jpg,1,Face2Face
original_sequences_youtube_c23_066_frame_02.jpg,0,youtube
original_sequences_youtube_c23_645_frame_01.jpg,0,youtube
manipulated_sequences_Face2Face_c23_454_527_frame_01.jpg,1,Face2Face
manipulated_sequences_Deepfakes_c23_510_528_frame_03.jpg,1,Deepfakes
manipulated_sequences_FaceSwap_c23_329_327_frame_04.jpg,1,FaceSwap
manipulated_sequences_Deepfakes_c23_483_370_frame_04.jpg,1,Deepfakes
original_sequences_youtube_c23_332_frame_04.jpg,0,youtube
manipulated_sequences_Face2Face_c23_612_702_frame_04.jpg,1,Face2Face
manipulated_sequences_Deepfakes_c23_717_684_frame_01.jpg,1,Deepfakes
original_sequences_youtube_c23_519_frame_05.jpg,0,youtube
original_sequences_youtube_c23_702_frame_04.jpg,0,youtube
original_sequences_youtube_c23_954_frame_03.jpg,0,youtube
original_sequences_youtube_c23_778_frame_04.jpg,0,youtube
manipulated_sequences_Deepfakes_c23_458_722_frame_03.jpg,1,Deepfakes
manipulated_sequences_Deepfakes_c23_194_235_frame_02.jpg,1,Deepfakes
original_sequences_youtube_c23_219_frame_04.jpg,0,youtube
manipulated_sequences_FaceShifter_c23_847_906_frame_04.jpg,1,FaceShifter
original_sequences_youtube_c23_746_frame_01.jpg,0,youtube
manipulated_sequences_FaceSwap_c23_828_830_frame_05.jpg,1,FaceSwap
original_sequences_youtube_c23_756_frame_02.jpg,0,youtube
original_sequences_youtube_c23_087_frame_05.jpg,0,youtube
manipulated_sequences_Face2Face_c23_392_339_frame_01.jpg,1,Face2Face
original_sequences_youtube_c23_292_frame_01.jpg,0,youtube
manipulated_sequences_Deepfakes_c23_350_349_frame_01.jpg,1,Deepfakes
manipulated_sequences_Face2Face_c23_834_852_frame_01.jpg,1,Face2Face
manipulated_sequences_Deepfakes_c23_032_944_frame_03.jpg,1,Deepfakes
original_sequences_youtube_c23_658_frame_02.jpg,0,youtube
manipulated_sequences_NeuralTextures_c23_004_982_frame_03.jpg,1,NeuralTextures
manipulated_sequences_FaceSwap_c23_877_886_frame_02.jpg,1,FaceSwap
manipulated_sequences_Deepfakes_c23_588_556_frame_04.jpg,1,Deepfakes
manipulated_sequences_FaceShifter_c23_626_562_frame_04.jpg,1,FaceShifter
manipulated_sequences_Deepfakes_c23_091_116_frame_04.jpg,1,Deepfakes
original_sequences_youtube_c23_449_frame_05.jpg,0,youtube
manipulated_sequences_Face2Face_c23_881_856_frame_04.jpg,1,Face2Face
original_sequences_youtube_c23_029_frame_02.jpg,0,youtube
manipulated_sequences_NeuralTextures_c23_931_936_frame_05.jpg,1,NeuralTextures
original_sequences_youtube_c23_920_frame_04.jpg,0,youtube
original_sequences_youtube_c23_212_frame_04.jpg,0,youtube
manipulated_sequences_NeuralTextures_c23_976_954_frame_04.jpg,1,NeuralTextures
original_sequences_youtube_c23_878_frame_01.jpg,0,youtube
original_sequences_youtube_c23_536_frame_02.jpg,0,youtube
manipulated_sequences_FaceShifter_c23_391_406_frame_03.jpg,1,FaceShifter
original_sequences_youtube_c23_156_frame_01.jpg,0,youtube
original_sequences_youtube_c23_346_frame_05.jpg,0,youtube
original_sequences_youtube_c23_486_frame_05.jpg,0,youtube
manipulated_sequences_Deepfakes_c23_216_164_frame_05.jpg,1,Deepfakes
original_sequences_youtube_c23_020_frame_03.jpg,0,youtube
manipulated_sequences_FaceSwap_c23_227_169_frame_01.jpg,1,FaceSwap
manipulated_sequences_FaceSwap_c23_355_748_frame_02.jpg,1,FaceSwap
original_sequences_youtube_c23_949_frame_03.jpg,0,youtube
manipulated_sequences_NeuralTextures_c23_458_722_frame_03.jpg,1,NeuralTextures
manipulated_sequences_Deepfakes_c23_253_183_frame_05.jpg,1,Deepfakes
manipulated_sequences_Face2Face_c23_291_874_frame_04.jpg,1,Face2Face
original_sequences_youtube_c23_267_frame_01.jpg,0,youtube
manipulated_sequences_FaceSwap_c23_525_509_frame_03.jpg,1,FaceSwap
original_sequences_youtube_c23_402_frame_05.jpg,0,youtube
manipulated_sequences_FaceSwap_c23_928_160_frame_04.jpg,1,FaceSwap
manipulated_sequences_NeuralTextures_c23_570_624_frame_03.jpg,1,NeuralTextures
manipulated_sequences_Deepfakes_c23_768_793_frame_01.jpg,1,Deepfakes
original_sequences_youtube_c23_205_frame_04.jpg,0,youtube
manipulated_sequences_FaceSwap_c23_881_856_frame_02.jpg,1,FaceSwap
manipulated_sequences_FaceSwap_c23_031_163_frame_01.jpg,1,FaceSwap
manipulated_sequences_FaceShifter_c23_736_785_frame_02.jpg,1,FaceShifter
original_sequences_youtube_c23_130_frame_02.jpg,0,youtube
manipulated_sequences_Face2Face_c23_924_917_frame_01.jpg,1,Face2Face
manipulated_sequences_FaceShifter_c23_250_461_frame_05.jpg,1,FaceShifter
manipulated_sequences_FaceShifter_c23_406_391_frame_04.jpg,1,FaceShifter
manipulated_sequences_Deepfakes_c23_336_338_frame_04.jpg,1,Deepfakes
original_sequences_youtube_c23_095_frame_04.jpg,0,youtube
manipulated_sequences_NeuralTextures_c23_521_517_frame_05.jpg,1,NeuralTextures
manipulated_sequences_FaceShifter_c23_307_365_frame_01.jpg,1,FaceShifter
original_sequences_youtube_c23_089_frame_04.jpg,0,youtube
manipulated_sequences_NeuralTextures_c23_348_202_frame_03.jpg,1,NeuralTextures
original_sequences_youtube_c23_783_frame_02.jpg,0,youtube
manipulated_sequences_NeuralTextures_c23_499_539_frame_04.jpg,1,NeuralTextures
manipulated_sequences_Deepfakes_c23_617_566_frame_05.jpg,1,Deepfakes
manipulated_sequences_FaceSwap_c23_288_321_frame_05.jpg,1,FaceSwap
manipulated_sequences_FaceSwap_c23_769_784_frame_05.jpg,1,FaceSwap
original_sequences_youtube_c23_490_frame_03.jpg,0,youtube
manipulated_sequences_FaceShifter_c23_395_401_frame_04.jpg,1,FaceShifter
original_sequences_youtube_c23_476_frame_03.jpg,0,youtube
original_sequences_youtube_c23_024_frame_01.jpg,0,youtube
original_sequences_youtube_c23_210_frame_03.jpg,0,youtube
manipulated_sequences_NeuralTextures_c23_289_228_frame_03.jpg,1,NeuralTextures
manipulated_sequences_FaceSwap_c23_733_935_frame_02.jpg,1,FaceSwap
original_sequences_youtube_c23_533_frame_01.jpg,0,youtube
manipulated_sequences_Deepfakes_c23_040_997_frame_01.jpg,1,Deepfakes
original_sequences_youtube_c23_099_frame_03.jpg,0,youtube
original_sequences_youtube_c23_585_frame_05.jpg,0,youtube
manipulated_sequences_FaceShifter_c23_875_979_frame_04.jpg,1,FaceShifter
manipulated_sequences_FaceSwap_c23_895_915_frame_05.jpg,1,FaceSwap
original_sequences_youtube_c23_677_frame_01.jpg,0,youtube
original_sequences_youtube_c23_461_frame_03.jpg,0,youtube
original_sequences_youtube_c23_616_frame_04.jpg,0,youtube
original_sequences_youtube_c23_029_frame_05.jpg,0,youtube
manipulated_sequences_Face2Face_c23_530_594_frame_05.jpg,1,Face2Face
manipulated_sequences_FaceShifter_c23_250_461_frame_04.jpg,1,FaceShifter
original_sequences_youtube_c23_004_frame_04.jpg,0,youtube
manipulated_sequences_FaceSwap_c23_282_238_frame_01.jpg,1,FaceSwap
manipulated_sequences_Deepfakes_c23_791_770_frame_04.jpg,1,Deepfakes
original_sequences_youtube_c23_096_frame_03.jpg,0,youtube
manipulated_sequences_FaceShifter_c23_248_232_frame_03.jpg,1,FaceShifter
manipulated_sequences_FaceSwap_c23_250_461_frame_03.jpg,1,FaceSwap
manipulated_sequences_FaceSwap_c23_850_764_frame_04.jpg,1,FaceSwap
manipulated_sequences_FaceShifter_c23_158_379_frame_04.jpg,1,FaceShifter
manipulated_sequences_FaceShifter_c23_167_166_frame_04.jpg,1,FaceShifter
manipulated_sequences_NeuralTextures_c23_813_700_frame_03.jpg,1,NeuralTextures
manipulated_sequences_NeuralTextures_c23_704_723_frame_03.jpg,1,NeuralTextures
original_sequences_youtube_c23_927_frame_02.jpg,0,youtube
original_sequences_youtube_c23_762_frame_03.jpg,0,youtube
original_sequences_youtube_c23_062_frame_05.jpg,0,youtube
original_sequences_youtube_c23_228_frame_04.jpg,0,youtube
manipulated_sequences_FaceSwap_c23_741_731_frame_04.jpg,1,FaceSwap
manipulated_sequences_Deepfakes_c23_855_801_frame_02.jpg,1,Deepfakes
manipulated_sequences_Deepfakes_c23_551_631_frame_05.jpg,1,Deepfakes
original_sequences_youtube_c23_985_frame_02.jpg,0,youtube
manipulated_sequences_NeuralTextures_c23_202_348_frame_04.jpg,1,NeuralTextures
manipulated_sequences_Face2Face_c23_321_288_frame_01.jpg,1,Face2Face
original_sequences_youtube_c23_088_frame_05.jpg,0,youtube
manipulated_sequences_Face2Face_c23_367_371_frame_03.jpg,1,Face2Face
manipulated_sequences_NeuralTextures_c23_272_396_frame_01.jpg,1,NeuralTextures
original_sequences_youtube_c23_002_frame_01.jpg,0,youtube
manipulated_sequences_Face2Face_c23_153_150_frame_01.jpg,1,Face2Face
manipulated_sequences_Deepfakes_c23_047_862_frame_02.jpg,1,Deepfakes
manipulated_sequences_Deepfakes_c23_354_362_frame_03.jpg,1,Deepfakes
original_sequences_youtube_c23_733_frame_03.jpg,0,youtube
original_sequences_youtube_c23_430_frame_05.jpg,0,youtube
original_sequences_youtube_c23_871_frame_04.jpg,0,youtube
manipulated_sequences_Deepfakes_c23_506_478_frame_02.jpg,1,Deepfakes
original_sequences_youtube_c23_343_frame_01.jpg,0,youtube
manipulated_sequences_NeuralTextures_c23_711_681_frame_05.jpg,1,NeuralTextures
original_sequences_youtube_c23_706_frame_03.jpg,0,youtube
original_sequences_youtube_c23_994_frame_01.jpg,0,youtube
manipulated_sequences_NeuralTextures_c23_921_569_frame_03.jpg,1,NeuralTextures
original_sequences_youtube_c23_374_frame_03.jpg,0,youtube
manipulated_sequences_FaceShifter_c23_329_327_frame_04.jpg,1,FaceShifter
original_sequences_youtube_c23_059_frame_03.jpg,0,youtube
manipulated_sequences_FaceSwap_c23_794_779_frame_01.jpg,1,FaceSwap
manipulated_sequences_Deepfakes_c23_261_254_frame_04.jpg,1,Deepfakes
manipulated_sequences_Face2Face_c23_895_915_frame_02.jpg,1,Face2Face
manipulated_sequences_FaceShifter_c23_944_032_frame_02.jpg,1,FaceShifter
original_sequences_youtube_c23_724_frame_02.jpg,0,youtube
original_sequences_youtube_c23_435_frame_01.jpg,0,youtube
original_sequences_youtube_c23_330_frame_05.jpg,0,youtube
manipulated_sequences_FaceShifter_c23_249_280_frame_02.jpg,1,FaceShifter
original_sequences_youtube_c23_125_frame_04.jpg,0,youtube
original_sequences_youtube_c23_766_frame_05.jpg,0,youtube
manipulated_sequences_FaceShifter_c23_750_743_frame_02.jpg,1,FaceShifter
original_sequences_youtube_c23_355_frame_02.jpg,0,youtube
manipulated_sequences_Deepfakes_c23_643_646_frame_04.jpg,1,Deepfakes
manipulated_sequences_FaceSwap_c23_454_527_frame_01.jpg,1,FaceSwap
original_sequences_youtube_c23_688_frame_01.jpg,0,youtube
original_sequences_youtube_c23_869_frame_01.jpg,0,youtube
manipulated_sequences_NeuralTextures_c23_029_048_frame_03.jpg,1,NeuralTextures
original_sequences_youtube_c23_255_frame_05.jpg,0,youtube
original_sequences_youtube_c23_881_frame_03.jpg,0,youtube
original_sequences_youtube_c23_814_frame_01.jpg,0,youtube
manipulated_sequences_FaceShifter_c23_720_672_frame_04.jpg,1,FaceShifter
original_sequences_youtube_c23_114_frame_04.jpg,0,youtube
original_sequences_youtube_c23_788_frame_04.jpg,0,youtube
original_sequences_youtube_c23_015_frame_02.jpg,0,youtube
original_sequences_youtube_c23_669_frame_01.jpg,0,youtube
original_sequences_youtube_c23_897_frame_04.jpg,0,youtube
manipulated_sequences_Deepfakes_c23_674_744_frame_05.jpg,1,Deepfakes
manipulated_sequences_NeuralTextures_c23_558_583_frame_01.jpg,1,NeuralTextures
manipulated_sequences_NeuralTextures_c23_939_115_frame_05.jpg,1,NeuralTextures
manipulated_sequences_Face2Face_c23_354_362_frame_05.jpg,1,Face2Face
original_sequences_youtube_c23_675_frame_01.jpg,0,youtube
original_sequences_youtube_c23_958_frame_03.jpg,0,youtube
original_sequences_youtube_c23_404_frame_02.jpg,0,youtube
original_sequences_youtube_c23_994_frame_04.jpg,0,youtube
original_sequences_youtube_c23_843_frame_01.jpg,0,youtube
original_sequences_youtube_c23_181_frame_04.jpg,0,youtube
original_sequences_youtube_c23_142_frame_02.jpg,0,youtube
manipulated_sequences_FaceShifter_c23_783_916_frame_02.jpg,1,FaceShifter
original_sequences_youtube_c23_267_frame_04.jpg,0,youtube
manipulated_sequences_Deepfakes_c23_483_370_frame_05.jpg,1,Deepfakes
original_sequences_youtube_c23_968_frame_04.jpg,0,youtube
original_sequences_youtube_c23_085_frame_05.jpg,0,youtube
manipulated_sequences_Deepfakes_c23_993_989_frame_04.jpg,1,Deepfakes
original_sequences_youtube_c23_118_frame_01.jpg,0,youtube
manipulated_sequences_FaceShifter_c23_647_622_frame_05.jpg,1,FaceShifter
manipulated_sequences_FaceSwap_c23_501_326_frame_03.jpg,1,FaceSwap
original_sequences_youtube_c23_787_frame_04.jpg,0,youtube
manipulated_sequences_NeuralTextures_c23_321_288_frame_02.jpg,1,NeuralTextures
original_sequences_youtube_c23_806_frame_02.jpg,0,youtube
original_sequences_youtube_c23_533_frame_05.jpg,0,youtube
manipulated_sequences_NeuralTextures_c23_462_467_frame_02.jpg,1,NeuralTextures
manipulated_sequences_Face2Face_c23_409_382_frame_03.jpg,1,Face2Face
original_sequences_youtube_c23_581_frame_04.jpg,0,youtube
manipulated_sequences_FaceSwap_c23_483_370_frame_05.jpg,1,FaceSwap
manipulated_sequences_Face2Face_c23_510_528_frame_04.jpg,1,Face2Face
original_sequences_youtube_c23_432_frame_05.jpg,0,youtube
original_sequences_youtube_c23_174_frame_05.jpg,0,youtube
original_sequences_youtube_c23_452_frame_03.jpg,0,youtube
manipulated_sequences_Deepfakes_c23_914_899_frame_04.jpg,1,Deepfakes
manipulated_sequences_NeuralTextures_c23_834_852_frame_02.jpg,1,NeuralTextures
original_sequences_youtube_c23_332_frame_05.jpg,0,youtube
manipulated_sequences_FaceShifter_c23_216_164_frame_04.jpg,1,FaceShifter
manipulated_sequences_Deepfakes_c23_905_860_frame_02.jpg,1,Deepfakes
original_sequences_youtube_c23_305_frame_05.jpg,0,youtube
manipulated_sequences_Face2Face_c23_462_467_frame_04.jpg,1,Face2Face
manipulated_sequences_Deepfakes_c23_419_824_frame_01.jpg,1,Deepfakes
original_sequences_youtube_c23_149_frame_05.jpg,0,youtube
manipulated_sequences_Deepfakes_c23_942_943_frame_04.jpg,1,Deepfakes
manipulated_sequences_FaceSwap_c23_593_577_frame_04.jpg,1,FaceSwap
manipulated_sequences_Deepfakes_c23_312_021_frame_04.jpg,1,Deepfakes
manipulated_sequences_Deepfakes_c23_778_798_frame_04.jpg,1,Deepfakes
manipulated_sequences_FaceSwap_c23_574_547_frame_05.jpg,1,FaceSwap
original_sequences_youtube_c23_408_frame_02.jpg,0,youtube
original_sequences_youtube_c23_864_frame_03.jpg,0,youtube
manipulated_sequences_Deepfakes_c23_285_136_frame_03.jpg,1,Deepfakes
original_sequences_youtube_c23_259_frame_01.jpg,0,youtube
original_sequences_youtube_c23_743_frame_01.jpg,0,youtube
manipulated_sequences_Deepfakes_c23_974_953_frame_01.jpg,1,Deepfakes
original_sequences_youtube_c23_254_frame_04.jpg,0,youtube
original_sequences_youtube_c23_720_frame_03.jpg,0,youtube
manipulated_sequences_FaceShifter_c23_420_257_frame_01.jpg,1,FaceShifter
manipulated_sequences_FaceShifter_c23_608_675_frame_05.jpg,1,FaceShifter
original_sequences_youtube_c23_882_frame_04.jpg,0,youtube
manipulated_sequences_NeuralTextures_c23_041_063_frame_05.jpg,1,NeuralTextures
original_sequences_youtube_c23_792_frame_03.jpg,0,youtube
original_sequences_youtube_c23_756_frame_05.jpg,0,youtube
manipulated_sequences_NeuralTextures_c23_412_274_frame_03.jpg,1,NeuralTextures
manipulated_sequences_FaceSwap_c23_644_657_frame_01.jpg,1,FaceSwap
manipulated_sequences_NeuralTextures_c23_588_556_frame_04.jpg,1,NeuralTextures
manipulated_sequences_FaceSwap_c23_798_778_frame_04.jpg,1,FaceSwap
manipulated_sequences_NeuralTextures_c23_950_836_frame_04.jpg,1,NeuralTextures
original_sequences_youtube_c23_210_frame_05.jpg,0,youtube
manipulated_sequences_NeuralTextures_c23_250_461_frame_04.jpg,1,NeuralTextures
original_sequences_youtube_c23_628_frame_03.jpg,0,youtube
manipulated_sequences_Deepfakes_c23_839_864_frame_01.jpg,1,Deepfakes
original_sequences_youtube_c23_659_frame_03.jpg,0,youtube
original_sequences_youtube_c23_794_frame_05.jpg,0,youtube
manipulated_sequences_Face2Face_c23_462_467_frame_03.jpg,1,Face2Face
original_sequences_youtube_c23_213_frame_03.jpg,0,youtube
manipulated_sequences_FaceShifter_c23_505_600_frame_05.jpg,1,FaceShifter
original_sequences_youtube_c23_370_frame_05.jpg,0,youtube
manipulated_sequences_FaceSwap_c23_634_660_frame_05.jpg,1,FaceSwap
original_sequences_youtube_c23_114_frame_03.jpg,0,youtube
original_sequences_youtube_c23_967_frame_05.jpg,0,youtube
manipulated_sequences_Deepfakes_c23_171_173_frame_04.jpg,1,Deepfakes
original_sequences_youtube_c23_676_frame_02.jpg,0,youtube
manipulated_sequences_FaceSwap_c23_688_645_frame_01.jpg,1,FaceSwap
original_sequences_youtube_c23_167_frame_05.jpg,0,youtube
manipulated_sequences_NeuralTextures_c23_492_325_frame_01.jpg,1,NeuralTextures
original_sequences_youtube_c23_091_frame_05.jpg,0,youtube
original_sequences_youtube_c23_875_frame_02.jpg,0,youtube
original_sequences_youtube_c23_801_frame_03.jpg,0,youtube
original_sequences_youtube_c23_340_frame_02.jpg,0,youtube
manipulated_sequences_NeuralTextures_c23_523_541_frame_02.jpg,1,NeuralTextures
manipulated_sequences_FaceSwap_c23_981_985_frame_01.jpg,1,FaceSwap
original_sequences_youtube_c23_760_frame_02.jpg,0,youtube
manipulated_sequences_Face2Face_c23_221_206_frame_04.jpg,1,Face2Face
manipulated_sequences_Deepfakes_c23_580_524_frame_02.jpg,1,Deepfakes
original_sequences_youtube_c23_844_frame_04.jpg,0,youtube
original_sequences_youtube_c23_935_frame_05.jpg,0,youtube
manipulated_sequences_FaceSwap_c23_115_939_frame_02.jpg,1,FaceSwap
original_sequences_youtube_c23_171_frame_03.jpg,0,youtube
original_sequences_youtube_c23_322_frame_04.jpg,0,youtube
original_sequences_youtube_c23_060_frame_05.jpg,0,youtube
original_sequences_youtube_c23_614_frame_02.jpg,0,youtube
manipulated_sequences_Deepfakes_c23_320_328_frame_01.jpg,1,Deepfakes
manipulated_sequences_Face2Face_c23_001_870_frame_05.jpg,1,Face2Face
original_sequences_youtube_c23_410_frame_03.jpg,0,youtube
manipulated_sequences_FaceSwap_c23_568_628_frame_03.jpg,1,FaceSwap
manipulated_sequences_NeuralTextures_c23_261_254_frame_05.jpg,1,NeuralTextures
manipulated_sequences_FaceSwap_c23_704_723_frame_05.jpg,1,FaceSwap
original_sequences_youtube_c23_590_frame_01.jpg,0,youtube
manipulated_sequences_FaceShifter_c23_550_452_frame_02.jpg,1,FaceShifter
original_sequences_youtube_c23_685_frame_02.jpg,0,youtube
original_sequences_youtube_c23_462_frame_04.jpg,0,youtube
manipulated_sequences_FaceShifter_c23_769_784_frame_05.jpg,1,FaceShifter
manipulated_sequences_FaceShifter_c23_333_377_frame_02.jpg,1,FaceShifter
original_sequences_youtube_c23_634_frame_02.jpg,0,youtube
manipulated_sequences_Deepfakes_c23_832_762_frame_05.jpg,1,Deepfakes
original_sequences_youtube_c23_293_frame_04.jpg,0,youtube
original_sequences_youtube_c23_621_frame_04.jpg,0,youtube
manipulated_sequences_NeuralTextures_c23_602_397_frame_05.jpg,1,NeuralTextures
original_sequences_youtube_c23_368_frame_04.jpg,0,youtube
original_sequences_youtube_c23_489_frame_05.jpg,0,youtube
manipulated_sequences_Face2Face_c23_170_186_frame_03.jpg,1,Face2Face
manipulated_sequences_NeuralTextures_c23_792_903_frame_04.jpg,1,NeuralTextures
manipulated_sequences_Deepfakes_c23_277_335_frame_03.jpg,1,Deepfakes
manipulated_sequences_FaceSwap_c23_040_997_frame_01.jpg,1,FaceSwap
manipulated_sequences_Deepfakes_c23_216_164_frame_04.jpg,1,Deepfakes
original_sequences_youtube_c23_408_frame_04.jpg,0,youtube
original_sequences_youtube_c23_797_frame_01.jpg,0,youtube
original_sequences_youtube_c23_395_frame_01.jpg,0,youtube
original_sequences_youtube_c23_677_frame_02.jpg,0,youtube
original_sequences_youtube_c23_220_frame_03.jpg,0,youtube
manipulated_sequences_Deepfakes_c23_536_540_frame_04.jpg,1,Deepfakes
original_sequences_youtube_c23_947_frame_05.jpg,0,youtube
original_sequences_youtube_c23_544_frame_01.jpg,0,youtube
original_sequences_youtube_c23_702_frame_01.jpg,0,youtube
original_sequences_youtube_c23_401_frame_04.jpg,0,youtube
original_sequences_youtube_c23_810_frame_03.jpg,0,youtube
manipulated_sequences_FaceShifter_c23_932_384_frame_03.jpg,1,FaceShifter
manipulated_sequences_FaceShifter_c23_356_324_frame_01.jpg,1,FaceShifter
original_sequences_youtube_c23_293_frame_03.jpg,0,youtube
manipulated_sequences_FaceSwap_c23_757_573_frame_05.jpg,1,FaceSwap
manipulated_sequences_Deepfakes_c23_228_289_frame_05.jpg,1,Deepfakes
manipulated_sequences_Face2Face_c23_323_302_frame_03.jpg,1,Face2Face
manipulated_sequences_NeuralTextures_c23_574_547_frame_02.jpg,1,NeuralTextures
original_sequences_youtube_c23_627_frame_02.jpg,0,youtube
manipulated_sequences_NeuralTextures_c23_152_149_frame_01.jpg,1,NeuralTextures
manipulated_sequences_FaceShifter_c23_423_421_frame_03.jpg,1,FaceShifter
manipulated_sequences_FaceShifter_c23_293_296_frame_04.jpg,1,FaceShifter
original_sequences_youtube_c23_073_frame_01.jpg,0,youtube
manipulated_sequences_Deepfakes_c23_944_032_frame_05.jpg,1,Deepfakes
original_sequences_youtube_c23_725_frame_03.jpg,0,youtube
manipulated_sequences_Deepfakes_c23_022_489_frame_02.jpg,1,Deepfakes
manipulated_sequences_Deepfakes_c23_080_061_frame_04.jpg,1,Deepfakes
manipulated_sequences_NeuralTextures_c23_626_562_frame_04.jpg,1,NeuralTextures
manipulated_sequences_Deepfakes_c23_486_680_frame_02.jpg,1,Deepfakes
manipulated_sequences_Deepfakes_c23_408_424_frame_01.jpg,1,Deepfakes
original_sequences_youtube_c23_752_frame_05.jpg,0,youtube
manipulated_sequences_FaceShifter_c23_268_269_frame_04.jpg,1,FaceShifter
manipulated_sequences_FaceShifter_c23_143_140_frame_03.jpg,1,FaceShifter
manipulated_sequences_FaceSwap_c23_978_975_frame_02.jpg,1,FaceSwap
original_sequences_youtube_c23_872_frame_04.jpg,0,youtube
original_sequences_youtube_c23_622_frame_04.jpg,0,youtube
original_sequences_youtube_c23_459_frame_05.jpg,0,youtube
original_sequences_youtube_c23_325_frame_03.jpg,0,youtube
original_sequences_youtube_c23_318_frame_03.jpg,0,youtube
original_sequences_youtube_c23_917_frame_04.jpg,0,youtube
original_sequences_youtube_c23_919_frame_05.jpg,0,youtube
manipulated_sequences_FaceSwap_c23_881_856_frame_04.jpg,1,FaceSwap
original_sequences_youtube_c23_132_frame_05.jpg,0,youtube
original_sequences_youtube_c23_821_frame_03.jpg,0,youtube
original_sequences_youtube_c23_840_frame_02.jpg,0,youtube
manipulated_sequences_FaceShifter_c23_415_484_frame_05.jpg,1,FaceShifter
manipulated_sequences_Deepfakes_c23_482_465_frame_02.jpg,1,Deepfakes
manipulated_sequences_Deepfakes_c23_571_746_frame_04.jpg,1,Deepfakes
manipulated_sequences_NeuralTextures_c23_579_701_frame_05.jpg,1,NeuralTextures
manipulated_sequences_Face2Face_c23_039_058_frame_02.jpg,1,Face2Face
original_sequences_youtube_c23_804_frame_04.jpg,0,youtube
original_sequences_youtube_c23_112_frame_02.jpg,0,youtube
manipulated_sequences_FaceShifter_c23_227_169_frame_01.jpg,1,FaceShifter
original_sequences_youtube_c23_914_frame_04.jpg,0,youtube
original_sequences_youtube_c23_584_frame_05.jpg,0,youtube
original_sequences_youtube_c23_959_frame_02.jpg,0,youtube
manipulated_sequences_Deepfakes_c23_622_647_frame_01.jpg,1,Deepfakes
manipulated_sequences_Face2Face_c23_854_747_frame_05.jpg,1,Face2Face
original_sequences_youtube_c23_822_frame_01.jpg,0,youtube
original_sequences_youtube_c23_973_frame_03.jpg,0,youtube
original_sequences_youtube_c23_770_frame_05.jpg,0,youtube
original_sequences_youtube_c23_168_frame_03.jpg,0,youtube
original_sequences_youtube_c23_089_frame_02.jpg,0,youtube
original_sequences_youtube_c23_115_frame_05.jpg,0,youtube
original_sequences_youtube_c23_701_frame_02.jpg,0,youtube
original_sequences_youtube_c23_764_frame_03.jpg,0,youtube
original_sequences_youtube_c23_517_frame_03.jpg,0,youtube
original_sequences_youtube_c23_065_frame_04.jpg,0,youtube
manipulated_sequences_Deepfakes_c23_606_567_frame_01.jpg,1,Deepfakes
original_sequences_youtube_c23_492_frame_02.jpg,0,youtube
original_sequences_youtube_c23_133_frame_01.jpg,0,youtube
original_sequences_youtube_c23_183_frame_01.jpg,0,youtube
manipulated_sequences_FaceSwap_c23_130_139_frame_02.jpg,1,FaceSwap
original_sequences_youtube_c23_417_frame_01.jpg,0,youtube
original_sequences_youtube_c23_295_frame_02.jpg,0,youtube
manipulated_sequences_NeuralTextures_c23_280_249_frame_04.jpg,1,NeuralTextures
manipulated_sequences_FaceSwap_c23_539_499_frame_02.jpg,1,FaceSwap
original_sequences_youtube_c23_183_frame_04.jpg,0,youtube
manipulated_sequences_FaceSwap_c23_830_828_frame_02.jpg,1,FaceSwap
original_sequences_youtube_c23_630_frame_02.jpg,0,youtube
manipulated_sequences_FaceSwap_c23_295_099_frame_04.jpg,1,FaceSwap
manipulated_sequences_FaceShifter_c23_117_217_frame_04.jpg,1,FaceShifter
original_sequences_youtube_c23_621_frame_05.jpg,0,youtube
original_sequences_youtube_c23_298_frame_05.jpg,0,youtube
manipulated_sequences_NeuralTextures_c23_253_183_frame_01.jpg,1,NeuralTextures
manipulated_sequences_NeuralTextures_c23_639_841_frame_01.jpg,1,NeuralTextures
manipulated_sequences_FaceSwap_c23_317_359_frame_03.jpg,1,FaceSwap
original_sequences_youtube_c23_513_frame_02.jpg,0,youtube
manipulated_sequences_NeuralTextures_c23_866_878_frame_05.jpg,1,NeuralTextures
original_sequences_youtube_c23_011_frame_01.jpg,0,youtube
original_sequences_youtube_c23_288_frame_01.jpg,0,youtube
manipulated_sequences_NeuralTextures_c23_545_553_frame_02.jpg,1,NeuralTextures
original_sequences_youtube_c23_076_frame_02.jpg,0,youtube
original_sequences_youtube_c23_209_frame_05.jpg,0,youtube
original_sequences_youtube_c23_639_frame_05.jpg,0,youtube
original_sequences_youtube_c23_415_frame_05.jpg,0,youtube
manipulated_sequences_FaceSwap_c23_423_421_frame_05.jpg,1,FaceSwap
manipulated_sequences_FaceSwap_c23_494_445_frame_01.jpg,1,FaceSwap
original_sequences_youtube_c23_824_frame_04.jpg,0,youtube
original_sequences_youtube_c23_187_frame_04.jpg,0,youtube
original_sequences_youtube_c23_746_frame_05.jpg,0,youtube
original_sequences_youtube_c23_709_frame_03.jpg,0,youtube
original_sequences_youtube_c23_128_frame_05.jpg,0,youtube
original_sequences_youtube_c23_359_frame_03.jpg,0,youtube
original_sequences_youtube_c23_673_frame_05.jpg,0,youtube
manipulated_sequences_Face2Face_c23_134_192_frame_02.jpg,1,Face2Face
original_sequences_youtube_c23_290_frame_04.jpg,0,youtube
original_sequences_youtube_c23_554_frame_01.jpg,0,youtube
original_sequences_youtube_c23_960_frame_01.jpg,0,youtube
original_sequences_youtube_c23_223_frame_01.jpg,0,youtube
original_sequences_youtube_c23_950_frame_04.jpg,0,youtube
manipulated_sequences_FaceSwap_c23_316_369_frame_01.jpg,1,FaceSwap
manipulated_sequences_NeuralTextures_c23_273_807_frame_03.jpg,1,NeuralTextures
original_sequences_youtube_c23_007_frame_05.jpg,0,youtube
original_sequences_youtube_c23_653_frame_02.jpg,0,youtube
original_sequences_youtube_c23_981_frame_02.jpg,0,youtube
original_sequences_youtube_c23_295_frame_03.jpg,0,youtube
original_sequences_youtube_c23_127_frame_04.jpg,0,youtube
original_sequences_youtube_c23_097_frame_02.jpg,0,youtube
manipulated_sequences_Face2Face_c23_740_796_frame_03.jpg,1,Face2Face
original_sequences_youtube_c23_351_frame_02.jpg,0,youtube
original_sequences_youtube_c23_551_frame_02.jpg,0,youtube
manipulated_sequences_Face2Face_c23_785_736_frame_03.jpg,1,Face2Face
original_sequences_youtube_c23_211_frame_03.jpg,0,youtube
original_sequences_youtube_c23_905_frame_01.jpg,0,youtube
manipulated_sequences_FaceSwap_c23_488_399_frame_03.jpg,1,FaceSwap
manipulated_sequences_FaceShifter_c23_613_685_frame_01.jpg,1,FaceShifter
manipulated_sequences_Deepfakes_c23_252_266_frame_02.jpg,1,Deepfakes
manipulated_sequences_FaceShifter_c23_462_467_frame_02.jpg,1,FaceShifter
manipulated_sequences_FaceSwap_c23_973_970_frame_01.jpg,1,FaceSwap
original_sequences_youtube_c23_196_frame_01.jpg,0,youtube
original_sequences_youtube_c23_159_frame_01.jpg,0,youtube
manipulated_sequences_FaceSwap_c23_145_299_frame_04.jpg,1,FaceSwap
manipulated_sequences_FaceShifter_c23_510_528_frame_03.jpg,1,FaceShifter
original_sequences_youtube_c23_709_frame_01.jpg,0,youtube
original_sequences_youtube_c23_987_frame_01.jpg,0,youtube
original_sequences_youtube_c23_646_frame_04.jpg,0,youtube
manipulated_sequences_NeuralTextures_c23_858_861_frame_03.jpg,1,NeuralTextures
original_sequences_youtube_c23_763_frame_04.jpg,0,youtube
original_sequences_youtube_c23_020_frame_04.jpg,0,youtube
original_sequences_youtube_c23_473_frame_01.jpg,0,youtube
manipulated_sequences_Face2Face_c23_554_572_frame_01.jpg,1,Face2Face
original_sequences_youtube_c23_162_frame_03.jpg,0,youtube
manipulated_sequences_FaceSwap_c23_855_801_frame_05.jpg,1,FaceSwap
manipulated_sequences_FaceShifter_c23_454_527_frame_01.jpg,1,FaceShifter
manipulated_sequences_Deepfakes_c23_333_377_frame_02.jpg,1,Deepfakes
manipulated_sequences_FaceShifter_c23_962_929_frame_05.jpg,1,FaceShifter
manipulated_sequences_Face2Face_c23_321_288_frame_02.jpg,1,Face2Face
original_sequences_youtube_c23_969_frame_01.jpg,0,youtube
manipulated_sequences_Face2Face_c23_193_030_frame_02.jpg,1,Face2Face
manipulated_sequences_Face2Face_c23_181_199_frame_02.jpg,1,Face2Face
original_sequences_youtube_c23_509_frame_04.jpg,0,youtube
original_sequences_youtube_c23_476_frame_04.jpg,0,youtube
original_sequences_youtube_c23_036_frame_02.jpg,0,youtube
original_sequences_youtube_c23_821_frame_01.jpg,0,youtube
manipulated_sequences_Deepfakes_c23_291_874_frame_01.jpg,1,Deepfakes
manipulated_sequences_NeuralTextures_c23_230_204_frame_05.jpg,1,NeuralTextures
original_sequences_youtube_c23_928_frame_03.jpg,0,youtube
manipulated_sequences_Face2Face_c23_965_948_frame_02.jpg,1,Face2Face
original_sequences_youtube_c23_913_frame_01.jpg,0,youtube
original_sequences_youtube_c23_123_frame_03.jpg,0,youtube
manipulated_sequences_Face2Face_c23_228_289_frame_05.jpg,1,Face2Face
manipulated_sequences_Face2Face_c23_492_325_frame_01.jpg,1,Face2Face
manipulated_sequences_FaceShifter_c23_408_424_frame_01.jpg,1,FaceShifter
original_sequences_youtube_c23_894_frame_05.jpg,0,youtube
original_sequences_youtube_c23_337_frame_05.jpg,0,youtube
original_sequences_youtube_c23_996_frame_05.jpg,0,youtube
original_sequences_youtube_c23_682_frame_04.jpg,0,youtube
manipulated_sequences_FaceSwap_c23_698_693_frame_04.jpg,1,FaceSwap
original_sequences_youtube_c23_930_frame_05.jpg,0,youtube
manipulated_sequences_Deepfakes_c23_183_253_frame_02.jpg,1,Deepfakes
manipulated_sequences_FaceSwap_c23_094_111_frame_02.jpg,1,FaceSwap
original_sequences_youtube_c23_910_frame_03.jpg,0,youtube
manipulated_sequences_NeuralTextures_c23_772_708_frame_05.jpg,1,NeuralTextures
manipulated_sequences_Deepfakes_c23_024_073_frame_01.jpg,1,Deepfakes
original_sequences_youtube_c23_710_frame_03.jpg,0,youtube
manipulated_sequences_FaceSwap_c23_971_564_frame_02.jpg,1,FaceSwap
manipulated_sequences_Deepfakes_c23_676_776_frame_05.jpg,1,Deepfakes
original_sequences_youtube_c23_401_frame_02.jpg,0,youtube
manipulated_sequences_Face2Face_c23_119_123_frame_01.jpg,1,Face2Face
original_sequences_youtube_c23_287_frame_05.jpg,0,youtube
original_sequences_youtube_c23_656_frame_02.jpg,0,youtube
manipulated_sequences_FaceShifter_c23_455_471_frame_03.jpg,1,FaceShifter
original_sequences_youtube_c23_630_frame_04.jpg,0,youtube
original_sequences_youtube_c23_446_frame_02.jpg,0,youtube
manipulated_sequences_Face2Face_c23_507_418_frame_01.jpg,1,Face2Face
original_sequences_youtube_c23_033_frame_01.jpg,0,youtube
manipulated_sequences_NeuralTextures_c23_743_750_frame_04.jpg,1,NeuralTextures
original_sequences_youtube_c23_955_frame_05.jpg,0,youtube
manipulated_sequences_FaceShifter_c23_648_654_frame_03.jpg,1,FaceShifter
original_sequences_youtube_c23_506_frame_02.jpg,0,youtube
original_sequences_youtube_c23_414_frame_04.jpg,0,youtube
manipulated_sequences_FaceShifter_c23_221_206_frame_01.jpg,1,FaceShifter
manipulated_sequences_NeuralTextures_c23_842_714_frame_04.jpg,1,NeuralTextures
manipulated_sequences_Face2Face_c23_719_737_frame_04.jpg,1,Face2Face
manipulated_sequences_FaceSwap_c23_556_588_frame_02.jpg,1,FaceSwap
original_sequences_youtube_c23_650_frame_02.jpg,0,youtube
manipulated_sequences_FaceSwap_c23_688_645_frame_05.jpg,1,FaceSwap
manipulated_sequences_NeuralTextures_c23_117_217_frame_01.jpg,1,NeuralTextures
manipulated_sequences_NeuralTextures_c23_142_138_frame_03.jpg,1,NeuralTextures
original_sequences_youtube_c23_678_frame_05.jpg,0,youtube
original_sequences_youtube_c23_320_frame_03.jpg,0,youtube
original_sequences_youtube_c23_760_frame_03.jpg,0,youtube
original_sequences_youtube_c23_636_frame_04.jpg,0,youtube
original_sequences_youtube_c23_894_frame_01.jpg,0,youtube
original_sequences_youtube_c23_385_frame_02.jpg,0,youtube
manipulated_sequences_Face2Face_c23_571_746_frame_04.jpg,1,Face2Face
original_sequences_youtube_c23_318_frame_02.jpg,0,youtube
manipulated_sequences_Face2Face_c23_317_359_frame_03.jpg,1,Face2Face
original_sequences_youtube_c23_554_frame_02.jpg,0,youtube
original_sequences_youtube_c23_791_frame_03.jpg,0,youtube
original_sequences_youtube_c23_772_frame_02.jpg,0,youtube
original_sequences_youtube_c23_489_frame_01.jpg,0,youtube
manipulated_sequences_FaceSwap_c23_301_262_frame_03.jpg,1,FaceSwap
original_sequences_youtube_c23_440_frame_03.jpg,0,youtube
original_sequences_youtube_c23_250_frame_03.jpg,0,youtube
original_sequences_youtube_c23_729_frame_03.jpg,0,youtube
original_sequences_youtube_c23_334_frame_01.jpg,0,youtube
manipulated_sequences_Deepfakes_c23_574_547_frame_05.jpg,1,Deepfakes
manipulated_sequences_Face2Face_c23_948_965_frame_04.jpg,1,Face2Face
original_sequences_youtube_c23_273_frame_01.jpg,0,youtube
original_sequences_youtube_c23_456_frame_03.jpg,0,youtube
original_sequences_youtube_c23_285_frame_01.jpg,0,youtube
original_sequences_youtube_c23_551_frame_05.jpg,0,youtube
manipulated_sequences_FaceSwap_c23_406_391_frame_01.jpg,1,FaceSwap
manipulated_sequences_NeuralTextures_c23_285_136_frame_03.jpg,1,NeuralTextures
manipulated_sequences_FaceShifter_c23_261_254_frame_05.jpg,1,FaceShifter
original_sequences_youtube_c23_186_frame_01.jpg,0,youtube
manipulated_sequences_Deepfakes_c23_558_583_frame_01.jpg,1,Deepfakes
original_sequences_youtube_c23_924_frame_05.jpg,0,youtube
original_sequences_youtube_c23_924_frame_04.jpg,0,youtube
original_sequences_youtube_c23_632_frame_01.jpg,0,youtube
manipulated_sequences_Face2Face_c23_803_017_frame_04.jpg,1,Face2Face
original_sequences_youtube_c23_106_frame_03.jpg,0,youtube
manipulated_sequences_FaceShifter_c23_373_394_frame_03.jpg,1,FaceShifter
manipulated_sequences_Face2Face_c23_394_373_frame_05.jpg,1,Face2Face
manipulated_sequences_NeuralTextures_c23_808_829_frame_02.jpg,1,NeuralTextures
manipulated_sequences_NeuralTextures_c23_075_977_frame_05.jpg,1,NeuralTextures
manipulated_sequences_FaceShifter_c23_939_115_frame_05.jpg,1,FaceShifter
original_sequences_youtube_c23_333_frame_03.jpg,0,youtube
manipulated_sequences_NeuralTextures_c23_067_025_frame_05.jpg,1,NeuralTextures
original_sequences_youtube_c23_786_frame_02.jpg,0,youtube
original_sequences_youtube_c23_086_frame_02.jpg,0,youtube
original_sequences_youtube_c23_000_frame_03.jpg,0,youtube
manipulated_sequences_FaceSwap_c23_537_563_frame_01.jpg,1,FaceSwap
manipulated_sequences_Face2Face_c23_201_203_frame_05.jpg,1,Face2Face
manipulated_sequences_FaceSwap_c23_599_585_frame_02.jpg,1,FaceSwap
original_sequences_youtube_c23_684_frame_04.jpg,0,youtube
original_sequences_youtube_c23_283_frame_02.jpg,0,youtube
original_sequences_youtube_c23_882_frame_02.jpg,0,youtube
original_sequences_youtube_c23_167_frame_03.jpg,0,youtube
manipulated_sequences_FaceShifter_c23_098_092_frame_03.jpg,1,FaceShifter
original_sequences_youtube_c23_970_frame_04.jpg,0,youtube
manipulated_sequences_NeuralTextures_c23_696_686_frame_02.jpg,1,NeuralTextures
manipulated_sequences_FaceSwap_c23_165_137_frame_04.jpg,1,FaceSwap
manipulated_sequences_FaceShifter_c23_829_808_frame_05.jpg,1,FaceShifter
manipulated_sequences_Deepfakes_c23_158_379_frame_02.jpg,1,Deepfakes
manipulated_sequences_FaceSwap_c23_993_989_frame_04.jpg,1,FaceSwap
manipulated_sequences_Face2Face_c23_873_872_frame_01.jpg,1,Face2Face
manipulated_sequences_NeuralTextures_c23_713_726_frame_01.jpg,1,NeuralTextures
manipulated_sequences_FaceShifter_c23_672_720_frame_01.jpg,1,FaceShifter
manipulated_sequences_FaceSwap_c23_024_073_frame_01.jpg,1,FaceSwap
original_sequences_youtube_c23_675_frame_04.jpg,0,youtube
manipulated_sequences_FaceShifter_c23_861_858_frame_05.jpg,1,FaceShifter
original_sequences_youtube_c23_975_frame_05.jpg,0,youtube
manipulated_sequences_Face2Face_c23_482_465_frame_03.jpg,1,Face2Face
manipulated_sequences_Face2Face_c23_091_116_frame_04.jpg,1,Face2Face
original_sequences_youtube_c23_642_frame_05.jpg,0,youtube
manipulated_sequences_FaceShifter_c23_307_365_frame_04.jpg,1,FaceShifter
manipulated_sequences_NeuralTextures_c23_138_142_frame_05.jpg,1,NeuralTextures
original_sequences_youtube_c23_180_frame_03.jpg,0,youtube
original_sequences_youtube_c23_247_frame_04.jpg,0,youtube
original_sequences_youtube_c23_610_frame_02.jpg,0,youtube
original_sequences_youtube_c23_737_frame_01.jpg,0,youtube
original_sequences_youtube_c23_010_frame_02.jpg,0,youtube
manipulated_sequences_FaceSwap_c23_843_859_frame_02.jpg,1,FaceSwap
manipulated_sequences_FaceSwap_c23_896_128_frame_02.jpg,1,FaceSwap
manipulated_sequences_FaceSwap_c23_776_676_frame_04.jpg,1,FaceSwap
original_sequences_youtube_c23_869_frame_05.jpg,0,youtube
original_sequences_youtube_c23_094_frame_04.jpg,0,youtube
manipulated_sequences_Face2Face_c23_051_332_frame_05.jpg,1,Face2Face
manipulated_sequences_FaceSwap_c23_340_341_frame_05.jpg,1,FaceSwap
original_sequences_youtube_c23_488_frame_03.jpg,0,youtube
original_sequences_youtube_c23_417_frame_04.jpg,0,youtube
original_sequences_youtube_c23_799_frame_02.jpg,0,youtube
original_sequences_youtube_c23_131_frame_03.jpg,0,youtube
manipulated_sequences_Face2Face_c23_225_151_frame_02.jpg,1,Face2Face
manipulated_sequences_FaceShifter_c23_100_077_frame_03.jpg,1,FaceShifter
original_sequences_youtube_c23_038_frame_05.jpg,0,youtube
original_sequences_youtube_c23_288_frame_04.jpg,0,youtube
original_sequences_youtube_c23_699_frame_03.jpg,0,youtube
manipulated_sequences_Face2Face_c23_894_848_frame_05.jpg,1,Face2Face
manipulated_sequences_FaceSwap_c23_984_967_frame_03.jpg,1,FaceSwap
manipulated_sequences_Deepfakes_c23_720_672_frame_02.jpg,1,Deepfakes
manipulated_sequences_Face2Face_c23_241_210_frame_05.jpg,1,Face2Face
original_sequences_youtube_c23_780_frame_05.jpg,0,youtube
manipulated_sequences_Face2Face_c23_928_160_frame_02.jpg,1,Face2Face
manipulated_sequences_Face2Face_c23_713_726_frame_01.jpg,1,Face2Face
manipulated_sequences_FaceShifter_c23_785_736_frame_03.jpg,1,FaceShifter
manipulated_sequences_FaceShifter_c23_767_694_frame_02.jpg,1,FaceShifter
manipulated_sequences_FaceSwap_c23_806_781_frame_05.jpg,1,FaceSwap
original_sequences_youtube_c23_053_frame_02.jpg,0,youtube
manipulated_sequences_Deepfakes_c23_857_909_frame_01.jpg,1,Deepfakes
original_sequences_youtube_c23_275_frame_03.jpg,0,youtube
manipulated_sequences_NeuralTextures_c23_227_169_frame_03.jpg,1,NeuralTextures
manipulated_sequences_FaceShifter_c23_645_688_frame_04.jpg,1,FaceShifter
manipulated_sequences_FaceShifter_c23_961_069_frame_03.jpg,1,FaceShifter
original_sequences_youtube_c23_505_frame_02.jpg,0,youtube
original_sequences_youtube_c23_043_frame_03.jpg,0,youtube
original_sequences_youtube_c23_998_frame_03.jpg,0,youtube
manipulated_sequences_FaceShifter_c23_036_035_frame_05.jpg,1,FaceShifter
manipulated_sequences_FaceShifter_c23_907_795_frame_05.jpg,1,FaceShifter
manipulated_sequences_Deepfakes_c23_698_693_frame_04.jpg,1,Deepfakes
manipulated_sequences_Deepfakes_c23_441_439_frame_03.jpg,1,Deepfakes
manipulated_sequences_NeuralTextures_c23_386_154_frame_03.jpg,1,NeuralTextures
manipulated_sequences_Deepfakes_c23_140_143_frame_03.jpg,1,Deepfakes
original_sequences_youtube_c23_775_frame_05.jpg,0,youtube
original_sequences_youtube_c23_286_frame_03.jpg,0,youtube
original_sequences_youtube_c23_269_frame_03.jpg,0,youtube
manipulated_sequences_FaceShifter_c23_102_114_frame_04.jpg,1,FaceShifter
original_sequences_youtube_c23_567_frame_02.jpg,0,youtube
manipulated_sequences_Face2Face_c23_292_294_frame_04.jpg,1,Face2Face
original_sequences_youtube_c23_189_frame_04.jpg,0,youtube
manipulated_sequences_FaceShifter_c23_950_836_frame_05.jpg,1,FaceShifter
manipulated_sequences_NeuralTextures_c23_115_939_frame_02.jpg,1,NeuralTextures
original_sequences_youtube_c23_127_frame_05.jpg,0,youtube
original_sequences_youtube_c23_682_frame_01.jpg,0,youtube
original_sequences_youtube_c23_619_frame_02.jpg,0,youtube
manipulated_sequences_FaceSwap_c23_988_966_frame_03.jpg,1,FaceSwap
manipulated_sequences_NeuralTextures_c23_847_906_frame_04.jpg,1,NeuralTextures
manipulated_sequences_FaceSwap_c23_758_754_frame_02.jpg,1,FaceSwap
manipulated_sequences_FaceSwap_c23_839_864_frame_01.jpg,1,FaceSwap
original_sequences_youtube_c23_383_frame_05.jpg,0,youtube
original_sequences_youtube_c23_357_frame_01.jpg,0,youtube
manipulated_sequences_FaceShifter_c23_630_623_frame_03.jpg,1,FaceShifter
manipulated_sequences_FaceSwap_c23_411_410_frame_05.jpg,1,FaceSwap
original_sequences_youtube_c23_039_frame_05.jpg,0,youtube
manipulated_sequences_NeuralTextures_c23_671_677_frame_03.jpg,1,NeuralTextures
original_sequences_youtube_c23_784_frame_02.jpg,0,youtube
manipulated_sequences_Face2Face_c23_568_628_frame_05.jpg,1,Face2Face
original_sequences_youtube_c23_592_frame_03.jpg,0,youtube
original_sequences_youtube_c23_258_frame_02.jpg,0,youtube
manipulated_sequences_Face2Face_c23_828_830_frame_03.jpg,1,Face2Face
manipulated_sequences_Face2Face_c23_200_189_frame_03.jpg,1,Face2Face
original_sequences_youtube_c23_607_frame_03.jpg,0,youtube
manipulated_sequences_FaceShifter_c23_642_635_frame_04.jpg,1,FaceShifter
original_sequences_youtube_c23_282_frame_03.jpg,0,youtube
original_sequences_youtube_c23_429_frame_04.jpg,0,youtube
manipulated_sequences_FaceShifter_c23_397_602_frame_01.jpg,1,FaceShifter
original_sequences_youtube_c23_629_frame_03.jpg,0,youtube
original_sequences_youtube_c23_660_frame_03.jpg,0,youtube
original_sequences_youtube_c23_474_frame_01.jpg,0,youtube
original_sequences_youtube_c23_800_frame_01.jpg,0,youtube
manipulated_sequences_Face2Face_c23_957_959_frame_04.jpg,1,Face2Face
manipulated_sequences_FaceSwap_c23_278_306_frame_05.jpg,1,FaceSwap
manipulated_sequences_Deepfakes_c23_234_187_frame_04.jpg,1,Deepfakes
manipulated_sequences_FaceSwap_c23_872_873_frame_05.jpg,1,FaceSwap
original_sequences_youtube_c23_512_frame_05.jpg,0,youtube
manipulated_sequences_NeuralTextures_c23_333_377_frame_03.jpg,1,NeuralTextures
original_sequences_youtube_c23_731_frame_04.jpg,0,youtube
original_sequences_youtube_c23_204_frame_03.jpg,0,youtube
manipulated_sequences_Deepfakes_c23_647_622_frame_05.jpg,1,Deepfakes
original_sequences_youtube_c23_468_frame_03.jpg,0,youtube
manipulated_sequences_Deepfakes_c23_170_186_frame_03.jpg,1,Deepfakes
original_sequences_youtube_c23_269_frame_01.jpg,0,youtube
original_sequences_youtube_c23_779_frame_02.jpg,0,youtube
manipulated_sequences_FaceShifter_c23_717_684_frame_02.jpg,1,FaceShifter
original_sequences_youtube_c23_437_frame_02.jpg,0,youtube
manipulated_sequences_Face2Face_c23_881_856_frame_05.jpg,1,Face2Face
original_sequences_youtube_c23_195_frame_01.jpg,0,youtube
manipulated_sequences_FaceSwap_c23_397_602_frame_04.jpg,1,FaceSwap
manipulated_sequences_FaceShifter_c23_483_370_frame_01.jpg,1,FaceShifter
original_sequences_youtube_c23_403_frame_02.jpg,0,youtube
original_sequences_youtube_c23_850_frame_03.jpg,0,youtube
manipulated_sequences_Deepfakes_c23_520_542_frame_05.jpg,1,Deepfakes
original_sequences_youtube_c23_283_frame_03.jpg,0,youtube
original_sequences_youtube_c23_849_frame_03.jpg,0,youtube
original_sequences_youtube_c23_182_frame_02.jpg,0,youtube
manipulated_sequences_Face2Face_c23_272_396_frame_03.jpg,1,Face2Face
manipulated_sequences_Deepfakes_c23_650_625_frame_02.jpg,1,Deepfakes
manipulated_sequences_Deepfakes_c23_249_280_frame_02.jpg,1,Deepfakes
original_sequences_youtube_c23_387_frame_02.jpg,0,youtube
original_sequences_youtube_c23_229_frame_05.jpg,0,youtube
manipulated_sequences_FaceSwap_c23_875_979_frame_04.jpg,1,FaceSwap
original_sequences_youtube_c23_519_frame_01.jpg,0,youtube
manipulated_sequences_NeuralTextures_c23_356_324_frame_05.jpg,1,NeuralTextures
manipulated_sequences_Face2Face_c23_618_629_frame_01.jpg,1,Face2Face
original_sequences_youtube_c23_557_frame_02.jpg,0,youtube
original_sequences_youtube_c23_609_frame_02.jpg,0,youtube
manipulated_sequences_Deepfakes_c23_720_672_frame_04.jpg,1,Deepfakes
manipulated_sequences_FaceShifter_c23_897_969_frame_03.jpg,1,FaceShifter
original_sequences_youtube_c23_097_frame_04.jpg,0,youtube
original_sequences_youtube_c23_062_frame_04.jpg,0,youtube
manipulated_sequences_Deepfakes_c23_149_152_frame_03.jpg,1,Deepfakes
original_sequences_youtube_c23_700_frame_04.jpg,0,youtube
manipulated_sequences_Face2Face_c23_982_004_frame_01.jpg,1,Face2Face
original_sequences_youtube_c23_778_frame_02.jpg,0,youtube
manipulated_sequences_FaceShifter_c23_495_512_frame_05.jpg,1,FaceShifter
manipulated_sequences_FaceShifter_c23_688_645_frame_05.jpg,1,FaceShifter
manipulated_sequences_FaceSwap_c23_057_070_frame_05.jpg,1,FaceSwap
manipulated_sequences_FaceShifter_c23_820_818_frame_04.jpg,1,FaceShifter
manipulated_sequences_FaceSwap_c23_586_223_frame_04.jpg,1,FaceSwap
manipulated_sequences_Deepfakes_c23_061_080_frame_02.jpg,1,Deepfakes
original_sequences_youtube_c23_687_frame_03.jpg,0,youtube
original_sequences_youtube_c23_692_frame_01.jpg,0,youtube
original_sequences_youtube_c23_570_frame_05.jpg,0,youtube
manipulated_sequences_Face2Face_c23_453_402_frame_03.jpg,1,Face2Face
manipulated_sequences_Deepfakes_c23_688_645_frame_05.jpg,1,Deepfakes
original_sequences_youtube_c23_279_frame_05.jpg,0,youtube
manipulated_sequences_Face2Face_c23_674_744_frame_02.jpg,1,Face2Face
manipulated_sequences_Deepfakes_c23_154_386_frame_01.jpg,1,Deepfakes
manipulated_sequences_NeuralTextures_c23_307_365_frame_04.jpg,1,NeuralTextures
manipulated_sequences_FaceShifter_c23_134_192_frame_01.jpg,1,FaceShifter
manipulated_sequences_FaceSwap_c23_727_729_frame_03.jpg,1,FaceSwap
original_sequences_youtube_c23_248_frame_01.jpg,0,youtube
original_sequences_youtube_c23_188_frame_03.jpg,0,youtube
manipulated_sequences_NeuralTextures_c23_350_349_frame_05.jpg,1,NeuralTextures
manipulated_sequences_FaceShifter_c23_580_524_frame_02.jpg,1,FaceShifter
manipulated_sequences_Face2Face_c23_075_977_frame_04.jpg,1,Face2Face
original_sequences_youtube_c23_834_frame_04.jpg,0,youtube
manipulated_sequences_Deepfakes_c23_328_320_frame_03.jpg,1,Deepfakes
original_sequences_youtube_c23_572_frame_04.jpg,0,youtube
original_sequences_youtube_c23_132_frame_04.jpg,0,youtube
original_sequences_youtube_c23_720_frame_04.jpg,0,youtube
original_sequences_youtube_c23_437_frame_04.jpg,0,youtube
original_sequences_youtube_c23_967_frame_04.jpg,0,youtube
manipulated_sequences_NeuralTextures_c23_606_567_frame_04.jpg,1,NeuralTextures
original_sequences_youtube_c23_139_frame_03.jpg,0,youtube
original_sequences_youtube_c23_477_frame_02.jpg,0,youtube
original_sequences_youtube_c23_292_frame_04.jpg,0,youtube
manipulated_sequences_FaceShifter_c23_123_119_frame_04.jpg,1,FaceShifter
original_sequences_youtube_c23_079_frame_05.jpg,0,youtube
manipulated_sequences_Deepfakes_c23_767_694_frame_02.jpg,1,Deepfakes
manipulated_sequences_NeuralTextures_c23_764_850_frame_03.jpg,1,NeuralTextures
manipulated_sequences_FaceShifter_c23_493_538_frame_02.jpg,1,FaceShifter
manipulated_sequences_Face2Face_c23_096_101_frame_01.jpg,1,Face2Face
manipulated_sequences_NeuralTextures_c23_145_299_frame_04.jpg,1,NeuralTextures
manipulated_sequences_FaceShifter_c23_397_602_frame_04.jpg,1,FaceShifter
manipulated_sequences_Face2Face_c23_498_433_frame_03.jpg,1,Face2Face
manipulated_sequences_FaceSwap_c23_022_489_frame_02.jpg,1,FaceSwap
original_sequences_youtube_c23_941_frame_01.jpg,0,youtube
original_sequences_youtube_c23_694_frame_04.jpg,0,youtube
manipulated_sequences_Deepfakes_c23_785_736_frame_01.jpg,1,Deepfakes
manipulated_sequences_Deepfakes_c23_146_256_frame_03.jpg,1,Deepfakes
manipulated_sequences_FaceShifter_c23_949_868_frame_03.jpg,1,FaceShifter
original_sequences_youtube_c23_093_frame_03.jpg,0,youtube
manipulated_sequences_FaceShifter_c23_650_625_frame_02.jpg,1,FaceShifter
original_sequences_youtube_c23_157_frame_04.jpg,0,youtube
manipulated_sequences_Face2Face_c23_488_399_frame_04.jpg,1,Face2Face
manipulated_sequences_Face2Face_c23_132_007_frame_05.jpg,1,Face2Face
manipulated_sequences_NeuralTextures_c23_778_798_frame_04.jpg,1,NeuralTextures
original_sequences_youtube_c23_722_frame_01.jpg,0,youtube
manipulated_sequences_Deepfakes_c23_481_469_frame_03.jpg,1,Deepfakes
manipulated_sequences_NeuralTextures_c23_928_160_frame_02.jpg,1,NeuralTextures
manipulated_sequences_Deepfakes_c23_722_458_frame_02.jpg,1,Deepfakes
original_sequences_youtube_c23_078_frame_04.jpg,0,youtube
original_sequences_youtube_c23_040_frame_04.jpg,0,youtube
manipulated_sequences_FaceShifter_c23_375_251_frame_04.jpg,1,FaceShifter
original_sequences_youtube_c23_514_frame_05.jpg,0,youtube
original_sequences_youtube_c23_740_frame_04.jpg,0,youtube
manipulated_sequences_NeuralTextures_c23_467_462_frame_03.jpg,1,NeuralTextures
manipulated_sequences_FaceShifter_c23_074_825_frame_05.jpg,1,FaceShifter
original_sequences_youtube_c23_911_frame_01.jpg,0,youtube
original_sequences_youtube_c23_849_frame_04.jpg,0,youtube
original_sequences_youtube_c23_313_frame_05.jpg,0,youtube
manipulated_sequences_FaceShifter_c23_431_447_frame_01.jpg,1,FaceShifter
manipulated_sequences_NeuralTextures_c23_577_593_frame_05.jpg,1,NeuralTextures
original_sequences_youtube_c23_595_frame_02.jpg,0,youtube
manipulated_sequences_Face2Face_c23_359_317_frame_05.jpg,1,Face2Face
original_sequences_youtube_c23_960_frame_03.jpg,0,youtube
manipulated_sequences_Deepfakes_c23_106_198_frame_04.jpg,1,Deepfakes
manipulated_sequences_Deepfakes_c23_650_625_frame_04.jpg,1,Deepfakes
original_sequences_youtube_c23_862_frame_05.jpg,0,youtube
manipulated_sequences_Face2Face_c23_142_138_frame_02.jpg,1,Face2Face
manipulated_sequences_FaceSwap_c23_432_357_frame_04.jpg,1,FaceSwap
manipulated_sequences_Deepfakes_c23_270_297_frame_04.jpg,1,Deepfakes
original_sequences_youtube_c23_736_frame_04.jpg,0,youtube
original_sequences_youtube_c23_632_frame_04.jpg,0,youtube
original_sequences_youtube_c23_446_frame_01.jpg,0,youtube
original_sequences_youtube_c23_707_frame_04.jpg,0,youtube
manipulated_sequences_Deepfakes_c23_865_739_frame_04.jpg,1,Deepfakes
manipulated_sequences_NeuralTextures_c23_812_821_frame_01.jpg,1,NeuralTextures
original_sequences_youtube_c23_697_frame_02.jpg,0,youtube
manipulated_sequences_Face2Face_c23_084_042_frame_05.jpg,1,Face2Face
manipulated_sequences_NeuralTextures_c23_723_704_frame_03.jpg,1,NeuralTextures
original_sequences_youtube_c23_908_frame_04.jpg,0,youtube
original_sequences_youtube_c23_478_frame_03.jpg,0,youtube
original_sequences_youtube_c23_802_frame_02.jpg,0,youtube
original_sequences_youtube_c23_222_frame_04.jpg,0,youtube
original_sequences_youtube_c23_984_frame_03.jpg,0,youtube
original_sequences_youtube_c23_890_frame_04.jpg,0,youtube
manipulated_sequences_FaceSwap_c23_068_028_frame_02.jpg,1,FaceSwap
manipulated_sequences_NeuralTextures_c23_341_340_frame_02.jpg,1,NeuralTextures
manipulated_sequences_FaceSwap_c23_561_998_frame_03.jpg,1,FaceSwap
manipulated_sequences_FaceSwap_c23_230_204_frame_05.jpg,1,FaceSwap
manipulated_sequences_Deepfakes_c23_672_720_frame_04.jpg,1,Deepfakes
original_sequences_youtube_c23_872_frame_03.jpg,0,youtube
manipulated_sequences_NeuralTextures_c23_137_165_frame_02.jpg,1,NeuralTextures
manipulated_sequences_NeuralTextures_c23_039_058_frame_05.jpg,1,NeuralTextures
original_sequences_youtube_c23_061_frame_05.jpg,0,youtube
original_sequences_youtube_c23_604_frame_04.jpg,0,youtube
manipulated_sequences_FaceSwap_c23_088_060_frame_03.jpg,1,FaceSwap
manipulated_sequences_FaceSwap_c23_524_580_frame_05.jpg,1,FaceSwap
manipulated_sequences_Face2Face_c23_186_170_frame_04.jpg,1,Face2Face
manipulated_sequences_NeuralTextures_c23_757_573_frame_05.jpg,1,NeuralTextures
original_sequences_youtube_c23_983_frame_05.jpg,0,youtube
original_sequences_youtube_c23_370_frame_03.jpg,0,youtube
original_sequences_youtube_c23_415_frame_02.jpg,0,youtube
original_sequences_youtube_c23_971_frame_05.jpg,0,youtube
manipulated_sequences_Face2Face_c23_158_379_frame_02.jpg,1,Face2Face
original_sequences_youtube_c23_624_frame_05.jpg,0,youtube
original_sequences_youtube_c23_798_frame_05.jpg,0,youtube
manipulated_sequences_FaceShifter_c23_970_973_frame_03.jpg,1,FaceShifter
original_sequences_youtube_c23_392_frame_03.jpg,0,youtube
manipulated_sequences_Face2Face_c23_877_886_frame_01.jpg,1,Face2Face
original_sequences_youtube_c23_172_frame_04.jpg,0,youtube
manipulated_sequences_Face2Face_c23_080_061_frame_04.jpg,1,Face2Face
original_sequences_youtube_c23_692_frame_02.jpg,0,youtube
original_sequences_youtube_c23_704_frame_01.jpg,0,youtube
manipulated_sequences_FaceSwap_c23_777_745_frame_03.jpg,1,FaceSwap
original_sequences_youtube_c23_200_frame_01.jpg,0,youtube
original_sequences_youtube_c23_796_frame_01.jpg,0,youtube
original_sequences_youtube_c23_691_frame_01.jpg,0,youtube
original_sequences_youtube_c23_879_frame_05.jpg,0,youtube
manipulated_sequences_Face2Face_c23_647_622_frame_04.jpg,1,Face2Face
manipulated_sequences_FaceShifter_c23_012_026_frame_03.jpg,1,FaceShifter
manipulated_sequences_Face2Face_c23_791_770_frame_04.jpg,1,Face2Face
original_sequences_youtube_c23_892_frame_03.jpg,0,youtube
original_sequences_youtube_c23_218_frame_03.jpg,0,youtube
original_sequences_youtube_c23_906_frame_01.jpg,0,youtube
original_sequences_youtube_c23_645_frame_04.jpg,0,youtube
manipulated_sequences_FaceShifter_c23_142_138_frame_02.jpg,1,FaceShifter
original_sequences_youtube_c23_147_frame_01.jpg,0,youtube
manipulated_sequences_NeuralTextures_c23_643_646_frame_04.jpg,1,NeuralTextures
manipulated_sequences_NeuralTextures_c23_875_979_frame_04.jpg,1,NeuralTextures
manipulated_sequences_Face2Face_c23_844_797_frame_05.jpg,1,Face2Face
original_sequences_youtube_c23_763_frame_02.jpg,0,youtube
manipulated_sequences_NeuralTextures_c23_498_433_frame_03.jpg,1,NeuralTextures
manipulated_sequences_Deepfakes_c23_339_392_frame_03.jpg,1,Deepfakes
original_sequences_youtube_c23_064_frame_03.jpg,0,youtube
original_sequences_youtube_c23_813_frame_05.jpg,0,youtube
original_sequences_youtube_c23_677_frame_03.jpg,0,youtube
manipulated_sequences_Deepfakes_c23_844_797_frame_05.jpg,1,Deepfakes
manipulated_sequences_Face2Face_c23_694_767_frame_04.jpg,1,Face2Face
original_sequences_youtube_c23_466_frame_04.jpg,0,youtube
original_sequences_youtube_c23_637_frame_02.jpg,0,youtube
manipulated_sequences_FaceShifter_c23_578_636_frame_04.jpg,1,FaceShifter
manipulated_sequences_Face2Face_c23_606_567_frame_04.jpg,1,Face2Face
manipulated_sequences_NeuralTextures_c23_769_784_frame_02.jpg,1,NeuralTextures
manipulated_sequences_FaceShifter_c23_696_686_frame_05.jpg,1,FaceShifter
manipulated_sequences_FaceSwap_c23_201_203_frame_02.jpg,1,FaceSwap
original_sequences_youtube_c23_703_frame_03.jpg,0,youtube
manipulated_sequences_Face2Face_c23_764_850_frame_03.jpg,1,Face2Face
original_sequences_youtube_c23_016_frame_02.jpg,0,youtube
manipulated_sequences_FaceSwap_c23_786_819_frame_02.jpg,1,FaceSwap
original_sequences_youtube_c23_262_frame_04.jpg,0,youtube
original_sequences_youtube_c23_020_frame_01.jpg,0,youtube
original_sequences_youtube_c23_252_frame_05.jpg,0,youtube
manipulated_sequences_FaceShifter_c23_675_608_frame_01.jpg,1,FaceShifter
original_sequences_youtube_c23_987_frame_03.jpg,0,youtube
original_sequences_youtube_c23_996_frame_02.jpg,0,youtube
original_sequences_youtube_c23_577_frame_03.jpg,0,youtube
manipulated_sequences_Face2Face_c23_746_571_frame_03.jpg,1,Face2Face
manipulated_sequences_FaceSwap_c23_969_897_frame_01.jpg,1,FaceSwap
manipulated_sequences_FaceSwap_c23_949_868_frame_03.jpg,1,FaceSwap
original_sequences_youtube_c23_535_frame_01.jpg,0,youtube
manipulated_sequences_NeuralTextures_c23_572_554_frame_03.jpg,1,NeuralTextures
original_sequences_youtube_c23_647_frame_05.jpg,0,youtube
manipulated_sequences_FaceShifter_c23_091_116_frame_01.jpg,1,FaceShifter
manipulated_sequences_Face2Face_c23_634_660_frame_05.jpg,1,Face2Face
original_sequences_youtube_c23_341_frame_05.jpg,0,youtube
manipulated_sequences_FaceSwap_c23_377_333_frame_03.jpg,1,FaceSwap
manipulated_sequences_FaceShifter_c23_892_112_frame_01.jpg,1,FaceShifter
original_sequences_youtube_c23_175_frame_05.jpg,0,youtube
original_sequences_youtube_c23_465_frame_02.jpg,0,youtube
manipulated_sequences_Face2Face_c23_589_565_frame_01.jpg,1,Face2Face
manipulated_sequences_Face2Face_c23_518_131_frame_01.jpg,1,Face2Face
manipulated_sequences_Face2Face_c23_098_092_frame_02.jpg,1,Face2Face
original_sequences_youtube_c23_806_frame_01.jpg,0,youtube
manipulated_sequences_NeuralTextures_c23_554_572_frame_02.jpg,1,NeuralTextures
original_sequences_youtube_c23_367_frame_01.jpg,0,youtube
manipulated_sequences_FaceSwap_c23_812_821_frame_01.jpg,1,FaceSwap
original_sequences_youtube_c23_112_frame_04.jpg,0,youtube
original_sequences_youtube_c23_788_frame_03.jpg,0,youtube
original_sequences_youtube_c23_670_frame_01.jpg,0,youtube
manipulated_sequences_FaceShifter_c23_506_478_frame_01.jpg,1,FaceShifter
original_sequences_youtube_c23_820_frame_05.jpg,0,youtube
manipulated_sequences_Face2Face_c23_593_577_frame_04.jpg,1,Face2Face
original_sequences_youtube_c23_528_frame_03.jpg,0,youtube
manipulated_sequences_Face2Face_c23_024_073_frame_04.jpg,1,Face2Face
original_sequences_youtube_c23_502_frame_01.jpg,0,youtube
manipulated_sequences_Deepfakes_c23_186_170_frame_02.jpg,1,Deepfakes
original_sequences_youtube_c23_982_frame_02.jpg,0,youtube
manipulated_sequences_FaceSwap_c23_954_976_frame_05.jpg,1,FaceSwap
manipulated_sequences_Face2Face_c23_077_100_frame_05.jpg,1,Face2Face
original_sequences_youtube_c23_813_frame_01.jpg,0,youtube
original_sequences_youtube_c23_975_frame_02.jpg,0,youtube
manipulated_sequences_Deepfakes_c23_602_397_frame_05.jpg,1,Deepfakes
manipulated_sequences_Deepfakes_c23_266_252_frame_02.jpg,1,Deepfakes
manipulated_sequences_FaceSwap_c23_647_622_frame_05.jpg,1,FaceSwap
original_sequences_youtube_c23_721_frame_02.jpg,0,youtube
manipulated_sequences_Face2Face_c23_706_479_frame_04.jpg,1,Face2Face
manipulated_sequences_FaceSwap_c23_950_836_frame_05.jpg,1,FaceSwap
original_sequences_youtube_c23_733_frame_05.jpg,0,youtube
original_sequences_youtube_c23_156_frame_03.jpg,0,youtube
original_sequences_youtube_c23_646_frame_03.jpg,0,youtube
original_sequences_youtube_c23_731_frame_01.jpg,0,youtube
original_sequences_youtube_c23_612_frame_02.jpg,0,youtube
original_sequences_youtube_c23_268_frame_02.jpg,0,youtube
original_sequences_youtube_c23_448_frame_04.jpg,0,youtube
manipulated_sequences_NeuralTextures_c23_930_763_frame_01.jpg,1,NeuralTextures
original_sequences_youtube_c23_241_frame_02.jpg,0,youtube
manipulated_sequences_Face2Face_c23_707_705_frame_03.jpg,1,Face2Face
original_sequences_youtube_c23_566_frame_04.jpg,0,youtube
original_sequences_youtube_c23_084_frame_02.jpg,0,youtube
original_sequences_youtube_c23_109_frame_05.jpg,0,youtube
original_sequences_youtube_c23_726_frame_03.jpg,0,youtube
manipulated_sequences_Deepfakes_c23_288_321_frame_05.jpg,1,Deepfakes
original_sequences_youtube_c23_603_frame_01.jpg,0,youtube
original_sequences_youtube_c23_587_frame_05.jpg,0,youtube
manipulated_sequences_NeuralTextures_c23_223_586_frame_03.jpg,1,NeuralTextures
manipulated_sequences_NeuralTextures_c23_050_059_frame_05.jpg,1,NeuralTextures
original_sequences_youtube_c23_225_frame_05.jpg,0,youtube
manipulated_sequences_Deepfakes_c23_952_882_frame_05.jpg,1,Deepfakes
manipulated_sequences_NeuralTextures_c23_279_298_frame_03.jpg,1,NeuralTextures
manipulated_sequences_Face2Face_c23_462_467_frame_02.jpg,1,Face2Face
manipulated_sequences_Deepfakes_c23_397_602_frame_01.jpg,1,Deepfakes
manipulated_sequences_FaceSwap_c23_749_659_frame_05.jpg,1,FaceSwap
manipulated_sequences_Face2Face_c23_058_039_frame_01.jpg,1,Face2Face
manipulated_sequences_FaceShifter_c23_867_765_frame_01.jpg,1,FaceShifter
original_sequences_youtube_c23_539_frame_03.jpg,0,youtube
manipulated_sequences_NeuralTextures_c23_761_766_frame_02.jpg,1,NeuralTextures
original_sequences_youtube_c23_184_frame_02.jpg,0,youtube
manipulated_sequences_Deepfakes_c23_745_777_frame_05.jpg,1,Deepfakes
original_sequences_youtube_c23_541_frame_04.jpg,0,youtube
original_sequences_youtube_c23_478_frame_01.jpg,0,youtube
manipulated_sequences_FaceSwap_c23_720_672_frame_02.jpg,1,FaceSwap
manipulated_sequences_Deepfakes_c23_723_704_frame_03.jpg,1,Deepfakes
manipulated_sequences_FaceSwap_c23_767_694_frame_02.jpg,1,FaceSwap
manipulated_sequences_Deepfakes_c23_252_266_frame_03.jpg,1,Deepfakes
original_sequences_youtube_c23_251_frame_05.jpg,0,youtube
manipulated_sequences_NeuralTextures_c23_192_134_frame_05.jpg,1,NeuralTextures
manipulated_sequences_Deepfakes_c23_230_204_frame_03.jpg,1,Deepfakes
manipulated_sequences_Deepfakes_c23_579_701_frame_05.jpg,1,Deepfakes
manipulated_sequences_NeuralTextures_c23_436_526_frame_03.jpg,1,NeuralTextures
manipulated_sequences_Deepfakes_c23_424_408_frame_04.jpg,1,Deepfakes
original_sequences_youtube_c23_934_frame_04.jpg,0,youtube
original_sequences_youtube_c23_362_frame_04.jpg,0,youtube
original_sequences_youtube_c23_043_frame_01.jpg,0,youtube
original_sequences_youtube_c23_277_frame_05.jpg,0,youtube
manipulated_sequences_Deepfakes_c23_346_351_frame_03.jpg,1,Deepfakes
manipulated_sequences_FaceSwap_c23_074_825_frame_05.jpg,1,FaceSwap
original_sequences_youtube_c23_727_frame_04.jpg,0,youtube
manipulated_sequences_Face2Face_c23_007_132_frame_02.jpg,1,Face2Face
manipulated_sequences_Deepfakes_c23_118_120_frame_01.jpg,1,Deepfakes
original_sequences_youtube_c23_159_frame_05.jpg,0,youtube
manipulated_sequences_FaceSwap_c23_452_550_frame_03.jpg,1,FaceSwap
original_sequences_youtube_c23_051_frame_05.jpg,0,youtube
original_sequences_youtube_c23_199_frame_05.jpg,0,youtube
manipulated_sequences_FaceShifter_c23_009_027_frame_01.jpg,1,FaceShifter
manipulated_sequences_Deepfakes_c23_972_718_frame_04.jpg,1,Deepfakes
original_sequences_youtube_c23_644_frame_01.jpg,0,youtube
manipulated_sequences_FaceSwap_c23_930_763_frame_03.jpg,1,FaceSwap
original_sequences_youtube_c23_184_frame_04.jpg,0,youtube
manipulated_sequences_Deepfakes_c23_249_280_frame_01.jpg,1,Deepfakes
original_sequences_youtube_c23_546_frame_02.jpg,0,youtube
manipulated_sequences_FaceShifter_c23_191_188_frame_05.jpg,1,FaceShifter
original_sequences_youtube_c23_360_frame_02.jpg,0,youtube
manipulated_sequences_Face2Face_c23_108_052_frame_02.jpg,1,Face2Face
original_sequences_youtube_c23_652_frame_04.jpg,0,youtube
manipulated_sequences_FaceShifter_c23_005_010_frame_03.jpg,1,FaceShifter
original_sequences_youtube_c23_145_frame_02.jpg,0,youtube
manipulated_sequences_Face2Face_c23_643_646_frame_02.jpg,1,Face2Face
original_sequences_youtube_c23_139_frame_05.jpg,0,youtube
original_sequences_youtube_c23_206_frame_05.jpg,0,youtube
original_sequences_youtube_c23_224_frame_02.jpg,0,youtube
original_sequences_youtube_c23_944_frame_05.jpg,0,youtube
manipulated_sequences_Deepfakes_c23_533_450_frame_03.jpg,1,Deepfakes
original_sequences_youtube_c23_927_frame_04.jpg,0,youtube
manipulated_sequences_Deepfakes_c23_134_192_frame_05.jpg,1,Deepfakes
manipulated_sequences_Face2Face_c23_936_931_frame_05.jpg,1,Face2Face
manipulated_sequences_NeuralTextures_c23_539_499_frame_01.jpg,1,NeuralTextures
manipulated_sequences_FaceSwap_c23_340_341_frame_01.jpg,1,FaceSwap
original_sequences_youtube_c23_930_frame_04.jpg,0,youtube
manipulated_sequences_FaceSwap_c23_045_889_frame_01.jpg,1,FaceSwap
manipulated_sequences_Face2Face_c23_352_319_frame_04.jpg,1,Face2Face
manipulated_sequences_Face2Face_c23_461_250_frame_05.jpg,1,Face2Face
manipulated_sequences_Face2Face_c23_942_943_frame_04.jpg,1,Face2Face
original_sequences_youtube_c23_827_frame_03.jpg,0,youtube
original_sequences_youtube_c23_657_frame_05.jpg,0,youtube
manipulated_sequences_FaceShifter_c23_549_531_frame_03.jpg,1,FaceShifter
manipulated_sequences_FaceSwap_c23_825_074_frame_03.jpg,1,FaceSwap
original_sequences_youtube_c23_043_frame_05.jpg,0,youtube
manipulated_sequences_NeuralTextures_c23_731_741_frame_01.jpg,1,NeuralTextures
original_sequences_youtube_c23_493_frame_04.jpg,0,youtube
manipulated_sequences_FaceShifter_c23_969_897_frame_01.jpg,1,FaceShifter
original_sequences_youtube_c23_599_frame_05.jpg,0,youtube
manipulated_sequences_Face2Face_c23_505_600_frame_04.jpg,1,Face2Face
original_sequences_youtube_c23_145_frame_01.jpg,0,youtube
original_sequences_youtube_c23_682_frame_03.jpg,0,youtube
manipulated_sequences_NeuralTextures_c23_716_712_frame_05.jpg,1,NeuralTextures
original_sequences_youtube_c23_288_frame_03.jpg,0,youtube
manipulated_sequences_Deepfakes_c23_098_092_frame_03.jpg,1,Deepfakes
manipulated_sequences_Face2Face_c23_704_723_frame_01.jpg,1,Face2Face
manipulated_sequences_Deepfakes_c23_471_455_frame_04.jpg,1,Deepfakes
manipulated_sequences_Deepfakes_c23_741_731_frame_03.jpg,1,Deepfakes
original_sequences_youtube_c23_281_frame_04.jpg,0,youtube
original_sequences_youtube_c23_052_frame_05.jpg,0,youtube
original_sequences_youtube_c23_425_frame_03.jpg,0,youtube
manipulated_sequences_FaceShifter_c23_200_189_frame_05.jpg,1,FaceShifter
original_sequences_youtube_c23_381_frame_05.jpg,0,youtube
original_sequences_youtube_c23_467_frame_05.jpg,0,youtube
manipulated_sequences_Face2Face_c23_577_593_frame_05.jpg,1,Face2Face
manipulated_sequences_Deepfakes_c23_201_203_frame_05.jpg,1,Deepfakes
original_sequences_youtube_c23_246_frame_05.jpg,0,youtube
manipulated_sequences_Face2Face_c23_263_284_frame_04.jpg,1,Face2Face
manipulated_sequences_FaceShifter_c23_985_981_frame_03.jpg,1,FaceShifter
manipulated_sequences_Deepfakes_c23_085_124_frame_04.jpg,1,Deepfakes
original_sequences_youtube_c23_746_frame_04.jpg,0,youtube
manipulated_sequences_Face2Face_c23_392_339_frame_05.jpg,1,Face2Face
manipulated_sequences_NeuralTextures_c23_036_035_frame_03.jpg,1,NeuralTextures
original_sequences_youtube_c23_331_frame_02.jpg,0,youtube
manipulated_sequences_FaceSwap_c23_626_562_frame_03.jpg,1,FaceSwap
original_sequences_youtube_c23_582_frame_01.jpg,0,youtube
original_sequences_youtube_c23_995_frame_04.jpg,0,youtube
manipulated_sequences_Face2Face_c23_701_579_frame_03.jpg,1,Face2Face
manipulated_sequences_Face2Face_c23_282_238_frame_01.jpg,1,Face2Face
manipulated_sequences_FaceShifter_c23_149_152_frame_03.jpg,1,FaceShifter
manipulated_sequences_FaceShifter_c23_606_567_frame_02.jpg,1,FaceShifter
manipulated_sequences_FaceShifter_c23_395_401_frame_01.jpg,1,FaceShifter
manipulated_sequences_NeuralTextures_c23_455_471_frame_03.jpg,1,NeuralTextures
original_sequences_youtube_c23_334_frame_04.jpg,0,youtube
manipulated_sequences_Face2Face_c23_895_915_frame_05.jpg,1,Face2Face
manipulated_sequences_FaceShifter_c23_031_163_frame_04.jpg,1,FaceShifter
original_sequences_youtube_c23_761_frame_03.jpg,0,youtube
original_sequences_youtube_c23_712_frame_02.jpg,0,youtube
manipulated_sequences_NeuralTextures_c23_898_922_frame_03.jpg,1,NeuralTextures
manipulated_sequences_NeuralTextures_c23_323_302_frame_03.jpg,1,NeuralTextures
original_sequences_youtube_c23_910_frame_02.jpg,0,youtube
original_sequences_youtube_c23_429_frame_02.jpg,0,youtube
original_sequences_youtube_c23_664_frame_03.jpg,0,youtube
manipulated_sequences_NeuralTextures_c23_194_235_frame_02.jpg,1,NeuralTextures
manipulated_sequences_NeuralTextures_c23_255_214_frame_03.jpg,1,NeuralTextures
manipulated_sequences_Deepfakes_c23_350_349_frame_05.jpg,1,Deepfakes
original_sequences_youtube_c23_823_frame_05.jpg,0,youtube
original_sequences_youtube_c23_419_frame_05.jpg,0,youtube
original_sequences_youtube_c23_096_frame_05.jpg,0,youtube
original_sequences_youtube_c23_477_frame_05.jpg,0,youtube
original_sequences_youtube_c23_315_frame_02.jpg,0,youtube
original_sequences_youtube_c23_025_frame_05.jpg,0,youtube
manipulated_sequences_FaceShifter_c23_857_909_frame_01.jpg,1,FaceShifter
manipulated_sequences_FaceSwap_c23_183_253_frame_02.jpg,1,FaceSwap
manipulated_sequences_FaceShifter_c23_480_389_frame_03.jpg,1,FaceShifter
original_sequences_youtube_c23_507_frame_05.jpg,0,youtube
manipulated_sequences_Face2Face_c23_599_585_frame_02.jpg,1,Face2Face
manipulated_sequences_FaceShifter_c23_250_461_frame_03.jpg,1,FaceShifter
original_sequences_youtube_c23_465_frame_01.jpg,0,youtube
original_sequences_youtube_c23_698_frame_01.jpg,0,youtube
manipulated_sequences_FaceShifter_c23_207_908_frame_02.jpg,1,FaceShifter
original_sequences_youtube_c23_991_frame_01.jpg,0,youtube
original_sequences_youtube_c23_428_frame_01.jpg,0,youtube
manipulated_sequences_NeuralTextures_c23_230_204_frame_02.jpg,1,NeuralTextures
manipulated_sequences_Deepfakes_c23_207_908_frame_05.jpg,1,Deepfakes
manipulated_sequences_Deepfakes_c23_489_022_frame_01.jpg,1,Deepfakes
original_sequences_youtube_c23_595_frame_05.jpg,0,youtube
manipulated_sequences_Deepfakes_c23_637_427_frame_01.jpg,1,Deepfakes
manipulated_sequences_NeuralTextures_c23_501_326_frame_03.jpg,1,NeuralTextures
manipulated_sequences_Face2Face_c23_341_340_frame_02.jpg,1,Face2Face
original_sequences_youtube_c23_871_frame_02.jpg,0,youtube
manipulated_sequences_Deepfakes_c23_206_221_frame_01.jpg,1,Deepfakes
original_sequences_youtube_c23_174_frame_01.jpg,0,youtube
manipulated_sequences_Face2Face_c23_551_631_frame_05.jpg,1,Face2Face
original_sequences_youtube_c23_872_frame_01.jpg,0,youtube
original_sequences_youtube_c23_679_frame_04.jpg,0,youtube
manipulated_sequences_FaceShifter_c23_919_015_frame_02.jpg,1,FaceShifter
original_sequences_youtube_c23_205_frame_02.jpg,0,youtube
original_sequences_youtube_c23_047_frame_05.jpg,0,youtube
manipulated_sequences_FaceSwap_c23_741_731_frame_03.jpg,1,FaceSwap
original_sequences_youtube_c23_823_frame_01.jpg,0,youtube
manipulated_sequences_FaceSwap_c23_706_479_frame_04.jpg,1,FaceSwap
original_sequences_youtube_c23_054_frame_04.jpg,0,youtube
manipulated_sequences_Deepfakes_c23_939_115_frame_05.jpg,1,Deepfakes
original_sequences_youtube_c23_769_frame_03.jpg,0,youtube
original_sequences_youtube_c23_673_frame_03.jpg,0,youtube
original_sequences_youtube_c23_855_frame_05.jpg,0,youtube
original_sequences_youtube_c23_710_frame_05.jpg,0,youtube
original_sequences_youtube_c23_720_frame_05.jpg,0,youtube
manipulated_sequences_Face2Face_c23_577_593_frame_04.jpg,1,Face2Face
manipulated_sequences_FaceSwap_c23_124_085_frame_05.jpg,1,FaceSwap
original_sequences_youtube_c23_420_frame_05.jpg,0,youtube
manipulated_sequences_NeuralTextures_c23_358_380_frame_02.jpg,1,NeuralTextures
original_sequences_youtube_c23_207_frame_04.jpg,0,youtube
original_sequences_youtube_c23_483_frame_05.jpg,0,youtube
original_sequences_youtube_c23_718_frame_05.jpg,0,youtube
original_sequences_youtube_c23_913_frame_02.jpg,0,youtube
original_sequences_youtube_c23_294_frame_03.jpg,0,youtube
manipulated_sequences_FaceShifter_c23_733_935_frame_02.jpg,1,FaceShifter
manipulated_sequences_NeuralTextures_c23_829_808_frame_02.jpg,1,NeuralTextures
manipulated_sequences_FaceSwap_c23_152_149_frame_01.jpg,1,FaceSwap
original_sequences_youtube_c23_592_frame_04.jpg,0,youtube
original_sequences_youtube_c23_319_frame_01.jpg,0,youtube
original_sequences_youtube_c23_455_frame_01.jpg,0,youtube
original_sequences_youtube_c23_852_frame_02.jpg,0,youtube
original_sequences_youtube_c23_794_frame_04.jpg,0,youtube
original_sequences_youtube_c23_608_frame_02.jpg,0,youtube
manipulated_sequences_FaceSwap_c23_356_324_frame_01.jpg,1,FaceSwap
original_sequences_youtube_c23_774_frame_02.jpg,0,youtube
original_sequences_youtube_c23_109_frame_01.jpg,0,youtube
manipulated_sequences_Face2Face_c23_783_916_frame_02.jpg,1,Face2Face
original_sequences_youtube_c23_373_frame_01.jpg,0,youtube
original_sequences_youtube_c23_106_frame_04.jpg,0,youtube
manipulated_sequences_NeuralTextures_c23_373_394_frame_03.jpg,1,NeuralTextures
original_sequences_youtube_c23_187_frame_05.jpg,0,youtube
original_sequences_youtube_c23_650_frame_05.jpg,0,youtube
original_sequences_youtube_c23_990_frame_03.jpg,0,youtube
original_sequences_youtube_c23_580_frame_03.jpg,0,youtube
manipulated_sequences_Face2Face_c23_036_035_frame_05.jpg,1,Face2Face
original_sequences_youtube_c23_139_frame_02.jpg,0,youtube
manipulated_sequences_FaceShifter_c23_757_573_frame_05.jpg,1,FaceShifter
original_sequences_youtube_c23_614_frame_03.jpg,0,youtube
original_sequences_youtube_c23_428_frame_02.jpg,0,youtube
original_sequences_youtube_c23_656_frame_04.jpg,0,youtube
manipulated_sequences_NeuralTextures_c23_989_993_frame_02.jpg,1,NeuralTextures
manipulated_sequences_FaceSwap_c23_123_119_frame_04.jpg,1,FaceSwap
manipulated_sequences_Deepfakes_c23_093_121_frame_05.jpg,1,Deepfakes
original_sequences_youtube_c23_511_frame_03.jpg,0,youtube
original_sequences_youtube_c23_008_frame_04.jpg,0,youtube
original_sequences_youtube_c23_980_frame_02.jpg,0,youtube
original_sequences_youtube_c23_382_frame_05.jpg,0,youtube
manipulated_sequences_Deepfakes_c23_417_496_frame_04.jpg,1,Deepfakes
manipulated_sequences_Face2Face_c23_192_134_frame_04.jpg,1,Face2Face
original_sequences_youtube_c23_451_frame_04.jpg,0,youtube
manipulated_sequences_FaceSwap_c23_015_919_frame_01.jpg,1,FaceSwap
original_sequences_youtube_c23_119_frame_05.jpg,0,youtube
original_sequences_youtube_c23_061_frame_02.jpg,0,youtube
original_sequences_youtube_c23_544_frame_02.jpg,0,youtube
manipulated_sequences_FaceSwap_c23_813_700_frame_01.jpg,1,FaceSwap
original_sequences_youtube_c23_917_frame_01.jpg,0,youtube
manipulated_sequences_FaceSwap_c23_694_767_frame_04.jpg,1,FaceSwap
original_sequences_youtube_c23_964_frame_04.jpg,0,youtube
manipulated_sequences_Face2Face_c23_676_776_frame_05.jpg,1,Face2Face
manipulated_sequences_FaceShifter_c23_612_702_frame_04.jpg,1,FaceShifter
original_sequences_youtube_c23_067_frame_01.jpg,0,youtube
original_sequences_youtube_c23_290_frame_01.jpg,0,youtube
manipulated_sequences_FaceShifter_c23_544_532_frame_02.jpg,1,FaceShifter
original_sequences_youtube_c23_741_frame_03.jpg,0,youtube
original_sequences_youtube_c23_225_frame_04.jpg,0,youtube
original_sequences_youtube_c23_420_frame_03.jpg,0,youtube
manipulated_sequences_Face2Face_c23_075_977_frame_01.jpg,1,Face2Face
original_sequences_youtube_c23_783_frame_05.jpg,0,youtube
original_sequences_youtube_c23_082_frame_05.jpg,0,youtube
manipulated_sequences_FaceShifter_c23_630_623_frame_04.jpg,1,FaceShifter
original_sequences_youtube_c23_929_frame_05.jpg,0,youtube
original_sequences_youtube_c23_928_frame_05.jpg,0,youtube
original_sequences_youtube_c23_807_frame_04.jpg,0,youtube
manipulated_sequences_NeuralTextures_c23_014_790_frame_03.jpg,1,NeuralTextures
manipulated_sequences_FaceShifter_c23_144_122_frame_04.jpg,1,FaceShifter
manipulated_sequences_Face2Face_c23_282_238_frame_03.jpg,1,Face2Face
original_sequences_youtube_c23_510_frame_05.jpg,0,youtube
manipulated_sequences_NeuralTextures_c23_337_522_frame_03.jpg,1,NeuralTextures
original_sequences_youtube_c23_555_frame_05.jpg,0,youtube
manipulated_sequences_FaceShifter_c23_596_609_frame_01.jpg,1,FaceShifter
manipulated_sequences_Deepfakes_c23_675_608_frame_01.jpg,1,Deepfakes
original_sequences_youtube_c23_646_frame_01.jpg,0,youtube
original_sequences_youtube_c23_921_frame_05.jpg,0,youtube
manipulated_sequences_NeuralTextures_c23_698_693_frame_02.jpg,1,NeuralTextures
manipulated_sequences_NeuralTextures_c23_876_891_frame_04.jpg,1,NeuralTextures
original_sequences_youtube_c23_198_frame_04.jpg,0,youtube
original_sequences_youtube_c23_776_frame_01.jpg,0,youtube
manipulated_sequences_NeuralTextures_c23_633_529_frame_04.jpg,1,NeuralTextures
manipulated_sequences_FaceSwap_c23_053_095_frame_05.jpg,1,FaceSwap
manipulated_sequences_Deepfakes_c23_319_352_frame_03.jpg,1,Deepfakes
original_sequences_youtube_c23_545_frame_03.jpg,0,youtube
original_sequences_youtube_c23_738_frame_01.jpg,0,youtube
manipulated_sequences_FaceSwap_c23_321_288_frame_02.jpg,1,FaceSwap
manipulated_sequences_NeuralTextures_c23_032_944_frame_03.jpg,1,NeuralTextures
original_sequences_youtube_c23_783_frame_03.jpg,0,youtube
original_sequences_youtube_c23_922_frame_03.jpg,0,youtube
manipulated_sequences_Deepfakes_c23_096_101_frame_01.jpg,1,Deepfakes
manipulated_sequences_NeuralTextures_c23_810_838_frame_02.jpg,1,NeuralTextures
original_sequences_youtube_c23_360_frame_04.jpg,0,youtube
original_sequences_youtube_c23_668_frame_02.jpg,0,youtube
manipulated_sequences_NeuralTextures_c23_672_720_frame_05.jpg,1,NeuralTextures
manipulated_sequences_Deepfakes_c23_018_019_frame_02.jpg,1,Deepfakes
manipulated_sequences_Deepfakes_c23_420_257_frame_01.jpg,1,Deepfakes
original_sequences_youtube_c23_344_frame_05.jpg,0,youtube
manipulated_sequences_NeuralTextures_c23_932_384_frame_03.jpg,1,NeuralTextures
manipulated_sequences_Deepfakes_c23_134_192_frame_02.jpg,1,Deepfakes
original_sequences_youtube_c23_105_frame_04.jpg,0,youtube
manipulated_sequences_FaceSwap_c23_743_750_frame_04.jpg,1,FaceSwap
manipulated_sequences_FaceSwap_c23_982_004_frame_02.jpg,1,FaceSwap
original_sequences_youtube_c23_666_frame_05.jpg,0,youtube
manipulated_sequences_FaceShifter_c23_483_370_frame_05.jpg,1,FaceShifter
original_sequences_youtube_c23_772_frame_03.jpg,0,youtube
original_sequences_youtube_c23_198_frame_03.jpg,0,youtube
manipulated_sequences_FaceSwap_c23_292_294_frame_04.jpg,1,FaceSwap
original_sequences_youtube_c23_547_frame_01.jpg,0,youtube
original_sequences_youtube_c23_592_frame_02.jpg,0,youtube
original_sequences_youtube_c23_871_frame_05.jpg,0,youtube
original_sequences_youtube_c23_121_frame_02.jpg,0,youtube
original_sequences_youtube_c23_573_frame_05.jpg,0,youtube
manipulated_sequences_Deepfakes_c23_546_621_frame_04.jpg,1,Deepfakes
original_sequences_youtube_c23_231_frame_04.jpg,0,youtube
original_sequences_youtube_c23_011_frame_05.jpg,0,youtube
manipulated_sequences_FaceShifter_c23_007_132_frame_05.jpg,1,FaceShifter
original_sequences_youtube_c23_931_frame_01.jpg,0,youtube
original_sequences_youtube_c23_972_frame_01.jpg,0,youtube
original_sequences_youtube_c23_373_frame_04.jpg,0,youtube
manipulated_sequences_FaceSwap_c23_643_646_frame_04.jpg,1,FaceSwap
original_sequences_youtube_c23_319_frame_04.jpg,0,youtube
original_sequences_youtube_c23_831_frame_03.jpg,0,youtube
manipulated_sequences_FaceShifter_c23_968_884_frame_01.jpg,1,FaceShifter
original_sequences_youtube_c23_775_frame_01.jpg,0,youtube
manipulated_sequences_Face2Face_c23_490_534_frame_03.jpg,1,Face2Face
original_sequences_youtube_c23_935_frame_01.jpg,0,youtube
manipulated_sequences_FaceSwap_c23_483_370_frame_01.jpg,1,FaceSwap
original_sequences_youtube_c23_458_frame_04.jpg,0,youtube
manipulated_sequences_Face2Face_c23_188_191_frame_02.jpg,1,Face2Face
manipulated_sequences_Deepfakes_c23_815_730_frame_03.jpg,1,Deepfakes
original_sequences_youtube_c23_028_frame_03.jpg,0,youtube
original_sequences_youtube_c23_932_frame_01.jpg,0,youtube
manipulated_sequences_FaceSwap_c23_696_686_frame_04.jpg,1,FaceSwap
manipulated_sequences_Face2Face_c23_227_169_frame_03.jpg,1,Face2Face
manipulated_sequences_FaceSwap_c23_848_894_frame_04.jpg,1,FaceSwap
manipulated_sequences_NeuralTextures_c23_268_269_frame_05.jpg,1,NeuralTextures
manipulated_sequences_FaceShifter_c23_723_704_frame_05.jpg,1,FaceShifter
manipulated_sequences_Deepfakes_c23_005_010_frame_03.jpg,1,Deepfakes
original_sequences_youtube_c23_399_frame_02.jpg,0,youtube
original_sequences_youtube_c23_000_frame_05.jpg,0,youtube
manipulated_sequences_Deepfakes_c23_135_880_frame_05.jpg,1,Deepfakes
manipulated_sequences_FaceSwap_c23_772_708_frame_05.jpg,1,FaceSwap
original_sequences_youtube_c23_113_frame_04.jpg,0,youtube
manipulated_sequences_NeuralTextures_c23_706_479_frame_04.jpg,1,NeuralTextures
original_sequences_youtube_c23_332_frame_01.jpg,0,youtube
manipulated_sequences_Face2Face_c23_826_833_frame_05.jpg,1,Face2Face
original_sequences_youtube_c23_166_frame_04.jpg,0,youtube
manipulated_sequences_Face2Face_c23_675_608_frame_01.jpg,1,Face2Face
original_sequences_youtube_c23_629_frame_01.jpg,0,youtube
original_sequences_youtube_c23_013_frame_02.jpg,0,youtube
original_sequences_youtube_c23_620_frame_05.jpg,0,youtube
original_sequences_youtube_c23_456_frame_04.jpg,0,youtube
manipulated_sequences_Deepfakes_c23_405_393_frame_02.jpg,1,Deepfakes
original_sequences_youtube_c23_950_frame_02.jpg,0,youtube
manipulated_sequences_NeuralTextures_c23_441_439_frame_01.jpg,1,NeuralTextures
manipulated_sequences_FaceShifter_c23_498_433_frame_03.jpg,1,FaceShifter
original_sequences_youtube_c23_227_frame_02.jpg,0,youtube
original_sequences_youtube_c23_659_frame_01.jpg,0,youtube
original_sequences_youtube_c23_014_frame_05.jpg,0,youtube
manipulated_sequences_FaceSwap_c23_841_639_frame_02.jpg,1,FaceSwap
manipulated_sequences_Deepfakes_c23_607_683_frame_05.jpg,1,Deepfakes
original_sequences_youtube_c23_090_frame_02.jpg,0,youtube
original_sequences_youtube_c23_520_frame_02.jpg,0,youtube
manipulated_sequences_Deepfakes_c23_038_125_frame_01.jpg,1,Deepfakes
manipulated_sequences_FaceSwap_c23_452_550_frame_04.jpg,1,FaceSwap
manipulated_sequences_Face2Face_c23_371_367_frame_03.jpg,1,Face2Face
original_sequences_youtube_c23_928_frame_01.jpg,0,youtube
original_sequences_youtube_c23_497_frame_05.jpg,0,youtube
manipulated_sequences_FaceSwap_c23_960_999_frame_05.jpg,1,FaceSwap
original_sequences_youtube_c23_548_frame_05.jpg,0,youtube
original_sequences_youtube_c23_065_frame_02.jpg,0,youtube
original_sequences_youtube_c23_084_frame_01.jpg,0,youtube
manipulated_sequences_NeuralTextures_c23_140_143_frame_03.jpg,1,NeuralTextures
original_sequences_youtube_c23_563_frame_04.jpg,0,youtube
manipulated_sequences_Face2Face_c23_824_419_frame_02.jpg,1,Face2Face
manipulated_sequences_FaceShifter_c23_830_828_frame_01.jpg,1,FaceShifter
manipulated_sequences_NeuralTextures_c23_346_351_frame_03.jpg,1,NeuralTextures
manipulated_sequences_Face2Face_c23_234_187_frame_04.jpg,1,Face2Face
original_sequences_youtube_c23_357_frame_05.jpg,0,youtube
original_sequences_youtube_c23_639_frame_03.jpg,0,youtube
original_sequences_youtube_c23_764_frame_05.jpg,0,youtube
original_sequences_youtube_c23_749_frame_02.jpg,0,youtube
manipulated_sequences_FaceSwap_c23_412_274_frame_03.jpg,1,FaceSwap
manipulated_sequences_FaceShifter_c23_134_192_frame_02.jpg,1,FaceShifter
original_sequences_youtube_c23_152_frame_01.jpg,0,youtube
manipulated_sequences_FaceSwap_c23_392_339_frame_05.jpg,1,FaceSwap
original_sequences_youtube_c23_221_frame_05.jpg,0,youtube
original_sequences_youtube_c23_953_frame_02.jpg,0,youtube
manipulated_sequences_Face2Face_c23_860_905_frame_02.jpg,1,Face2Face
manipulated_sequences_Face2Face_c23_790_014_frame_03.jpg,1,Face2Face
original_sequences_youtube_c23_532_frame_01.jpg,0,youtube
original_sequences_youtube_c23_312_frame_01.jpg,0,youtube
manipulated_sequences_FaceShifter_c23_815_730_frame_03.jpg,1,FaceShifter
original_sequences_youtube_c23_605_frame_02.jpg,0,youtube
manipulated_sequences_Face2Face_c23_094_111_frame_02.jpg,1,Face2Face
original_sequences_youtube_c23_400_frame_02.jpg,0,youtube
original_sequences_youtube_c23_681_frame_03.jpg,0,youtube
manipulated_sequences_FaceShifter_c23_783_916_frame_03.jpg,1,FaceShifter
manipulated_sequences_FaceSwap_c23_230_204_frame_03.jpg,1,FaceSwap
original_sequences_youtube_c23_607_frame_01.jpg,0,youtube
manipulated_sequences_Face2Face_c23_434_438_frame_05.jpg,1,Face2Face
original_sequences_youtube_c23_192_frame_05.jpg,0,youtube
original_sequences_youtube_c23_322_frame_01.jpg,0,youtube
manipulated_sequences_FaceShifter_c23_644_657_frame_01.jpg,1,FaceShifter
original_sequences_youtube_c23_178_frame_02.jpg,0,youtube
manipulated_sequences_FaceShifter_c23_359_317_frame_05.jpg,1,FaceShifter
original_sequences_youtube_c23_600_frame_04.jpg,0,youtube
original_sequences_youtube_c23_299_frame_02.jpg,0,youtube
manipulated_sequences_FaceShifter_c23_681_711_frame_02.jpg,1,FaceShifter
original_sequences_youtube_c23_977_frame_02.jpg,0,youtube
original_sequences_youtube_c23_530_frame_04.jpg,0,youtube
original_sequences_youtube_c23_144_frame_02.jpg,0,youtube
original_sequences_youtube_c23_589_frame_02.jpg,0,youtube
original_sequences_youtube_c23_179_frame_03.jpg,0,youtube
manipulated_sequences_FaceSwap_c23_132_007_frame_05.jpg,1,FaceSwap
manipulated_sequences_Deepfakes_c23_272_396_frame_01.jpg,1,Deepfakes
original_sequences_youtube_c23_509_frame_03.jpg,0,youtube
manipulated_sequences_NeuralTextures_c23_069_961_frame_01.jpg,1,NeuralTextures
original_sequences_youtube_c23_472_frame_04.jpg,0,youtube
original_sequences_youtube_c23_228_frame_01.jpg,0,youtube
original_sequences_youtube_c23_768_frame_01.jpg,0,youtube
original_sequences_youtube_c23_594_frame_04.jpg,0,youtube
original_sequences_youtube_c23_292_frame_05.jpg,0,youtube
manipulated_sequences_Deepfakes_c23_716_712_frame_02.jpg,1,Deepfakes
manipulated_sequences_FaceShifter_c23_706_479_frame_04.jpg,1,FaceShifter
manipulated_sequences_NeuralTextures_c23_113_983_frame_03.jpg,1,NeuralTextures
original_sequences_youtube_c23_001_frame_05.jpg,0,youtube
original_sequences_youtube_c23_745_frame_03.jpg,0,youtube
manipulated_sequences_NeuralTextures_c23_078_955_frame_01.jpg,1,NeuralTextures
manipulated_sequences_FaceShifter_c23_467_462_frame_03.jpg,1,FaceShifter
original_sequences_youtube_c23_439_frame_01.jpg,0,youtube
original_sequences_youtube_c23_363_frame_02.jpg,0,youtube
manipulated_sequences_Deepfakes_c23_165_137_frame_04.jpg,1,Deepfakes
manipulated_sequences_NeuralTextures_c23_647_622_frame_03.jpg,1,NeuralTextures
manipulated_sequences_FaceSwap_c23_009_027_frame_01.jpg,1,FaceSwap
manipulated_sequences_NeuralTextures_c23_901_902_frame_04.jpg,1,NeuralTextures
original_sequences_youtube_c23_538_frame_04.jpg,0,youtube
original_sequences_youtube_c23_588_frame_03.jpg,0,youtube
manipulated_sequences_NeuralTextures_c23_313_283_frame_01.jpg,1,NeuralTextures
manipulated_sequences_FaceSwap_c23_837_890_frame_02.jpg,1,FaceSwap
original_sequences_youtube_c23_779_frame_05.jpg,0,youtube
original_sequences_youtube_c23_186_frame_03.jpg,0,youtube
original_sequences_youtube_c23_414_frame_05.jpg,0,youtube
original_sequences_youtube_c23_401_frame_05.jpg,0,youtube
manipulated_sequences_NeuralTextures_c23_542_520_frame_04.jpg,1,NeuralTextures
manipulated_sequences_FaceShifter_c23_230_204_frame_02.jpg,1,FaceShifter
manipulated_sequences_NeuralTextures_c23_090_086_frame_05.jpg,1,NeuralTextures
original_sequences_youtube_c23_535_frame_02.jpg,0,youtube
original_sequences_youtube_c23_473_frame_02.jpg,0,youtube
manipulated_sequences_FaceShifter_c23_024_073_frame_04.jpg,1,FaceShifter
original_sequences_youtube_c23_597_frame_05.jpg,0,youtube
original_sequences_youtube_c23_858_frame_04.jpg,0,youtube
original_sequences_youtube_c23_368_frame_02.jpg,0,youtube
manipulated_sequences_FaceSwap_c23_991_064_frame_05.jpg,1,FaceSwap
manipulated_sequences_Deepfakes_c23_361_448_frame_05.jpg,1,Deepfakes
original_sequences_youtube_c23_611_frame_01.jpg,0,youtube
original_sequences_youtube_c23_943_frame_02.jpg,0,youtube
original_sequences_youtube_c23_538_frame_01.jpg,0,youtube
manipulated_sequences_FaceShifter_c23_614_616_frame_02.jpg,1,FaceShifter
manipulated_sequences_FaceSwap_c23_844_797_frame_05.jpg,1,FaceSwap
original_sequences_youtube_c23_540_frame_01.jpg,0,youtube
original_sequences_youtube_c23_342_frame_05.jpg,0,youtube
manipulated_sequences_Deepfakes_c23_944_032_frame_02.jpg,1,Deepfakes
manipulated_sequences_NeuralTextures_c23_627_658_frame_02.jpg,1,NeuralTextures
manipulated_sequences_Deepfakes_c23_704_723_frame_03.jpg,1,Deepfakes
original_sequences_youtube_c23_999_frame_01.jpg,0,youtube
original_sequences_youtube_c23_117_frame_01.jpg,0,youtube
manipulated_sequences_NeuralTextures_c23_201_203_frame_05.jpg,1,NeuralTextures
original_sequences_youtube_c23_384_frame_05.jpg,0,youtube
original_sequences_youtube_c23_198_frame_02.jpg,0,youtube
manipulated_sequences_FaceSwap_c23_117_217_frame_04.jpg,1,FaceSwap
manipulated_sequences_FaceSwap_c23_137_165_frame_02.jpg,1,FaceSwap
original_sequences_youtube_c23_639_frame_01.jpg,0,youtube
original_sequences_youtube_c23_662_frame_03.jpg,0,youtube
original_sequences_youtube_c23_723_frame_01.jpg,0,youtube
manipulated_sequences_NeuralTextures_c23_864_839_frame_04.jpg,1,NeuralTextures
manipulated_sequences_NeuralTextures_c23_651_835_frame_03.jpg,1,NeuralTextures
original_sequences_youtube_c23_327_frame_04.jpg,0,youtube
original_sequences_youtube_c23_278_frame_05.jpg,0,youtube
manipulated_sequences_NeuralTextures_c23_925_933_frame_02.jpg,1,NeuralTextures
manipulated_sequences_FaceShifter_c23_140_143_frame_03.jpg,1,FaceShifter
original_sequences_youtube_c23_358_frame_05.jpg,0,youtube
manipulated_sequences_Deepfakes_c23_900_926_frame_05.jpg,1,Deepfakes
manipulated_sequences_FaceSwap_c23_613_685_frame_01.jpg,1,FaceSwap
original_sequences_youtube_c23_053_frame_05.jpg,0,youtube
manipulated_sequences_FaceSwap_c23_467_462_frame_03.jpg,1,FaceSwap
manipulated_sequences_Face2Face_c23_217_117_frame_01.jpg,1,Face2Face
original_sequences_youtube_c23_163_frame_03.jpg,0,youtube
manipulated_sequences_Face2Face_c23_150_153_frame_05.jpg,1,Face2Face
original_sequences_youtube_c23_003_frame_04.jpg,0,youtube
original_sequences_youtube_c23_889_frame_03.jpg,0,youtube
original_sequences_youtube_c23_135_frame_02.jpg,0,youtube
manipulated_sequences_Deepfakes_c23_970_973_frame_03.jpg,1,Deepfakes
manipulated_sequences_Face2Face_c23_683_607_frame_04.jpg,1,Face2Face
original_sequences_youtube_c23_306_frame_05.jpg,0,youtube
original_sequences_youtube_c23_151_frame_04.jpg,0,youtube
manipulated_sequences_NeuralTextures_c23_227_169_frame_05.jpg,1,NeuralTextures
manipulated_sequences_Face2Face_c23_798_778_frame_04.jpg,1,Face2Face
original_sequences_youtube_c23_895_frame_01.jpg,0,youtube
manipulated_sequences_FaceSwap_c23_332_051_frame_05.jpg,1,FaceSwap
manipulated_sequences_Deepfakes_c23_240_290_frame_04.jpg,1,Deepfakes
manipulated_sequences_FaceShifter_c23_792_903_frame_04.jpg,1,FaceShifter
manipulated_sequences_Face2Face_c23_093_121_frame_05.jpg,1,Face2Face
original_sequences_youtube_c23_360_frame_03.jpg,0,youtube
manipulated_sequences_Face2Face_c23_841_639_frame_02.jpg,1,Face2Face
original_sequences_youtube_c23_728_frame_01.jpg,0,youtube
manipulated_sequences_NeuralTextures_c23_281_474_frame_04.jpg,1,NeuralTextures
original_sequences_youtube_c23_757_frame_04.jpg,0,youtube
original_sequences_youtube_c23_386_frame_04.jpg,0,youtube
manipulated_sequences_FaceSwap_c23_113_983_frame_03.jpg,1,FaceSwap
original_sequences_youtube_c23_879_frame_01.jpg,0,youtube
manipulated_sequences_FaceSwap_c23_211_177_frame_01.jpg,1,FaceSwap
manipulated_sequences_NeuralTextures_c23_138_142_frame_01.jpg,1,NeuralTextures
manipulated_sequences_Face2Face_c23_622_647_frame_04.jpg,1,Face2Face
manipulated_sequences_Deepfakes_c23_355_748_frame_02.jpg,1,Deepfakes
original_sequences_youtube_c23_505_frame_04.jpg,0,youtube
manipulated_sequences_Face2Face_c23_726_713_frame_04.jpg,1,Face2Face
original_sequences_youtube_c23_939_frame_02.jpg,0,youtube
original_sequences_youtube_c23_920_frame_03.jpg,0,youtube
manipulated_sequences_Deepfakes_c23_077_100_frame_05.jpg,1,Deepfakes
original_sequences_youtube_c23_302_frame_05.jpg,0,youtube
original_sequences_youtube_c23_129_frame_05.jpg,0,youtube
original_sequences_youtube_c23_008_frame_02.jpg,0,youtube
original_sequences_youtube_c23_282_frame_01.jpg,0,youtube
original_sequences_youtube_c23_476_frame_02.jpg,0,youtube
manipulated_sequences_FaceSwap_c23_689_690_frame_01.jpg,1,FaceSwap
manipulated_sequences_FaceSwap_c23_104_126_frame_05.jpg,1,FaceSwap
manipulated_sequences_Deepfakes_c23_692_610_frame_02.jpg,1,Deepfakes
manipulated_sequences_Deepfakes_c23_784_769_frame_02.jpg,1,Deepfakes
original_sequences_youtube_c23_739_frame_03.jpg,0,youtube
manipulated_sequences_Face2Face_c23_854_747_frame_02.jpg,1,Face2Face
original_sequences_youtube_c23_311_frame_05.jpg,0,youtube
original_sequences_youtube_c23_090_frame_05.jpg,0,youtube
original_sequences_youtube_c23_133_frame_02.jpg,0,youtube
manipulated_sequences_FaceSwap_c23_134_192_frame_02.jpg,1,FaceSwap
manipulated_sequences_NeuralTextures_c23_978_975_frame_02.jpg,1,NeuralTextures
manipulated_sequences_Face2Face_c23_786_819_frame_05.jpg,1,Face2Face
manipulated_sequences_FaceSwap_c23_989_993_frame_02.jpg,1,FaceSwap
original_sequences_youtube_c23_955_frame_01.jpg,0,youtube
original_sequences_youtube_c23_490_frame_02.jpg,0,youtube
manipulated_sequences_FaceShifter_c23_379_158_frame_05.jpg,1,FaceShifter
manipulated_sequences_FaceSwap_c23_606_567_frame_02.jpg,1,FaceSwap
manipulated_sequences_FaceSwap_c23_032_944_frame_05.jpg,1,FaceSwap
original_sequences_youtube_c23_864_frame_01.jpg,0,youtube
manipulated_sequences_Face2Face_c23_602_397_frame_05.jpg,1,Face2Face
original_sequences_youtube_c23_720_frame_02.jpg,0,youtube
manipulated_sequences_Face2Face_c23_480_389_frame_03.jpg,1,Face2Face
manipulated_sequences_NeuralTextures_c23_583_558_frame_03.jpg,1,NeuralTextures
manipulated_sequences_NeuralTextures_c23_772_708_frame_02.jpg,1,NeuralTextures
manipulated_sequences_NeuralTextures_c23_593_577_frame_04.jpg,1,NeuralTextures
manipulated_sequences_Deepfakes_c23_676_776_frame_03.jpg,1,Deepfakes
manipulated_sequences_NeuralTextures_c23_717_684_frame_02.jpg,1,NeuralTextures
manipulated_sequences_NeuralTextures_c23_312_021_frame_01.jpg,1,NeuralTextures
manipulated_sequences_FaceShifter_c23_952_882_frame_05.jpg,1,FaceShifter
original_sequences_youtube_c23_120_frame_04.jpg,0,youtube
manipulated_sequences_NeuralTextures_c23_767_694_frame_02.jpg,1,NeuralTextures
manipulated_sequences_Deepfakes_c23_976_954_frame_04.jpg,1,Deepfakes
original_sequences_youtube_c23_902_frame_02.jpg,0,youtube
original_sequences_youtube_c23_734_frame_01.jpg,0,youtube
original_sequences_youtube_c23_761_frame_02.jpg,0,youtube
original_sequences_youtube_c23_667_frame_02.jpg,0,youtube
manipulated_sequences_FaceSwap_c23_932_384_frame_03.jpg,1,FaceSwap
manipulated_sequences_FaceShifter_c23_790_014_frame_03.jpg,1,FaceShifter
manipulated_sequences_FaceShifter_c23_137_165_frame_02.jpg,1,FaceShifter
original_sequences_youtube_c23_005_frame_04.jpg,0,youtube
manipulated_sequences_FaceShifter_c23_314_347_frame_04.jpg,1,FaceShifter
original_sequences_youtube_c23_006_frame_05.jpg,0,youtube
manipulated_sequences_FaceSwap_c23_957_959_frame_02.jpg,1,FaceSwap
manipulated_sequences_FaceSwap_c23_511_472_frame_05.jpg,1,FaceSwap
manipulated_sequences_FaceSwap_c23_992_980_frame_05.jpg,1,FaceSwap
manipulated_sequences_Face2Face_c23_397_602_frame_02.jpg,1,Face2Face
manipulated_sequences_NeuralTextures_c23_985_981_frame_03.jpg,1,NeuralTextures
manipulated_sequences_NeuralTextures_c23_944_032_frame_02.jpg,1,NeuralTextures
original_sequences_youtube_c23_698_frame_04.jpg,0,youtube
original_sequences_youtube_c23_671_frame_04.jpg,0,youtube
original_sequences_youtube_c23_833_frame_02.jpg,0,youtube
original_sequences_youtube_c23_073_frame_03.jpg,0,youtube
manipulated_sequences_NeuralTextures_c23_102_114_frame_04.jpg,1,NeuralTextures
original_sequences_youtube_c23_304_frame_03.jpg,0,youtube
original_sequences_youtube_c23_966_frame_02.jpg,0,youtube
manipulated_sequences_NeuralTextures_c23_357_432_frame_05.jpg,1,NeuralTextures
original_sequences_youtube_c23_492_frame_05.jpg,0,youtube
original_sequences_youtube_c23_620_frame_01.jpg,0,youtube
manipulated_sequences_Deepfakes_c23_733_935_frame_03.jpg,1,Deepfakes
manipulated_sequences_FaceSwap_c23_168_222_frame_05.jpg,1,FaceSwap
manipulated_sequences_FaceShifter_c23_996_056_frame_05.jpg,1,FaceShifter
manipulated_sequences_Deepfakes_c23_762_832_frame_02.jpg,1,Deepfakes
manipulated_sequences_Face2Face_c23_769_784_frame_05.jpg,1,Face2Face
manipulated_sequences_Deepfakes_c23_280_249_frame_02.jpg,1,Deepfakes
original_sequences_youtube_c23_943_frame_01.jpg,0,youtube
original_sequences_youtube_c23_173_frame_04.jpg,0,youtube
original_sequences_youtube_c23_991_frame_02.jpg,0,youtube
manipulated_sequences_NeuralTextures_c23_573_757_frame_03.jpg,1,NeuralTextures
original_sequences_youtube_c23_392_frame_02.jpg,0,youtube
manipulated_sequences_FaceSwap_c23_772_708_frame_02.jpg,1,FaceSwap
manipulated_sequences_NeuralTextures_c23_291_874_frame_01.jpg,1,NeuralTextures
original_sequences_youtube_c23_499_frame_05.jpg,0,youtube
manipulated_sequences_Deepfakes_c23_653_601_frame_01.jpg,1,Deepfakes
manipulated_sequences_NeuralTextures_c23_295_099_frame_04.jpg,1,NeuralTextures
original_sequences_youtube_c23_895_frame_02.jpg,0,youtube
manipulated_sequences_Face2Face_c23_004_982_frame_03.jpg,1,Face2Face
original_sequences_youtube_c23_537_frame_03.jpg,0,youtube
manipulated_sequences_Deepfakes_c23_333_377_frame_03.jpg,1,Deepfakes
manipulated_sequences_FaceShifter_c23_127_129_frame_05.jpg,1,FaceShifter
manipulated_sequences_Face2Face_c23_471_455_frame_01.jpg,1,Face2Face
manipulated_sequences_Face2Face_c23_340_341_frame_05.jpg,1,Face2Face
original_sequences_youtube_c23_336_frame_05.jpg,0,youtube
manipulated_sequences_NeuralTextures_c23_229_247_frame_01.jpg,1,NeuralTextures
manipulated_sequences_NeuralTextures_c23_085_124_frame_04.jpg,1,NeuralTextures
manipulated_sequences_FaceSwap_c23_238_282_frame_02.jpg,1,FaceSwap
manipulated_sequences_FaceSwap_c23_137_165_frame_01.jpg,1,FaceSwap
original_sequences_youtube_c23_779_frame_03.jpg,0,youtube
manipulated_sequences_Face2Face_c23_813_700_frame_02.jpg,1,Face2Face
original_sequences_youtube_c23_024_frame_05.jpg,0,youtube
original_sequences_youtube_c23_988_frame_03.jpg,0,youtube
original_sequences_youtube_c23_981_frame_05.jpg,0,youtube
manipulated_sequences_FaceSwap_c23_639_841_frame_05.jpg,1,FaceSwap
original_sequences_youtube_c23_051_frame_02.jpg,0,youtube
manipulated_sequences_FaceSwap_c23_740_796_frame_01.jpg,1,FaceSwap
manipulated_sequences_FaceSwap_c23_329_327_frame_05.jpg,1,FaceSwap
original_sequences_youtube_c23_777_frame_05.jpg,0,youtube
manipulated_sequences_FaceShifter_c23_124_085_frame_05.jpg,1,FaceShifter
manipulated_sequences_Deepfakes_c23_929_962_frame_03.jpg,1,Deepfakes
manipulated_sequences_Deepfakes_c23_499_539_frame_04.jpg,1,Deepfakes
manipulated_sequences_Face2Face_c23_993_989_frame_04.jpg,1,Face2Face
manipulated_sequences_NeuralTextures_c23_990_008_frame_01.jpg,1,NeuralTextures
original_sequences_youtube_c23_300_frame_01.jpg,0,youtube
manipulated_sequences_Deepfakes_c23_057_070_frame_05.jpg,1,Deepfakes
manipulated_sequences_FaceSwap_c23_090_086_frame_05.jpg,1,FaceSwap
manipulated_sequences_NeuralTextures_c23_458_722_frame_04.jpg,1,NeuralTextures
original_sequences_youtube_c23_735_frame_03.jpg,0,youtube
original_sequences_youtube_c23_983_frame_01.jpg,0,youtube
original_sequences_youtube_c23_215_frame_04.jpg,0,youtube
original_sequences_youtube_c23_460_frame_01.jpg,0,youtube
original_sequences_youtube_c23_602_frame_05.jpg,0,youtube
original_sequences_youtube_c23_805_frame_01.jpg,0,youtube
manipulated_sequences_NeuralTextures_c23_940_941_frame_02.jpg,1,NeuralTextures
manipulated_sequences_Deepfakes_c23_565_589_frame_02.jpg,1,Deepfakes
original_sequences_youtube_c23_308_frame_03.jpg,0,youtube
original_sequences_youtube_c23_165_frame_02.jpg,0,youtube
original_sequences_youtube_c23_103_frame_01.jpg,0,youtube
manipulated_sequences_FaceSwap_c23_625_650_frame_01.jpg,1,FaceSwap
manipulated_sequences_FaceShifter_c23_318_334_frame_01.jpg,1,FaceShifter
original_sequences_youtube_c23_048_frame_04.jpg,0,youtube
original_sequences_youtube_c23_482_frame_05.jpg,0,youtube
original_sequences_youtube_c23_101_frame_03.jpg,0,youtube
original_sequences_youtube_c23_782_frame_02.jpg,0,youtube
original_sequences_youtube_c23_957_frame_02.jpg,0,youtube
original_sequences_youtube_c23_545_frame_02.jpg,0,youtube
manipulated_sequences_Face2Face_c23_519_515_frame_02.jpg,1,Face2Face
manipulated_sequences_Deepfakes_c23_115_939_frame_02.jpg,1,Deepfakes
original_sequences_youtube_c23_781_frame_01.jpg,0,youtube
original_sequences_youtube_c23_068_frame_03.jpg,0,youtube
original_sequences_youtube_c23_322_frame_05.jpg,0,youtube
original_sequences_youtube_c23_596_frame_01.jpg,0,youtube
original_sequences_youtube_c23_522_frame_04.jpg,0,youtube
manipulated_sequences_Deepfakes_c23_293_296_frame_04.jpg,1,Deepfakes
original_sequences_youtube_c23_753_frame_01.jpg,0,youtube
original_sequences_youtube_c23_883_frame_05.jpg,0,youtube
manipulated_sequences_FaceShifter_c23_288_321_frame_05.jpg,1,FaceShifter
manipulated_sequences_Deepfakes_c23_973_970_frame_01.jpg,1,Deepfakes
original_sequences_youtube_c23_620_frame_03.jpg,0,youtube
manipulated_sequences_FaceSwap_c23_471_455_frame_01.jpg,1,FaceSwap
original_sequences_youtube_c23_017_frame_04.jpg,0,youtube
original_sequences_youtube_c23_600_frame_01.jpg,0,youtube
original_sequences_youtube_c23_092_frame_03.jpg,0,youtube
manipulated_sequences_Face2Face_c23_749_659_frame_02.jpg,1,Face2Face
original_sequences_youtube_c23_922_frame_01.jpg,0,youtube
original_sequences_youtube_c23_583_frame_01.jpg,0,youtube
original_sequences_youtube_c23_219_frame_05.jpg,0,youtube
manipulated_sequences_NeuralTextures_c23_078_955_frame_05.jpg,1,NeuralTextures
manipulated_sequences_NeuralTextures_c23_432_357_frame_04.jpg,1,NeuralTextures
manipulated_sequences_FaceShifter_c23_494_445_frame_01.jpg,1,FaceShifter
manipulated_sequences_FaceShifter_c23_914_899_frame_05.jpg,1,FaceShifter
manipulated_sequences_NeuralTextures_c23_894_848_frame_05.jpg,1,NeuralTextures
manipulated_sequences_Face2Face_c23_467_462_frame_03.jpg,1,Face2Face
original_sequences_youtube_c23_154_frame_03.jpg,0,youtube
original_sequences_youtube_c23_209_frame_04.jpg,0,youtube
original_sequences_youtube_c23_450_frame_01.jpg,0,youtube
original_sequences_youtube_c23_046_frame_03.jpg,0,youtube
manipulated_sequences_NeuralTextures_c23_626_562_frame_03.jpg,1,NeuralTextures
manipulated_sequences_FaceShifter_c23_806_781_frame_01.jpg,1,FaceShifter
manipulated_sequences_FaceShifter_c23_927_912_frame_01.jpg,1,FaceShifter
original_sequences_youtube_c23_355_frame_05.jpg,0,youtube
manipulated_sequences_FaceShifter_c23_816_649_frame_05.jpg,1,FaceShifter
original_sequences_youtube_c23_366_frame_04.jpg,0,youtube
original_sequences_youtube_c23_137_frame_03.jpg,0,youtube
original_sequences_youtube_c23_866_frame_03.jpg,0,youtube
manipulated_sequences_Deepfakes_c23_727_729_frame_04.jpg,1,Deepfakes
original_sequences_youtube_c23_116_frame_03.jpg,0,youtube
original_sequences_youtube_c23_220_frame_01.jpg,0,youtube
original_sequences_youtube_c23_471_frame_05.jpg,0,youtube
original_sequences_youtube_c23_059_frame_02.jpg,0,youtube
original_sequences_youtube_c23_241_frame_01.jpg,0,youtube
manipulated_sequences_NeuralTextures_c23_168_222_frame_05.jpg,1,NeuralTextures
manipulated_sequences_Deepfakes_c23_651_835_frame_03.jpg,1,Deepfakes
manipulated_sequences_Face2Face_c23_041_063_frame_05.jpg,1,Face2Face
original_sequences_youtube_c23_619_frame_03.jpg,0,youtube
manipulated_sequences_FaceSwap_c23_685_613_frame_05.jpg,1,FaceSwap
manipulated_sequences_Face2Face_c23_328_320_frame_03.jpg,1,Face2Face
original_sequences_youtube_c23_626_frame_03.jpg,0,youtube
original_sequences_youtube_c23_385_frame_04.jpg,0,youtube
manipulated_sequences_Face2Face_c23_097_033_frame_04.jpg,1,Face2Face
original_sequences_youtube_c23_992_frame_05.jpg,0,youtube
original_sequences_youtube_c23_210_frame_01.jpg,0,youtube
manipulated_sequences_Deepfakes_c23_963_879_frame_01.jpg,1,Deepfakes
original_sequences_youtube_c23_455_frame_02.jpg,0,youtube
manipulated_sequences_Face2Face_c23_180_105_frame_02.jpg,1,Face2Face
original_sequences_youtube_c23_800_frame_04.jpg,0,youtube
manipulated_sequences_NeuralTextures_c23_758_754_frame_02.jpg,1,NeuralTextures
manipulated_sequences_Deepfakes_c23_807_273_frame_05.jpg,1,Deepfakes
original_sequences_youtube_c23_214_frame_02.jpg,0,youtube
manipulated_sequences_Face2Face_c23_752_751_frame_04.jpg,1,Face2Face
manipulated_sequences_Face2Face_c23_921_569_frame_02.jpg,1,Face2Face
manipulated_sequences_FaceSwap_c23_249_280_frame_01.jpg,1,FaceSwap
original_sequences_youtube_c23_863_frame_02.jpg,0,youtube
original_sequences_youtube_c23_026_frame_02.jpg,0,youtube
manipulated_sequences_NeuralTextures_c23_726_713_frame_04.jpg,1,NeuralTextures
manipulated_sequences_Deepfakes_c23_153_150_frame_01.jpg,1,Deepfakes
original_sequences_youtube_c23_676_frame_05.jpg,0,youtube
manipulated_sequences_Deepfakes_c23_808_829_frame_02.jpg,1,Deepfakes
original_sequences_youtube_c23_279_frame_04.jpg,0,youtube
manipulated_sequences_Deepfakes_c23_873_872_frame_01.jpg,1,Deepfakes
manipulated_sequences_FaceShifter_c23_873_872_frame_04.jpg,1,FaceShifter
manipulated_sequences_Face2Face_c23_424_408_frame_05.jpg,1,Face2Face
manipulated_sequences_NeuralTextures_c23_287_426_frame_05.jpg,1,NeuralTextures
original_sequences_youtube_c23_188_frame_05.jpg,0,youtube
manipulated_sequences_FaceSwap_c23_266_252_frame_02.jpg,1,FaceSwap
original_sequences_youtube_c23_487_frame_02.jpg,0,youtube
original_sequences_youtube_c23_932_frame_02.jpg,0,youtube
original_sequences_youtube_c23_441_frame_03.jpg,0,youtube
manipulated_sequences_FaceSwap_c23_784_769_frame_03.jpg,1,FaceSwap
manipulated_sequences_Face2Face_c23_487_477_frame_02.jpg,1,Face2Face
original_sequences_youtube_c23_790_frame_02.jpg,0,youtube
manipulated_sequences_Deepfakes_c23_006_002_frame_01.jpg,1,Deepfakes
manipulated_sequences_Deepfakes_c23_695_422_frame_04.jpg,1,Deepfakes
manipulated_sequences_FaceShifter_c23_354_362_frame_05.jpg,1,FaceShifter
manipulated_sequences_FaceShifter_c23_897_969_frame_01.jpg,1,FaceShifter
original_sequences_youtube_c23_585_frame_02.jpg,0,youtube
manipulated_sequences_FaceShifter_c23_894_848_frame_02.jpg,1,FaceShifter
original_sequences_youtube_c23_226_frame_01.jpg,0,youtube
manipulated_sequences_FaceSwap_c23_194_235_frame_02.jpg,1,FaceSwap
manipulated_sequences_NeuralTextures_c23_712_716_frame_01.jpg,1,NeuralTextures
original_sequences_youtube_c23_267_frame_03.jpg,0,youtube
manipulated_sequences_Face2Face_c23_355_748_frame_05.jpg,1,Face2Face
original_sequences_youtube_c23_650_frame_04.jpg,0,youtube
manipulated_sequences_Deepfakes_c23_498_433_frame_03.jpg,1,Deepfakes
manipulated_sequences_Face2Face_c23_207_908_frame_05.jpg,1,Face2Face
manipulated_sequences_Face2Face_c23_135_880_frame_05.jpg,1,Face2Face
original_sequences_youtube_c23_013_frame_05.jpg,0,youtube
manipulated_sequences_Face2Face_c23_035_036_frame_03.jpg,1,Face2Face
manipulated_sequences_FaceSwap_c23_117_217_frame_01.jpg,1,FaceSwap
manipulated_sequences_NeuralTextures_c23_756_503_frame_02.jpg,1,NeuralTextures
manipulated_sequences_Face2Face_c23_118_120_frame_01.jpg,1,Face2Face
original_sequences_youtube_c23_942_frame_01.jpg,0,youtube
manipulated_sequences_Deepfakes_c23_347_314_frame_01.jpg,1,Deepfakes
manipulated_sequences_Deepfakes_c23_452_550_frame_03.jpg,1,Deepfakes
manipulated_sequences_FaceSwap_c23_832_762_frame_05.jpg,1,FaceSwap
original_sequences_youtube_c23_649_frame_05.jpg,0,youtube
original_sequences_youtube_c23_999_frame_05.jpg,0,youtube
manipulated_sequences_Deepfakes_c23_817_827_frame_03.jpg,1,Deepfakes
original_sequences_youtube_c23_171_frame_01.jpg,0,youtube
manipulated_sequences_Deepfakes_c23_234_187_frame_02.jpg,1,Deepfakes
manipulated_sequences_FaceSwap_c23_783_916_frame_05.jpg,1,FaceSwap
manipulated_sequences_NeuralTextures_c23_392_339_frame_05.jpg,1,NeuralTextures
manipulated_sequences_FaceSwap_c23_282_238_frame_03.jpg,1,FaceSwap
manipulated_sequences_Face2Face_c23_639_841_frame_05.jpg,1,Face2Face
original_sequences_youtube_c23_579_frame_03.jpg,0,youtube
original_sequences_youtube_c23_528_frame_02.jpg,0,youtube
manipulated_sequences_Face2Face_c23_917_924_frame_04.jpg,1,Face2Face
manipulated_sequences_Face2Face_c23_124_085_frame_05.jpg,1,Face2Face
manipulated_sequences_FaceShifter_c23_760_611_frame_04.jpg,1,FaceShifter
manipulated_sequences_Face2Face_c23_565_589_frame_02.jpg,1,Face2Face
original_sequences_youtube_c23_370_frame_01.jpg,0,youtube
manipulated_sequences_FaceShifter_c23_263_284_frame_04.jpg,1,FaceShifter
original_sequences_youtube_c23_611_frame_05.jpg,0,youtube
original_sequences_youtube_c23_980_frame_05.jpg,0,youtube
original_sequences_youtube_c23_205_frame_05.jpg,0,youtube
original_sequences_youtube_c23_680_frame_05.jpg,0,youtube
manipulated_sequences_NeuralTextures_c23_714_842_frame_04.jpg,1,NeuralTextures
original_sequences_youtube_c23_108_frame_05.jpg,0,youtube
manipulated_sequences_FaceShifter_c23_768_793_frame_03.jpg,1,FaceShifter
manipulated_sequences_Deepfakes_c23_542_520_frame_04.jpg,1,Deepfakes
manipulated_sequences_Deepfakes_c23_648_654_frame_03.jpg,1,Deepfakes
original_sequences_youtube_c23_306_frame_04.jpg,0,youtube
manipulated_sequences_FaceShifter_c23_417_496_frame_04.jpg,1,FaceShifter
original_sequences_youtube_c23_760_frame_01.jpg,0,youtube
original_sequences_youtube_c23_592_frame_05.jpg,0,youtube
manipulated_sequences_FaceSwap_c23_729_727_frame_02.jpg,1,FaceSwap
original_sequences_youtube_c23_469_frame_04.jpg,0,youtube
original_sequences_youtube_c23_359_frame_05.jpg,0,youtube
manipulated_sequences_FaceShifter_c23_018_019_frame_02.jpg,1,FaceShifter
manipulated_sequences_FaceSwap_c23_813_700_frame_02.jpg,1,FaceSwap
original_sequences_youtube_c23_928_frame_04.jpg,0,youtube
original_sequences_youtube_c23_430_frame_01.jpg,0,youtube
manipulated_sequences_NeuralTextures_c23_039_058_frame_02.jpg,1,NeuralTextures
manipulated_sequences_Face2Face_c23_537_563_frame_01.jpg,1,Face2Face
manipulated_sequences_FaceShifter_c23_907_795_frame_02.jpg,1,FaceShifter
original_sequences_youtube_c23_719_frame_05.jpg,0,youtube
original_sequences_youtube_c23_356_frame_02.jpg,0,youtube
original_sequences_youtube_c23_666_frame_02.jpg,0,youtube
original_sequences_youtube_c23_872_frame_05.jpg,0,youtube
manipulated_sequences_FaceSwap_c23_961_069_frame_03.jpg,1,FaceSwap
original_sequences_youtube_c23_398_frame_04.jpg,0,youtube
original_sequences_youtube_c23_915_frame_02.jpg,0,youtube
manipulated_sequences_Face2Face_c23_777_745_frame_03.jpg,1,Face2Face
original_sequences_youtube_c23_041_frame_05.jpg,0,youtube
original_sequences_youtube_c23_274_frame_01.jpg,0,youtube
manipulated_sequences_FaceShifter_c23_280_249_frame_04.jpg,1,FaceShifter
manipulated_sequences_Face2Face_c23_295_099_frame_04.jpg,1,Face2Face
original_sequences_youtube_c23_937_frame_03.jpg,0,youtube
original_sequences_youtube_c23_070_frame_02.jpg,0,youtube
original_sequences_youtube_c23_082_frame_04.jpg,0,youtube
manipulated_sequences_FaceShifter_c23_912_927_frame_05.jpg,1,FaceShifter
original_sequences_youtube_c23_490_frame_05.jpg,0,youtube
manipulated_sequences_FaceShifter_c23_356_324_frame_05.jpg,1,FaceShifter
manipulated_sequences_Deepfakes_c23_896_128_frame_04.jpg,1,Deepfakes
manipulated_sequences_Deepfakes_c23_731_741_frame_01.jpg,1,Deepfakes
manipulated_sequences_FaceShifter_c23_155_576_frame_02.jpg,1,FaceShifter
original_sequences_youtube_c23_938_frame_05.jpg,0,youtube
manipulated_sequences_FaceShifter_c23_355_748_frame_02.jpg,1,FaceShifter
original_sequences_youtube_c23_897_frame_05.jpg,0,youtube
original_sequences_youtube_c23_701_frame_04.jpg,0,youtube
original_sequences_youtube_c23_670_frame_04.jpg,0,youtube
manipulated_sequences_Face2Face_c23_867_765_frame_01.jpg,1,Face2Face
original_sequences_youtube_c23_478_frame_04.jpg,0,youtube
manipulated_sequences_Face2Face_c23_036_035_frame_03.jpg,1,Face2Face
manipulated_sequences_FaceShifter_c23_990_008_frame_01.jpg,1,FaceShifter
manipulated_sequences_FaceSwap_c23_546_621_frame_04.jpg,1,FaceSwap
manipulated_sequences_Face2Face_c23_524_580_frame_04.jpg,1,Face2Face
manipulated_sequences_FaceShifter_c23_896_128_frame_02.jpg,1,FaceShifter
original_sequences_youtube_c23_346_frame_01.jpg,0,youtube
original_sequences_youtube_c23_057_frame_01.jpg,0,youtube
original_sequences_youtube_c23_555_frame_03.jpg,0,youtube
original_sequences_youtube_c23_909_frame_03.jpg,0,youtube
original_sequences_youtube_c23_450_frame_03.jpg,0,youtube
manipulated_sequences_Face2Face_c23_212_179_frame_02.jpg,1,Face2Face
original_sequences_youtube_c23_647_frame_03.jpg,0,youtube
original_sequences_youtube_c23_117_frame_05.jpg,0,youtube
manipulated_sequences_FaceShifter_c23_190_176_frame_02.jpg,1,FaceShifter
manipulated_sequences_FaceShifter_c23_495_512_frame_01.jpg,1,FaceShifter
original_sequences_youtube_c23_341_frame_01.jpg,0,youtube
original_sequences_youtube_c23_032_frame_03.jpg,0,youtube
original_sequences_youtube_c23_220_frame_05.jpg,0,youtube
original_sequences_youtube_c23_931_frame_03.jpg,0,youtube
original_sequences_youtube_c23_845_frame_03.jpg,0,youtube
manipulated_sequences_FaceSwap_c23_417_496_frame_04.jpg,1,FaceSwap
manipulated_sequences_FaceShifter_c23_810_838_frame_02.jpg,1,FaceShifter
manipulated_sequences_NeuralTextures_c23_717_684_frame_01.jpg,1,NeuralTextures
manipulated_sequences_FaceShifter_c23_957_959_frame_02.jpg,1,FaceShifter
original_sequences_youtube_c23_045_frame_01.jpg,0,youtube
original_sequences_youtube_c23_411_frame_03.jpg,0,youtube
original_sequences_youtube_c23_548_frame_02.jpg,0,youtube
manipulated_sequences_FaceSwap_c23_089_065_frame_05.jpg,1,FaceSwap
manipulated_sequences_Face2Face_c23_124_085_frame_01.jpg,1,Face2Face
manipulated_sequences_FaceSwap_c23_816_649_frame_05.jpg,1,FaceSwap
manipulated_sequences_Face2Face_c23_842_714_frame_04.jpg,1,Face2Face
manipulated_sequences_Deepfakes_c23_325_492_frame_04.jpg,1,Deepfakes
manipulated_sequences_FaceShifter_c23_829_808_frame_02.jpg,1,FaceShifter
original_sequences_youtube_c23_215_frame_05.jpg,0,youtube
manipulated_sequences_Face2Face_c23_313_283_frame_01.jpg,1,Face2Face
original_sequences_youtube_c23_908_frame_01.jpg,0,youtube
original_sequences_youtube_c23_593_frame_04.jpg,0,youtube
manipulated_sequences_Face2Face_c23_971_564_frame_02.jpg,1,Face2Face
manipulated_sequences_Face2Face_c23_366_473_frame_04.jpg,1,Face2Face
manipulated_sequences_Face2Face_c23_980_992_frame_03.jpg,1,Face2Face
manipulated_sequences_NeuralTextures_c23_026_012_frame_05.jpg,1,NeuralTextures
original_sequences_youtube_c23_606_frame_01.jpg,0,youtube
manipulated_sequences_FaceShifter_c23_230_204_frame_05.jpg,1,FaceShifter
original_sequences_youtube_c23_625_frame_03.jpg,0,youtube
manipulated_sequences_Face2Face_c23_949_868_frame_03.jpg,1,Face2Face
original_sequences_youtube_c23_341_frame_04.jpg,0,youtube
original_sequences_youtube_c23_314_frame_05.jpg,0,youtube
original_sequences_youtube_c23_230_frame_05.jpg,0,youtube
original_sequences_youtube_c23_111_frame_05.jpg,0,youtube
manipulated_sequences_Face2Face_c23_760_611_frame_04.jpg,1,Face2Face
manipulated_sequences_Deepfakes_c23_186_170_frame_04.jpg,1,Deepfakes
manipulated_sequences_FaceSwap_c23_170_186_frame_05.jpg,1,FaceSwap
manipulated_sequences_NeuralTextures_c23_541_523_frame_02.jpg,1,NeuralTextures
manipulated_sequences_Face2Face_c23_549_531_frame_04.jpg,1,Face2Face
manipulated_sequences_Face2Face_c23_527_454_frame_05.jpg,1,Face2Face
manipulated_sequences_Deepfakes_c23_058_039_frame_01.jpg,1,Deepfakes
manipulated_sequences_FaceSwap_c23_646_643_frame_05.jpg,1,FaceSwap
manipulated_sequences_Face2Face_c23_437_360_frame_05.jpg,1,Face2Face
manipulated_sequences_Deepfakes_c23_964_174_frame_04.jpg,1,Deepfakes
manipulated_sequences_Face2Face_c23_014_790_frame_01.jpg,1,Face2Face
manipulated_sequences_NeuralTextures_c23_550_452_frame_01.jpg,1,NeuralTextures
manipulated_sequences_Deepfakes_c23_550_452_frame_02.jpg,1,Deepfakes
original_sequences_youtube_c23_575_frame_02.jpg,0,youtube
original_sequences_youtube_c23_372_frame_05.jpg,0,youtube
original_sequences_youtube_c23_464_frame_05.jpg,0,youtube
original_sequences_youtube_c23_600_frame_05.jpg,0,youtube
manipulated_sequences_FaceShifter_c23_291_874_frame_04.jpg,1,FaceShifter
manipulated_sequences_FaceSwap_c23_379_158_frame_05.jpg,1,FaceSwap
manipulated_sequences_FaceShifter_c23_593_577_frame_02.jpg,1,FaceShifter
original_sequences_youtube_c23_604_frame_02.jpg,0,youtube
manipulated_sequences_Deepfakes_c23_351_346_frame_04.jpg,1,Deepfakes
manipulated_sequences_NeuralTextures_c23_141_161_frame_01.jpg,1,NeuralTextures
original_sequences_youtube_c23_735_frame_05.jpg,0,youtube
manipulated_sequences_Face2Face_c23_501_326_frame_01.jpg,1,Face2Face
original_sequences_youtube_c23_329_frame_02.jpg,0,youtube
manipulated_sequences_FaceShifter_c23_898_922_frame_03.jpg,1,FaceShifter
manipulated_sequences_NeuralTextures_c23_179_212_frame_05.jpg,1,NeuralTextures
original_sequences_youtube_c23_103_frame_04.jpg,0,youtube
original_sequences_youtube_c23_776_frame_03.jpg,0,youtube
original_sequences_youtube_c23_093_frame_04.jpg,0,youtube
manipulated_sequences_Face2Face_c23_968_884_frame_02.jpg,1,Face2Face
original_sequences_youtube_c23_064_frame_01.jpg,0,youtube
manipulated_sequences_NeuralTextures_c23_685_613_frame_02.jpg,1,NeuralTextures
original_sequences_youtube_c23_621_frame_02.jpg,0,youtube
manipulated_sequences_FaceSwap_c23_550_452_frame_02.jpg,1,FaceSwap
original_sequences_youtube_c23_895_frame_04.jpg,0,youtube
original_sequences_youtube_c23_908_frame_03.jpg,0,youtube
original_sequences_youtube_c23_467_frame_04.jpg,0,youtube
manipulated_sequences_Deepfakes_c23_749_659_frame_02.jpg,1,Deepfakes
original_sequences_youtube_c23_416_frame_03.jpg,0,youtube
manipulated_sequences_NeuralTextures_c23_896_128_frame_02.jpg,1,NeuralTextures
manipulated_sequences_Deepfakes_c23_313_283_frame_01.jpg,1,Deepfakes
manipulated_sequences_FaceSwap_c23_908_207_frame_05.jpg,1,FaceSwap
original_sequences_youtube_c23_091_frame_01.jpg,0,youtube
manipulated_sequences_FaceShifter_c23_292_294_frame_04.jpg,1,FaceShifter
manipulated_sequences_FaceShifter_c23_732_691_frame_04.jpg,1,FaceShifter
manipulated_sequences_Deepfakes_c23_092_098_frame_05.jpg,1,Deepfakes
original_sequences_youtube_c23_222_frame_02.jpg,0,youtube
original_sequences_youtube_c23_937_frame_02.jpg,0,youtube
manipulated_sequences_Deepfakes_c23_828_830_frame_03.jpg,1,Deepfakes
original_sequences_youtube_c23_304_frame_05.jpg,0,youtube
manipulated_sequences_FaceShifter_c23_061_080_frame_02.jpg,1,FaceShifter
original_sequences_youtube_c23_552_frame_04.jpg,0,youtube
manipulated_sequences_FaceSwap_c23_359_317_frame_05.jpg,1,FaceSwap
original_sequences_youtube_c23_405_frame_01.jpg,0,youtube
manipulated_sequences_FaceSwap_c23_697_581_frame_04.jpg,1,FaceSwap
original_sequences_youtube_c23_019_frame_02.jpg,0,youtube
original_sequences_youtube_c23_915_frame_01.jpg,0,youtube
manipulated_sequences_FaceShifter_c23_501_326_frame_03.jpg,1,FaceShifter
manipulated_sequences_FaceSwap_c23_872_873_frame_02.jpg,1,FaceSwap
original_sequences_youtube_c23_251_frame_01.jpg,0,youtube
manipulated_sequences_FaceSwap_c23_521_517_frame_05.jpg,1,FaceSwap
manipulated_sequences_Face2Face_c23_543_559_frame_02.jpg,1,Face2Face
original_sequences_youtube_c23_571_frame_03.jpg,0,youtube
original_sequences_youtube_c23_620_frame_04.jpg,0,youtube
manipulated_sequences_Face2Face_c23_074_825_frame_05.jpg,1,Face2Face
manipulated_sequences_FaceShifter_c23_455_471_frame_04.jpg,1,FaceShifter
original_sequences_youtube_c23_114_frame_05.jpg,0,youtube
original_sequences_youtube_c23_392_frame_01.jpg,0,youtube
manipulated_sequences_Face2Face_c23_758_754_frame_02.jpg,1,Face2Face
manipulated_sequences_NeuralTextures_c23_508_831_frame_01.jpg,1,NeuralTextures
original_sequences_youtube_c23_568_frame_04.jpg,0,youtube
original_sequences_youtube_c23_699_frame_01.jpg,0,youtube
manipulated_sequences_Face2Face_c23_503_756_frame_04.jpg,1,Face2Face
original_sequences_youtube_c23_108_frame_03.jpg,0,youtube
original_sequences_youtube_c23_718_frame_02.jpg,0,youtube
manipulated_sequences_FaceShifter_c23_456_435_frame_05.jpg,1,FaceShifter
original_sequences_youtube_c23_540_frame_02.jpg,0,youtube
original_sequences_youtube_c23_405_frame_02.jpg,0,youtube
original_sequences_youtube_c23_246_frame_01.jpg,0,youtube
manipulated_sequences_Face2Face_c23_142_138_frame_03.jpg,1,Face2Face
manipulated_sequences_FaceSwap_c23_510_528_frame_04.jpg,1,FaceSwap
manipulated_sequences_Deepfakes_c23_453_402_frame_05.jpg,1,Deepfakes
manipulated_sequences_Deepfakes_c23_685_613_frame_02.jpg,1,Deepfakes
original_sequences_youtube_c23_714_frame_02.jpg,0,youtube
manipulated_sequences_FaceShifter_c23_418_507_frame_01.jpg,1,FaceShifter
original_sequences_youtube_c23_014_frame_04.jpg,0,youtube
manipulated_sequences_Deepfakes_c23_212_179_frame_04.jpg,1,Deepfakes
manipulated_sequences_FaceShifter_c23_432_357_frame_04.jpg,1,FaceShifter
manipulated_sequences_Face2Face_c23_261_254_frame_04.jpg,1,Face2Face
original_sequences_youtube_c23_865_frame_05.jpg,0,youtube
original_sequences_youtube_c23_509_frame_02.jpg,0,youtube
manipulated_sequences_Deepfakes_c23_957_959_frame_02.jpg,1,Deepfakes
manipulated_sequences_FaceSwap_c23_950_836_frame_04.jpg,1,FaceSwap
original_sequences_youtube_c23_177_frame_05.jpg,0,youtube
original_sequences_youtube_c23_914_frame_03.jpg,0,youtube
original_sequences_youtube_c23_502_frame_05.jpg,0,youtube
manipulated_sequences_FaceShifter_c23_955_078_frame_01.jpg,1,FaceShifter
manipulated_sequences_Face2Face_c23_336_338_frame_04.jpg,1,Face2Face
original_sequences_youtube_c23_368_frame_05.jpg,0,youtube
original_sequences_youtube_c23_765_frame_02.jpg,0,youtube
manipulated_sequences_NeuralTextures_c23_461_250_frame_05.jpg,1,NeuralTextures
manipulated_sequences_Deepfakes_c23_326_501_frame_05.jpg,1,Deepfakes
manipulated_sequences_Deepfakes_c23_039_058_frame_05.jpg,1,Deepfakes
original_sequences_youtube_c23_983_frame_03.jpg,0,youtube
manipulated_sequences_FaceShifter_c23_272_396_frame_01.jpg,1,FaceShifter
original_sequences_youtube_c23_847_frame_05.jpg,0,youtube
manipulated_sequences_FaceShifter_c23_525_509_frame_03.jpg,1,FaceShifter
manipulated_sequences_Face2Face_c23_931_936_frame_02.jpg,1,Face2Face
original_sequences_youtube_c23_669_frame_02.jpg,0,youtube
original_sequences_youtube_c23_833_frame_03.jpg,0,youtube
original_sequences_youtube_c23_025_frame_04.jpg,0,youtube
manipulated_sequences_FaceSwap_c23_834_852_frame_05.jpg,1,FaceSwap
original_sequences_youtube_c23_933_frame_03.jpg,0,youtube
original_sequences_youtube_c23_697_frame_03.jpg,0,youtube
original_sequences_youtube_c23_325_frame_05.jpg,0,youtube
manipulated_sequences_Face2Face_c23_452_550_frame_04.jpg,1,Face2Face
manipulated_sequences_Deepfakes_c23_487_477_frame_01.jpg,1,Deepfakes
manipulated_sequences_NeuralTextures_c23_791_770_frame_04.jpg,1,NeuralTextures
original_sequences_youtube_c23_655_frame_04.jpg,0,youtube
manipulated_sequences_Face2Face_c23_431_447_frame_01.jpg,1,Face2Face
manipulated_sequences_FaceSwap_c23_307_365_frame_04.jpg,1,FaceSwap
original_sequences_youtube_c23_515_frame_02.jpg,0,youtube
manipulated_sequences_Face2Face_c23_495_512_frame_01.jpg,1,Face2Face
manipulated_sequences_FaceShifter_c23_762_832_frame_02.jpg,1,FaceShifter
original_sequences_youtube_c23_421_frame_01.jpg,0,youtube
original_sequences_youtube_c23_978_frame_05.jpg,0,youtube
manipulated_sequences_FaceShifter_c23_986_994_frame_04.jpg,1,FaceShifter
original_sequences_youtube_c23_537_frame_02.jpg,0,youtube
original_sequences_youtube_c23_424_frame_04.jpg,0,youtube
manipulated_sequences_FaceShifter_c23_117_217_frame_01.jpg,1,FaceShifter
manipulated_sequences_FaceSwap_c23_180_105_frame_02.jpg,1,FaceSwap
original_sequences_youtube_c23_057_frame_02.jpg,0,youtube
manipulated_sequences_FaceShifter_c23_103_082_frame_02.jpg,1,FaceShifter
manipulated_sequences_Deepfakes_c23_764_850_frame_03.jpg,1,Deepfakes
manipulated_sequences_FaceShifter_c23_424_408_frame_05.jpg,1,FaceShifter
original_sequences_youtube_c23_673_frame_01.jpg,0,youtube
manipulated_sequences_FaceSwap_c23_639_841_frame_01.jpg,1,FaceSwap
original_sequences_youtube_c23_051_frame_03.jpg,0,youtube
manipulated_sequences_FaceShifter_c23_489_022_frame_02.jpg,1,FaceShifter
manipulated_sequences_Face2Face_c23_087_081_frame_04.jpg,1,Face2Face
original_sequences_youtube_c23_151_frame_05.jpg,0,youtube
original_sequences_youtube_c23_856_frame_01.jpg,0,youtube
manipulated_sequences_FaceShifter_c23_705_707_frame_02.jpg,1,FaceShifter
manipulated_sequences_NeuralTextures_c23_980_992_frame_03.jpg,1,NeuralTextures
manipulated_sequences_Deepfakes_c23_248_232_frame_03.jpg,1,Deepfakes
original_sequences_youtube_c23_966_frame_01.jpg,0,youtube
manipulated_sequences_Face2Face_c23_645_688_frame_04.jpg,1,Face2Face
original_sequences_youtube_c23_954_frame_01.jpg,0,youtube
original_sequences_youtube_c23_662_frame_01.jpg,0,youtube
original_sequences_youtube_c23_159_frame_03.jpg,0,youtube
original_sequences_youtube_c23_655_frame_02.jpg,0,youtube
manipulated_sequences_NeuralTextures_c23_168_222_frame_03.jpg,1,NeuralTextures
manipulated_sequences_Deepfakes_c23_306_278_frame_04.jpg,1,Deepfakes
original_sequences_youtube_c23_940_frame_04.jpg,0,youtube
original_sequences_youtube_c23_491_frame_04.jpg,0,youtube
manipulated_sequences_NeuralTextures_c23_432_357_frame_01.jpg,1,NeuralTextures
original_sequences_youtube_c23_608_frame_01.jpg,0,youtube
manipulated_sequences_NeuralTextures_c23_008_990_frame_01.jpg,1,NeuralTextures
manipulated_sequences_Face2Face_c23_643_646_frame_04.jpg,1,Face2Face
manipulated_sequences_Deepfakes_c23_263_284_frame_04.jpg,1,Deepfakes
original_sequences_youtube_c23_362_frame_01.jpg,0,youtube
original_sequences_youtube_c23_411_frame_04.jpg,0,youtube
manipulated_sequences_FaceSwap_c23_035_036_frame_05.jpg,1,FaceSwap
manipulated_sequences_FaceSwap_c23_881_856_frame_03.jpg,1,FaceSwap
manipulated_sequences_Deepfakes_c23_989_993_frame_02.jpg,1,Deepfakes
manipulated_sequences_FaceSwap_c23_527_454_frame_02.jpg,1,FaceSwap
manipulated_sequences_FaceShifter_c23_071_054_frame_04.jpg,1,FaceShifter
original_sequences_youtube_c23_054_frame_05.jpg,0,youtube
original_sequences_youtube_c23_409_frame_01.jpg,0,youtube
manipulated_sequences_Face2Face_c23_669_682_frame_04.jpg,1,Face2Face
manipulated_sequences_FaceShifter_c23_546_621_frame_04.jpg,1,FaceShifter
original_sequences_youtube_c23_274_frame_03.jpg,0,youtube
original_sequences_youtube_c23_890_frame_03.jpg,0,youtube
manipulated_sequences_Face2Face_c23_645_688_frame_01.jpg,1,Face2Face
original_sequences_youtube_c23_091_frame_03.jpg,0,youtube
manipulated_sequences_Deepfakes_c23_332_051_frame_05.jpg,1,Deepfakes
manipulated_sequences_Face2Face_c23_160_928_frame_01.jpg,1,Face2Face
original_sequences_youtube_c23_297_frame_02.jpg,0,youtube
original_sequences_youtube_c23_004_frame_01.jpg,0,youtube
original_sequences_youtube_c23_625_frame_01.jpg,0,youtube
manipulated_sequences_FaceShifter_c23_545_553_frame_04.jpg,1,FaceShifter
manipulated_sequences_Deepfakes_c23_643_646_frame_02.jpg,1,Deepfakes
original_sequences_youtube_c23_155_frame_01.jpg,0,youtube
manipulated_sequences_FaceSwap_c23_588_556_frame_04.jpg,1,FaceSwap
manipulated_sequences_FaceShifter_c23_211_177_frame_01.jpg,1,FaceShifter
original_sequences_youtube_c23_664_frame_04.jpg,0,youtube
manipulated_sequences_Face2Face_c23_009_027_frame_05.jpg,1,Face2Face
original_sequences_youtube_c23_449_frame_02.jpg,0,youtube
manipulated_sequences_Face2Face_c23_187_234_frame_04.jpg,1,Face2Face
original_sequences_youtube_c23_847_frame_02.jpg,0,youtube
manipulated_sequences_Face2Face_c23_511_472_frame_05.jpg,1,Face2Face
manipulated_sequences_FaceShifter_c23_116_091_frame_02.jpg,1,FaceShifter
manipulated_sequences_FaceSwap_c23_944_032_frame_02.jpg,1,FaceSwap
manipulated_sequences_FaceShifter_c23_228_289_frame_05.jpg,1,FaceShifter
manipulated_sequences_NeuralTextures_c23_785_736_frame_03.jpg,1,NeuralTextures
manipulated_sequences_FaceSwap_c23_896_128_frame_04.jpg,1,FaceSwap
manipulated_sequences_FaceSwap_c23_694_767_frame_02.jpg,1,FaceSwap
manipulated_sequences_FaceShifter_c23_562_626_frame_04.jpg,1,FaceShifter
manipulated_sequences_FaceSwap_c23_033_097_frame_02.jpg,1,FaceSwap
manipulated_sequences_Face2Face_c23_783_916_frame_05.jpg,1,Face2Face
manipulated_sequences_NeuralTextures_c23_207_908_frame_05.jpg,1,NeuralTextures
original_sequences_youtube_c23_698_frame_02.jpg,0,youtube
original_sequences_youtube_c23_338_frame_02.jpg,0,youtube
manipulated_sequences_Deepfakes_c23_075_977_frame_01.jpg,1,Deepfakes
original_sequences_youtube_c23_254_frame_05.jpg,0,youtube
original_sequences_youtube_c23_856_frame_02.jpg,0,youtube
original_sequences_youtube_c23_250_frame_04.jpg,0,youtube
manipulated_sequences_FaceSwap_c23_727_729_frame_04.jpg,1,FaceSwap
original_sequences_youtube_c23_029_frame_01.jpg,0,youtube
original_sequences_youtube_c23_903_frame_02.jpg,0,youtube
manipulated_sequences_FaceSwap_c23_181_199_frame_02.jpg,1,FaceSwap
original_sequences_youtube_c23_885_frame_01.jpg,0,youtube
manipulated_sequences_Deepfakes_c23_098_092_frame_02.jpg,1,Deepfakes
manipulated_sequences_FaceSwap_c23_100_077_frame_03.jpg,1,FaceSwap
original_sequences_youtube_c23_430_frame_03.jpg,0,youtube
original_sequences_youtube_c23_648_frame_05.jpg,0,youtube
manipulated_sequences_Deepfakes_c23_483_370_frame_01.jpg,1,Deepfakes
manipulated_sequences_FaceShifter_c23_171_173_frame_04.jpg,1,FaceShifter
original_sequences_youtube_c23_567_frame_05.jpg,0,youtube
manipulated_sequences_FaceSwap_c23_633_529_frame_04.jpg,1,FaceSwap
manipulated_sequences_Face2Face_c23_976_954_frame_04.jpg,1,Face2Face
original_sequences_youtube_c23_314_frame_04.jpg,0,youtube
manipulated_sequences_FaceSwap_c23_857_909_frame_01.jpg,1,FaceSwap
manipulated_sequences_NeuralTextures_c23_315_322_frame_05.jpg,1,NeuralTextures
manipulated_sequences_NeuralTextures_c23_240_290_frame_02.jpg,1,NeuralTextures
manipulated_sequences_Face2Face_c23_563_537_frame_02.jpg,1,Face2Face
manipulated_sequences_Deepfakes_c23_644_657_frame_01.jpg,1,Deepfakes
original_sequences_youtube_c23_994_frame_05.jpg,0,youtube
manipulated_sequences_FaceSwap_c23_912_927_frame_05.jpg,1,FaceSwap
manipulated_sequences_FaceSwap_c23_647_622_frame_03.jpg,1,FaceSwap
manipulated_sequences_NeuralTextures_c23_098_092_frame_03.jpg,1,NeuralTextures
original_sequences_youtube_c23_363_frame_04.jpg,0,youtube
manipulated_sequences_FaceShifter_c23_170_186_frame_05.jpg,1,FaceShifter
manipulated_sequences_Face2Face_c23_651_835_frame_03.jpg,1,Face2Face
manipulated_sequences_NeuralTextures_c23_134_192_frame_02.jpg,1,NeuralTextures
manipulated_sequences_Face2Face_c23_901_902_frame_04.jpg,1,Face2Face
manipulated_sequences_NeuralTextures_c23_264_271_frame_02.jpg,1,NeuralTextures
manipulated_sequences_FaceShifter_c23_229_247_frame_01.jpg,1,FaceShifter
manipulated_sequences_Face2Face_c23_489_022_frame_01.jpg,1,Face2Face
original_sequences_youtube_c23_429_frame_03.jpg,0,youtube
original_sequences_youtube_c23_355_frame_01.jpg,0,youtube
original_sequences_youtube_c23_987_frame_05.jpg,0,youtube
manipulated_sequences_FaceSwap_c23_486_680_frame_02.jpg,1,FaceSwap
original_sequences_youtube_c23_291_frame_05.jpg,0,youtube
manipulated_sequences_Deepfakes_c23_323_302_frame_04.jpg,1,Deepfakes
manipulated_sequences_Deepfakes_c23_215_208_frame_05.jpg,1,Deepfakes
original_sequences_youtube_c23_973_frame_04.jpg,0,youtube
manipulated_sequences_Face2Face_c23_647_622_frame_03.jpg,1,Face2Face
original_sequences_youtube_c23_170_frame_05.jpg,0,youtube
original_sequences_youtube_c23_020_frame_05.jpg,0,youtube
original_sequences_youtube_c23_512_frame_03.jpg,0,youtube
original_sequences_youtube_c23_772_frame_05.jpg,0,youtube
original_sequences_youtube_c23_472_frame_01.jpg,0,youtube
manipulated_sequences_FaceSwap_c23_339_392_frame_03.jpg,1,FaceSwap
original_sequences_youtube_c23_289_frame_01.jpg,0,youtube
original_sequences_youtube_c23_955_frame_03.jpg,0,youtube
manipulated_sequences_NeuralTextures_c23_517_521_frame_02.jpg,1,NeuralTextures
manipulated_sequences_FaceSwap_c23_762_832_frame_02.jpg,1,FaceSwap
original_sequences_youtube_c23_039_frame_04.jpg,0,youtube
original_sequences_youtube_c23_617_frame_04.jpg,0,youtube
original_sequences_youtube_c23_467_frame_01.jpg,0,youtube
original_sequences_youtube_c23_267_frame_02.jpg,0,youtube
manipulated_sequences_Face2Face_c23_829_808_frame_02.jpg,1,Face2Face
manipulated_sequences_FaceSwap_c23_097_033_frame_04.jpg,1,FaceSwap
original_sequences_youtube_c23_742_frame_05.jpg,0,youtube
original_sequences_youtube_c23_155_frame_02.jpg,0,youtube
original_sequences_youtube_c23_074_frame_01.jpg,0,youtube
manipulated_sequences_NeuralTextures_c23_748_355_frame_03.jpg,1,NeuralTextures
manipulated_sequences_FaceShifter_c23_039_058_frame_03.jpg,1,FaceShifter
original_sequences_youtube_c23_218_frame_05.jpg,0,youtube
manipulated_sequences_Deepfakes_c23_112_892_frame_04.jpg,1,Deepfakes
manipulated_sequences_Deepfakes_c23_966_988_frame_01.jpg,1,Deepfakes
manipulated_sequences_Face2Face_c23_522_337_frame_02.jpg,1,Face2Face
manipulated_sequences_FaceSwap_c23_935_733_frame_04.jpg,1,FaceSwap
manipulated_sequences_NeuralTextures_c23_905_860_frame_02.jpg,1,NeuralTextures
manipulated_sequences_FaceSwap_c23_945_044_frame_05.jpg,1,FaceSwap
manipulated_sequences_Face2Face_c23_622_647_frame_01.jpg,1,Face2Face
original_sequences_youtube_c23_944_frame_03.jpg,0,youtube
original_sequences_youtube_c23_356_frame_04.jpg,0,youtube
original_sequences_youtube_c23_443_frame_04.jpg,0,youtube
original_sequences_youtube_c23_865_frame_04.jpg,0,youtube
manipulated_sequences_Face2Face_c23_230_204_frame_02.jpg,1,Face2Face
manipulated_sequences_Face2Face_c23_638_640_frame_03.jpg,1,Face2Face
manipulated_sequences_NeuralTextures_c23_282_238_frame_03.jpg,1,NeuralTextures
manipulated_sequences_NeuralTextures_c23_323_302_frame_04.jpg,1,NeuralTextures
manipulated_sequences_FaceSwap_c23_976_954_frame_04.jpg,1,FaceSwap
manipulated_sequences_FaceShifter_c23_963_879_frame_01.jpg,1,FaceShifter
original_sequences_youtube_c23_396_frame_05.jpg,0,youtube
original_sequences_youtube_c23_707_frame_05.jpg,0,youtube
manipulated_sequences_Face2Face_c23_366_473_frame_02.jpg,1,Face2Face
manipulated_sequences_NeuralTextures_c23_340_341_frame_05.jpg,1,NeuralTextures
manipulated_sequences_FaceShifter_c23_617_566_frame_05.jpg,1,FaceShifter
manipulated_sequences_NeuralTextures_c23_502_504_frame_03.jpg,1,NeuralTextures
manipulated_sequences_Face2Face_c23_213_083_frame_02.jpg,1,Face2Face
manipulated_sequences_FaceSwap_c23_744_674_frame_01.jpg,1,FaceSwap
original_sequences_youtube_c23_477_frame_03.jpg,0,youtube
original_sequences_youtube_c23_643_frame_01.jpg,0,youtube
manipulated_sequences_NeuralTextures_c23_431_447_frame_03.jpg,1,NeuralTextures
manipulated_sequences_Face2Face_c23_085_124_frame_01.jpg,1,Face2Face
original_sequences_youtube_c23_664_frame_01.jpg,0,youtube
manipulated_sequences_Deepfakes_c23_647_622_frame_04.jpg,1,Deepfakes
manipulated_sequences_FaceSwap_c23_037_072_frame_02.jpg,1,FaceSwap
original_sequences_youtube_c23_026_frame_05.jpg,0,youtube
original_sequences_youtube_c23_166_frame_02.jpg,0,youtube
original_sequences_youtube_c23_143_frame_02.jpg,0,youtube
manipulated_sequences_FaceShifter_c23_033_097_frame_02.jpg,1,FaceShifter
original_sequences_youtube_c23_272_frame_04.jpg,0,youtube
original_sequences_youtube_c23_068_frame_01.jpg,0,youtube
original_sequences_youtube_c23_517_frame_02.jpg,0,youtube
original_sequences_youtube_c23_440_frame_04.jpg,0,youtube
manipulated_sequences_FaceShifter_c23_894_848_frame_05.jpg,1,FaceShifter
manipulated_sequences_FaceShifter_c23_438_434_frame_05.jpg,1,FaceShifter
original_sequences_youtube_c23_868_frame_04.jpg,0,youtube
manipulated_sequences_Face2Face_c23_762_832_frame_02.jpg,1,Face2Face
manipulated_sequences_Deepfakes_c23_748_355_frame_03.jpg,1,Deepfakes
manipulated_sequences_NeuralTextures_c23_472_511_frame_02.jpg,1,NeuralTextures
manipulated_sequences_Deepfakes_c23_144_122_frame_04.jpg,1,Deepfakes
original_sequences_youtube_c23_162_frame_05.jpg,0,youtube
manipulated_sequences_Face2Face_c23_433_498_frame_03.jpg,1,Face2Face
manipulated_sequences_Deepfakes_c23_554_572_frame_02.jpg,1,Deepfakes
original_sequences_youtube_c23_282_frame_05.jpg,0,youtube
manipulated_sequences_Deepfakes_c23_954_976_frame_05.jpg,1,Deepfakes
original_sequences_youtube_c23_972_frame_04.jpg,0,youtube
original_sequences_youtube_c23_608_frame_03.jpg,0,youtube
original_sequences_youtube_c23_836_frame_03.jpg,0,youtube
manipulated_sequences_FaceShifter_c23_437_360_frame_05.jpg,1,FaceShifter
manipulated_sequences_NeuralTextures_c23_647_622_frame_05.jpg,1,NeuralTextures
original_sequences_youtube_c23_379_frame_05.jpg,0,youtube
manipulated_sequences_Face2Face_c23_480_389_frame_02.jpg,1,Face2Face
manipulated_sequences_Deepfakes_c23_423_421_frame_05.jpg,1,Deepfakes
manipulated_sequences_Face2Face_c23_186_170_frame_02.jpg,1,Face2Face
original_sequences_youtube_c23_836_frame_05.jpg,0,youtube
original_sequences_youtube_c23_616_frame_02.jpg,0,youtube
manipulated_sequences_Deepfakes_c23_712_716_frame_01.jpg,1,Deepfakes
manipulated_sequences_Deepfakes_c23_550_452_frame_01.jpg,1,Deepfakes
manipulated_sequences_Face2Face_c23_022_489_frame_03.jpg,1,Face2Face
original_sequences_youtube_c23_456_frame_01.jpg,0,youtube
manipulated_sequences_NeuralTextures_c23_416_342_frame_03.jpg,1,NeuralTextures
original_sequences_youtube_c23_819_frame_01.jpg,0,youtube
original_sequences_youtube_c23_961_frame_05.jpg,0,youtube
original_sequences_youtube_c23_348_frame_05.jpg,0,youtube
manipulated_sequences_Face2Face_c23_606_567_frame_02.jpg,1,Face2Face
original_sequences_youtube_c23_297_frame_05.jpg,0,youtube
manipulated_sequences_Deepfakes_c23_136_285_frame_05.jpg,1,Deepfakes
original_sequences_youtube_c23_557_frame_03.jpg,0,youtube
manipulated_sequences_NeuralTextures_c23_488_399_frame_03.jpg,1,NeuralTextures
original_sequences_youtube_c23_369_frame_01.jpg,0,youtube
original_sequences_youtube_c23_243_frame_05.jpg,0,youtube
manipulated_sequences_NeuralTextures_c23_194_235_frame_03.jpg,1,NeuralTextures
original_sequences_youtube_c23_273_frame_05.jpg,0,youtube
manipulated_sequences_Face2Face_c23_293_296_frame_04.jpg,1,Face2Face
original_sequences_youtube_c23_699_frame_04.jpg,0,youtube
original_sequences_youtube_c23_633_frame_02.jpg,0,youtube
original_sequences_youtube_c23_266_frame_04.jpg,0,youtube
manipulated_sequences_FaceShifter_c23_577_593_frame_05.jpg,1,FaceShifter
manipulated_sequences_FaceSwap_c23_240_290_frame_02.jpg,1,FaceSwap
manipulated_sequences_Deepfakes_c23_037_072_frame_02.jpg,1,Deepfakes
manipulated_sequences_Face2Face_c23_534_490_frame_01.jpg,1,Face2Face
original_sequences_youtube_c23_318_frame_05.jpg,0,youtube
manipulated_sequences_FaceSwap_c23_011_805_frame_02.jpg,1,FaceSwap
original_sequences_youtube_c23_750_frame_01.jpg,0,youtube
original_sequences_youtube_c23_293_frame_01.jpg,0,youtube
manipulated_sequences_Deepfakes_c23_435_456_frame_05.jpg,1,Deepfakes
manipulated_sequences_Deepfakes_c23_203_201_frame_05.jpg,1,Deepfakes
manipulated_sequences_Deepfakes_c23_406_391_frame_05.jpg,1,Deepfakes
original_sequences_youtube_c23_393_frame_01.jpg,0,youtube
manipulated_sequences_Deepfakes_c23_329_327_frame_04.jpg,1,Deepfakes
original_sequences_youtube_c23_672_frame_05.jpg,0,youtube
manipulated_sequences_Face2Face_c23_410_411_frame_03.jpg,1,Face2Face
original_sequences_youtube_c23_832_frame_05.jpg,0,youtube
manipulated_sequences_FaceShifter_c23_981_985_frame_01.jpg,1,FaceShifter
manipulated_sequences_Face2Face_c23_373_394_frame_03.jpg,1,Face2Face
original_sequences_youtube_c23_310_frame_05.jpg,0,youtube
original_sequences_youtube_c23_816_frame_05.jpg,0,youtube
original_sequences_youtube_c23_213_frame_04.jpg,0,youtube
original_sequences_youtube_c23_978_frame_03.jpg,0,youtube
original_sequences_youtube_c23_516_frame_01.jpg,0,youtube
manipulated_sequences_FaceShifter_c23_075_977_frame_05.jpg,1,FaceShifter
manipulated_sequences_FaceShifter_c23_041_063_frame_05.jpg,1,FaceShifter
manipulated_sequences_FaceSwap_c23_337_522_frame_03.jpg,1,FaceSwap
manipulated_sequences_Face2Face_c23_367_371_frame_04.jpg,1,Face2Face
original_sequences_youtube_c23_442_frame_04.jpg,0,youtube
original_sequences_youtube_c23_698_frame_05.jpg,0,youtube
original_sequences_youtube_c23_459_frame_01.jpg,0,youtube
original_sequences_youtube_c23_013_frame_04.jpg,0,youtube
manipulated_sequences_FaceShifter_c23_092_098_frame_05.jpg,1,FaceShifter
manipulated_sequences_Deepfakes_c23_395_401_frame_01.jpg,1,Deepfakes
manipulated_sequences_FaceShifter_c23_701_579_frame_03.jpg,1,FaceShifter
manipulated_sequences_NeuralTextures_c23_181_199_frame_02.jpg,1,NeuralTextures
original_sequences_youtube_c23_413_frame_02.jpg,0,youtube
manipulated_sequences_Face2Face_c23_452_550_frame_01.jpg,1,Face2Face
manipulated_sequences_FaceSwap_c23_202_348_frame_02.jpg,1,FaceSwap
original_sequences_youtube_c23_815_frame_03.jpg,0,youtube
original_sequences_youtube_c23_857_frame_01.jpg,0,youtube
original_sequences_youtube_c23_511_frame_05.jpg,0,youtube
manipulated_sequences_FaceSwap_c23_648_654_frame_03.jpg,1,FaceSwap
manipulated_sequences_FaceSwap_c23_393_405_frame_03.jpg,1,FaceSwap
manipulated_sequences_Deepfakes_c23_167_166_frame_05.jpg,1,Deepfakes
original_sequences_youtube_c23_706_frame_04.jpg,0,youtube
original_sequences_youtube_c23_492_frame_04.jpg,0,youtube
manipulated_sequences_Face2Face_c23_812_821_frame_01.jpg,1,Face2Face
manipulated_sequences_FaceSwap_c23_454_527_frame_03.jpg,1,FaceSwap
original_sequences_youtube_c23_331_frame_04.jpg,0,youtube
manipulated_sequences_FaceShifter_c23_694_767_frame_02.jpg,1,FaceShifter
original_sequences_youtube_c23_708_frame_01.jpg,0,youtube
original_sequences_youtube_c23_884_frame_01.jpg,0,youtube
original_sequences_youtube_c23_720_frame_01.jpg,0,youtube
manipulated_sequences_NeuralTextures_c23_872_873_frame_02.jpg,1,NeuralTextures
manipulated_sequences_NeuralTextures_c23_311_387_frame_01.jpg,1,NeuralTextures
manipulated_sequences_NeuralTextures_c23_383_353_frame_04.jpg,1,NeuralTextures
manipulated_sequences_FaceSwap_c23_622_647_frame_04.jpg,1,FaceSwap
original_sequences_youtube_c23_793_frame_02.jpg,0,youtube
original_sequences_youtube_c23_236_frame_01.jpg,0,youtube
manipulated_sequences_FaceShifter_c23_676_776_frame_05.jpg,1,FaceShifter
original_sequences_youtube_c23_916_frame_02.jpg,0,youtube
original_sequences_youtube_c23_001_frame_01.jpg,0,youtube
manipulated_sequences_Deepfakes_c23_004_982_frame_03.jpg,1,Deepfakes
original_sequences_youtube_c23_203_frame_02.jpg,0,youtube
original_sequences_youtube_c23_425_frame_01.jpg,0,youtube
original_sequences_youtube_c23_605_frame_01.jpg,0,youtube
original_sequences_youtube_c23_539_frame_02.jpg,0,youtube
manipulated_sequences_FaceSwap_c23_001_870_frame_02.jpg,1,FaceSwap
original_sequences_youtube_c23_707_frame_01.jpg,0,youtube
manipulated_sequences_NeuralTextures_c23_088_060_frame_03.jpg,1,NeuralTextures
manipulated_sequences_Deepfakes_c23_268_269_frame_04.jpg,1,Deepfakes
original_sequences_youtube_c23_635_frame_01.jpg,0,youtube
manipulated_sequences_FaceSwap_c23_779_794_frame_01.jpg,1,FaceSwap
original_sequences_youtube_c23_037_frame_05.jpg,0,youtube
manipulated_sequences_FaceSwap_c23_650_625_frame_04.jpg,1,FaceSwap
manipulated_sequences_FaceSwap_c23_919_015_frame_01.jpg,1,FaceSwap
manipulated_sequences_FaceSwap_c23_150_153_frame_05.jpg,1,FaceSwap
original_sequences_youtube_c23_087_frame_03.jpg,0,youtube
manipulated_sequences_NeuralTextures_c23_975_978_frame_04.jpg,1,NeuralTextures
original_sequences_youtube_c23_202_frame_04.jpg,0,youtube
manipulated_sequences_FaceShifter_c23_203_201_frame_05.jpg,1,FaceShifter
original_sequences_youtube_c23_058_frame_03.jpg,0,youtube
manipulated_sequences_NeuralTextures_c23_855_801_frame_05.jpg,1,NeuralTextures
original_sequences_youtube_c23_904_frame_01.jpg,0,youtube
original_sequences_youtube_c23_344_frame_03.jpg,0,youtube
original_sequences_youtube_c23_984_frame_05.jpg,0,youtube
original_sequences_youtube_c23_719_frame_03.jpg,0,youtube
manipulated_sequences_FaceShifter_c23_556_588_frame_02.jpg,1,FaceShifter
original_sequences_youtube_c23_577_frame_05.jpg,0,youtube
original_sequences_youtube_c23_538_frame_05.jpg,0,youtube
manipulated_sequences_Deepfakes_c23_740_796_frame_01.jpg,1,Deepfakes
manipulated_sequences_Deepfakes_c23_740_796_frame_03.jpg,1,Deepfakes
original_sequences_youtube_c23_192_frame_03.jpg,0,youtube
manipulated_sequences_FaceSwap_c23_112_892_frame_04.jpg,1,FaceSwap
original_sequences_youtube_c23_158_frame_02.jpg,0,youtube
manipulated_sequences_Face2Face_c23_201_203_frame_01.jpg,1,Face2Face
manipulated_sequences_Deepfakes_c23_316_369_frame_04.jpg,1,Deepfakes
manipulated_sequences_Face2Face_c23_961_069_frame_03.jpg,1,Face2Face
manipulated_sequences_FaceShifter_c23_438_434_frame_02.jpg,1,FaceShifter
original_sequences_youtube_c23_841_frame_05.jpg,0,youtube
original_sequences_youtube_c23_867_frame_01.jpg,0,youtube
manipulated_sequences_NeuralTextures_c23_094_111_frame_01.jpg,1,NeuralTextures
original_sequences_youtube_c23_126_frame_05.jpg,0,youtube
manipulated_sequences_FaceSwap_c23_410_411_frame_03.jpg,1,FaceSwap
original_sequences_youtube_c23_510_frame_02.jpg,0,youtube
original_sequences_youtube_c23_655_frame_05.jpg,0,youtube
manipulated_sequences_NeuralTextures_c23_040_997_frame_01.jpg,1,NeuralTextures
manipulated_sequences_Deepfakes_c23_449_451_frame_01.jpg,1,Deepfakes
manipulated_sequences_Face2Face_c23_896_128_frame_02.jpg,1,Face2Face
manipulated_sequences_Face2Face_c23_039_058_frame_03.jpg,1,Face2Face
original_sequences_youtube_c23_998_frame_04.jpg,0,youtube
manipulated_sequences_FaceSwap_c23_614_616_frame_02.jpg,1,FaceSwap
original_sequences_youtube_c23_168_frame_04.jpg,0,youtube
manipulated_sequences_Deepfakes_c23_803_017_frame_04.jpg,1,Deepfakes
manipulated_sequences_FaceSwap_c23_394_373_frame_05.jpg,1,FaceSwap
original_sequences_youtube_c23_114_frame_02.jpg,0,youtube
manipulated_sequences_FaceSwap_c23_216_164_frame_05.jpg,1,FaceSwap
original_sequences_youtube_c23_560_frame_05.jpg,0,youtube
manipulated_sequences_FaceShifter_c23_527_454_frame_02.jpg,1,FaceShifter
manipulated_sequences_Deepfakes_c23_371_367_frame_03.jpg,1,Deepfakes
manipulated_sequences_NeuralTextures_c23_727_729_frame_01.jpg,1,NeuralTextures
manipulated_sequences_FaceSwap_c23_078_955_frame_01.jpg,1,FaceSwap
manipulated_sequences_NeuralTextures_c23_242_182_frame_01.jpg,1,NeuralTextures
manipulated_sequences_FaceSwap_c23_705_707_frame_02.jpg,1,FaceSwap
manipulated_sequences_FaceShifter_c23_004_982_frame_03.jpg,1,FaceShifter
manipulated_sequences_Deepfakes_c23_240_290_frame_02.jpg,1,Deepfakes
manipulated_sequences_Deepfakes_c23_871_814_frame_05.jpg,1,Deepfakes
original_sequences_youtube_c23_571_frame_05.jpg,0,youtube
original_sequences_youtube_c23_886_frame_01.jpg,0,youtube
original_sequences_youtube_c23_448_frame_02.jpg,0,youtube
original_sequences_youtube_c23_103_frame_03.jpg,0,youtube
original_sequences_youtube_c23_270_frame_01.jpg,0,youtube
manipulated_sequences_NeuralTextures_c23_424_408_frame_02.jpg,1,NeuralTextures
original_sequences_youtube_c23_639_frame_04.jpg,0,youtube
original_sequences_youtube_c23_942_frame_03.jpg,0,youtube
original_sequences_youtube_c23_324_frame_01.jpg,0,youtube
original_sequences_youtube_c23_045_frame_03.jpg,0,youtube
original_sequences_youtube_c23_759_frame_05.jpg,0,youtube
original_sequences_youtube_c23_624_frame_02.jpg,0,youtube
original_sequences_youtube_c23_281_frame_03.jpg,0,youtube
manipulated_sequences_Deepfakes_c23_070_057_frame_03.jpg,1,Deepfakes
original_sequences_youtube_c23_231_frame_01.jpg,0,youtube
manipulated_sequences_Deepfakes_c23_489_022_frame_02.jpg,1,Deepfakes
original_sequences_youtube_c23_503_frame_04.jpg,0,youtube
original_sequences_youtube_c23_814_frame_05.jpg,0,youtube
original_sequences_youtube_c23_936_frame_03.jpg,0,youtube
original_sequences_youtube_c23_485_frame_04.jpg,0,youtube
manipulated_sequences_FaceShifter_c23_714_842_frame_04.jpg,1,FaceShifter
original_sequences_youtube_c23_643_frame_03.jpg,0,youtube
original_sequences_youtube_c23_665_frame_03.jpg,0,youtube
manipulated_sequences_FaceShifter_c23_637_427_frame_03.jpg,1,FaceShifter
original_sequences_youtube_c23_204_frame_02.jpg,0,youtube
original_sequences_youtube_c23_310_frame_03.jpg,0,youtube
original_sequences_youtube_c23_959_frame_01.jpg,0,youtube
manipulated_sequences_FaceSwap_c23_672_720_frame_05.jpg,1,FaceSwap
original_sequences_youtube_c23_789_frame_02.jpg,0,youtube
original_sequences_youtube_c23_163_frame_02.jpg,0,youtube
manipulated_sequences_Face2Face_c23_037_072_frame_02.jpg,1,Face2Face
manipulated_sequences_NeuralTextures_c23_084_042_frame_05.jpg,1,NeuralTextures
original_sequences_youtube_c23_747_frame_05.jpg,0,youtube
original_sequences_youtube_c23_961_frame_03.jpg,0,youtube
manipulated_sequences_FaceShifter_c23_502_504_frame_03.jpg,1,FaceShifter
manipulated_sequences_NeuralTextures_c23_075_977_frame_01.jpg,1,NeuralTextures
manipulated_sequences_FaceShifter_c23_609_596_frame_01.jpg,1,FaceShifter
original_sequences_youtube_c23_994_frame_02.jpg,0,youtube
original_sequences_youtube_c23_565_frame_03.jpg,0,youtube
manipulated_sequences_FaceShifter_c23_936_931_frame_05.jpg,1,FaceShifter
manipulated_sequences_FaceSwap_c23_014_790_frame_01.jpg,1,FaceSwap
manipulated_sequences_Face2Face_c23_312_021_frame_01.jpg,1,Face2Face
manipulated_sequences_FaceShifter_c23_877_886_frame_01.jpg,1,FaceShifter
manipulated_sequences_FaceSwap_c23_975_978_frame_05.jpg,1,FaceSwap
manipulated_sequences_FaceSwap_c23_071_054_frame_04.jpg,1,FaceSwap
original_sequences_youtube_c23_973_frame_01.jpg,0,youtube
manipulated_sequences_FaceSwap_c23_750_743_frame_02.jpg,1,FaceSwap
manipulated_sequences_FaceSwap_c23_312_021_frame_01.jpg,1,FaceSwap
original_sequences_youtube_c23_250_frame_01.jpg,0,youtube
manipulated_sequences_Face2Face_c23_340_341_frame_04.jpg,1,Face2Face
original_sequences_youtube_c23_284_frame_01.jpg,0,youtube
original_sequences_youtube_c23_104_frame_04.jpg,0,youtube
manipulated_sequences_NeuralTextures_c23_001_870_frame_05.jpg,1,NeuralTextures
manipulated_sequences_Deepfakes_c23_784_769_frame_03.jpg,1,Deepfakes
original_sequences_youtube_c23_072_frame_02.jpg,0,youtube
manipulated_sequences_Face2Face_c23_926_900_frame_02.jpg,1,Face2Face
original_sequences_youtube_c23_839_frame_01.jpg,0,youtube
original_sequences_youtube_c23_000_frame_04.jpg,0,youtube
manipulated_sequences_FaceSwap_c23_409_382_frame_03.jpg,1,FaceSwap
original_sequences_youtube_c23_827_frame_02.jpg,0,youtube
original_sequences_youtube_c23_576_frame_03.jpg,0,youtube
manipulated_sequences_FaceSwap_c23_449_451_frame_01.jpg,1,FaceSwap
manipulated_sequences_FaceSwap_c23_432_357_frame_01.jpg,1,FaceSwap
original_sequences_youtube_c23_907_frame_05.jpg,0,youtube
manipulated_sequences_Deepfakes_c23_291_874_frame_04.jpg,1,Deepfakes
manipulated_sequences_Face2Face_c23_288_321_frame_05.jpg,1,Face2Face
original_sequences_youtube_c23_712_frame_05.jpg,0,youtube
original_sequences_youtube_c23_186_frame_04.jpg,0,youtube
original_sequences_youtube_c23_047_frame_02.jpg,0,youtube
original_sequences_youtube_c23_803_frame_04.jpg,0,youtube
manipulated_sequences_FaceSwap_c23_782_787_frame_02.jpg,1,FaceSwap
manipulated_sequences_FaceShifter_c23_655_444_frame_02.jpg,1,FaceShifter
original_sequences_youtube_c23_075_frame_04.jpg,0,youtube
manipulated_sequences_Deepfakes_c23_180_105_frame_02.jpg,1,Deepfakes
original_sequences_youtube_c23_253_frame_03.jpg,0,youtube
manipulated_sequences_Deepfakes_c23_432_357_frame_01.jpg,1,Deepfakes
original_sequences_youtube_c23_489_frame_04.jpg,0,youtube
original_sequences_youtube_c23_116_frame_02.jpg,0,youtube
manipulated_sequences_FaceSwap_c23_708_772_frame_04.jpg,1,FaceSwap
original_sequences_youtube_c23_752_frame_04.jpg,0,youtube
original_sequences_youtube_c23_722_frame_05.jpg,0,youtube
original_sequences_youtube_c23_479_frame_02.jpg,0,youtube
original_sequences_youtube_c23_683_frame_01.jpg,0,youtube
original_sequences_youtube_c23_618_frame_04.jpg,0,youtube
manipulated_sequences_Deepfakes_c23_694_767_frame_02.jpg,1,Deepfakes
manipulated_sequences_Face2Face_c23_415_484_frame_05.jpg,1,Face2Face
original_sequences_youtube_c23_763_frame_05.jpg,0,youtube
original_sequences_youtube_c23_338_frame_01.jpg,0,youtube
original_sequences_youtube_c23_344_frame_01.jpg,0,youtube
manipulated_sequences_FaceShifter_c23_347_314_frame_01.jpg,1,FaceShifter
manipulated_sequences_Face2Face_c23_375_251_frame_04.jpg,1,Face2Face
original_sequences_youtube_c23_518_frame_01.jpg,0,youtube
original_sequences_youtube_c23_563_frame_01.jpg,0,youtube
manipulated_sequences_NeuralTextures_c23_667_446_frame_02.jpg,1,NeuralTextures
manipulated_sequences_NeuralTextures_c23_480_389_frame_02.jpg,1,NeuralTextures
manipulated_sequences_Deepfakes_c23_087_081_frame_04.jpg,1,Deepfakes
manipulated_sequences_Deepfakes_c23_201_203_frame_02.jpg,1,Deepfakes
original_sequences_youtube_c23_482_frame_04.jpg,0,youtube
original_sequences_youtube_c23_135_frame_04.jpg,0,youtube
original_sequences_youtube_c23_689_frame_04.jpg,0,youtube
manipulated_sequences_NeuralTextures_c23_007_132_frame_02.jpg,1,NeuralTextures
original_sequences_youtube_c23_311_frame_03.jpg,0,youtube
manipulated_sequences_Face2Face_c23_040_997_frame_01.jpg,1,Face2Face
manipulated_sequences_NeuralTextures_c23_957_959_frame_04.jpg,1,NeuralTextures
original_sequences_youtube_c23_240_frame_05.jpg,0,youtube
original_sequences_youtube_c23_502_frame_02.jpg,0,youtube
manipulated_sequences_Face2Face_c23_756_503_frame_03.jpg,1,Face2Face
original_sequences_youtube_c23_571_frame_04.jpg,0,youtube
manipulated_sequences_NeuralTextures_c23_968_884_frame_02.jpg,1,NeuralTextures
original_sequences_youtube_c23_526_frame_05.jpg,0,youtube
manipulated_sequences_FaceShifter_c23_083_213_frame_04.jpg,1,FaceShifter
manipulated_sequences_FaceSwap_c23_366_473_frame_04.jpg,1,FaceSwap
original_sequences_youtube_c23_696_frame_04.jpg,0,youtube
original_sequences_youtube_c23_989_frame_01.jpg,0,youtube
original_sequences_youtube_c23_847_frame_03.jpg,0,youtube
original_sequences_youtube_c23_634_frame_05.jpg,0,youtube
manipulated_sequences_FaceShifter_c23_102_114_frame_02.jpg,1,FaceShifter
manipulated_sequences_Face2Face_c23_745_777_frame_05.jpg,1,Face2Face
original_sequences_youtube_c23_132_frame_02.jpg,0,youtube
manipulated_sequences_NeuralTextures_c23_815_730_frame_03.jpg,1,NeuralTextures
original_sequences_youtube_c23_528_frame_04.jpg,0,youtube
original_sequences_youtube_c23_189_frame_05.jpg,0,youtube
manipulated_sequences_NeuralTextures_c23_186_170_frame_02.jpg,1,NeuralTextures
original_sequences_youtube_c23_846_frame_03.jpg,0,youtube
manipulated_sequences_FaceSwap_c23_091_116_frame_01.jpg,1,FaceSwap
manipulated_sequences_NeuralTextures_c23_160_928_frame_01.jpg,1,NeuralTextures
manipulated_sequences_FaceShifter_c23_716_712_frame_02.jpg,1,FaceShifter
manipulated_sequences_Deepfakes_c23_078_955_frame_05.jpg,1,Deepfakes
original_sequences_youtube_c23_255_frame_03.jpg,0,youtube
original_sequences_youtube_c23_196_frame_04.jpg,0,youtube
manipulated_sequences_FaceShifter_c23_826_833_frame_05.jpg,1,FaceShifter
manipulated_sequences_Deepfakes_c23_783_916_frame_05.jpg,1,Deepfakes
original_sequences_youtube_c23_579_frame_04.jpg,0,youtube
original_sequences_youtube_c23_398_frame_01.jpg,0,youtube
original_sequences_youtube_c23_061_frame_01.jpg,0,youtube
manipulated_sequences_Face2Face_c23_374_407_frame_01.jpg,1,Face2Face
original_sequences_youtube_c23_657_frame_01.jpg,0,youtube
manipulated_sequences_Deepfakes_c23_504_502_frame_05.jpg,1,Deepfakes
manipulated_sequences_Face2Face_c23_580_524_frame_02.jpg,1,Face2Face
original_sequences_youtube_c23_099_frame_04.jpg,0,youtube
original_sequences_youtube_c23_073_frame_05.jpg,0,youtube
manipulated_sequences_FaceShifter_c23_705_707_frame_05.jpg,1,FaceShifter
original_sequences_youtube_c23_674_frame_04.jpg,0,youtube
manipulated_sequences_Deepfakes_c23_267_286_frame_05.jpg,1,Deepfakes
manipulated_sequences_Deepfakes_c23_019_018_frame_04.jpg,1,Deepfakes
manipulated_sequences_Face2Face_c23_472_511_frame_02.jpg,1,Face2Face
original_sequences_youtube_c23_299_frame_05.jpg,0,youtube
original_sequences_youtube_c23_152_frame_05.jpg,0,youtube
manipulated_sequences_FaceSwap_c23_036_035_frame_03.jpg,1,FaceSwap
original_sequences_youtube_c23_768_frame_05.jpg,0,youtube
manipulated_sequences_NeuralTextures_c23_271_264_frame_03.jpg,1,NeuralTextures
manipulated_sequences_Face2Face_c23_561_998_frame_05.jpg,1,Face2Face
original_sequences_youtube_c23_925_frame_03.jpg,0,youtube
manipulated_sequences_Face2Face_c23_830_828_frame_01.jpg,1,Face2Face
original_sequences_youtube_c23_271_frame_05.jpg,0,youtube
original_sequences_youtube_c23_262_frame_02.jpg,0,youtube
original_sequences_youtube_c23_495_frame_05.jpg,0,youtube
manipulated_sequences_NeuralTextures_c23_291_874_frame_04.jpg,1,NeuralTextures
manipulated_sequences_FaceSwap_c23_393_405_frame_05.jpg,1,FaceSwap
original_sequences_youtube_c23_274_frame_04.jpg,0,youtube
manipulated_sequences_Face2Face_c23_992_980_frame_05.jpg,1,Face2Face
manipulated_sequences_FaceSwap_c23_593_577_frame_02.jpg,1,FaceSwap
original_sequences_youtube_c23_714_frame_01.jpg,0,youtube
manipulated_sequences_FaceShifter_c23_596_609_frame_02.jpg,1,FaceShifter
original_sequences_youtube_c23_385_frame_05.jpg,0,youtube
original_sequences_youtube_c23_904_frame_05.jpg,0,youtube
original_sequences_youtube_c23_858_frame_05.jpg,0,youtube
original_sequences_youtube_c23_734_frame_03.jpg,0,youtube
original_sequences_youtube_c23_140_frame_05.jpg,0,youtube
manipulated_sequences_NeuralTextures_c23_836_950_frame_03.jpg,1,NeuralTextures
manipulated_sequences_FaceShifter_c23_371_367_frame_03.jpg,1,FaceShifter
manipulated_sequences_FaceShifter_c23_030_193_frame_01.jpg,1,FaceShifter
manipulated_sequences_NeuralTextures_c23_828_830_frame_03.jpg,1,NeuralTextures
manipulated_sequences_Face2Face_c23_985_981_frame_03.jpg,1,Face2Face
manipulated_sequences_FaceShifter_c23_104_126_frame_05.jpg,1,FaceShifter
manipulated_sequences_NeuralTextures_c23_505_600_frame_04.jpg,1,NeuralTextures
manipulated_sequences_NeuralTextures_c23_524_580_frame_04.jpg,1,NeuralTextures
original_sequences_youtube_c23_534_frame_03.jpg,0,youtube
original_sequences_youtube_c23_185_frame_04.jpg,0,youtube
manipulated_sequences_NeuralTextures_c23_693_698_frame_05.jpg,1,NeuralTextures
original_sequences_youtube_c23_537_frame_01.jpg,0,youtube
manipulated_sequences_FaceSwap_c23_802_885_frame_01.jpg,1,FaceSwap
original_sequences_youtube_c23_987_frame_02.jpg,0,youtube
manipulated_sequences_NeuralTextures_c23_200_189_frame_03.jpg,1,NeuralTextures
original_sequences_youtube_c23_582_frame_03.jpg,0,youtube
manipulated_sequences_Face2Face_c23_010_005_frame_05.jpg,1,Face2Face
manipulated_sequences_Face2Face_c23_533_450_frame_03.jpg,1,Face2Face
manipulated_sequences_Face2Face_c23_078_955_frame_01.jpg,1,Face2Face
original_sequences_youtube_c23_027_frame_03.jpg,0,youtube
manipulated_sequences_FaceSwap_c23_154_386_frame_01.jpg,1,FaceSwap
original_sequences_youtube_c23_410_frame_02.jpg,0,youtube
original_sequences_youtube_c23_378_frame_03.jpg,0,youtube
original_sequences_youtube_c23_416_frame_01.jpg,0,youtube
original_sequences_youtube_c23_437_frame_01.jpg,0,youtube
manipulated_sequences_FaceSwap_c23_108_052_frame_02.jpg,1,FaceSwap
manipulated_sequences_FaceSwap_c23_820_818_frame_04.jpg,1,FaceSwap
manipulated_sequences_Face2Face_c23_457_398_frame_04.jpg,1,Face2Face
manipulated_sequences_Face2Face_c23_991_064_frame_05.jpg,1,Face2Face
original_sequences_youtube_c23_451_frame_02.jpg,0,youtube
manipulated_sequences_NeuralTextures_c23_954_976_frame_05.jpg,1,NeuralTextures
manipulated_sequences_FaceSwap_c23_039_058_frame_05.jpg,1,FaceSwap
manipulated_sequences_FaceShifter_c23_930_763_frame_01.jpg,1,FaceShifter
original_sequences_youtube_c23_315_frame_04.jpg,0,youtube
original_sequences_youtube_c23_759_frame_04.jpg,0,youtube
original_sequences_youtube_c23_681_frame_02.jpg,0,youtube
original_sequences_youtube_c23_025_frame_03.jpg,0,youtube
manipulated_sequences_FaceShifter_c23_319_352_frame_03.jpg,1,FaceShifter
original_sequences_youtube_c23_704_frame_05.jpg,0,youtube
original_sequences_youtube_c23_993_frame_01.jpg,0,youtube
original_sequences_youtube_c23_403_frame_01.jpg,0,youtube
manipulated_sequences_FaceShifter_c23_312_021_frame_01.jpg,1,FaceShifter
manipulated_sequences_FaceShifter_c23_336_338_frame_04.jpg,1,FaceShifter
original_sequences_youtube_c23_747_frame_01.jpg,0,youtube
original_sequences_youtube_c23_716_frame_02.jpg,0,youtube
manipulated_sequences_FaceShifter_c23_984_967_frame_03.jpg,1,FaceShifter
original_sequences_youtube_c23_770_frame_02.jpg,0,youtube
original_sequences_youtube_c23_752_frame_01.jpg,0,youtube
manipulated_sequences_Face2Face_c23_417_496_frame_04.jpg,1,Face2Face
manipulated_sequences_FaceSwap_c23_234_187_frame_02.jpg,1,FaceSwap
original_sequences_youtube_c23_019_frame_04.jpg,0,youtube
manipulated_sequences_NeuralTextures_c23_690_689_frame_05.jpg,1,NeuralTextures
original_sequences_youtube_c23_256_frame_03.jpg,0,youtube
manipulated_sequences_Face2Face_c23_900_926_frame_03.jpg,1,Face2Face
manipulated_sequences_Deepfakes_c23_705_707_frame_05.jpg,1,Deepfakes
manipulated_sequences_NeuralTextures_c23_625_650_frame_01.jpg,1,NeuralTextures
manipulated_sequences_Deepfakes_c23_368_378_frame_02.jpg,1,Deepfakes
manipulated_sequences_Face2Face_c23_625_650_frame_01.jpg,1,Face2Face
original_sequences_youtube_c23_143_frame_05.jpg,0,youtube
manipulated_sequences_NeuralTextures_c23_723_704_frame_02.jpg,1,NeuralTextures
manipulated_sequences_Deepfakes_c23_052_108_frame_01.jpg,1,Deepfakes
original_sequences_youtube_c23_407_frame_04.jpg,0,youtube
manipulated_sequences_FaceShifter_c23_167_166_frame_05.jpg,1,FaceShifter
original_sequences_youtube_c23_596_frame_04.jpg,0,youtube
original_sequences_youtube_c23_539_frame_01.jpg,0,youtube
manipulated_sequences_NeuralTextures_c23_393_405_frame_03.jpg,1,NeuralTextures
original_sequences_youtube_c23_889_frame_04.jpg,0,youtube
manipulated_sequences_NeuralTextures_c23_898_922_frame_01.jpg,1,NeuralTextures
original_sequences_youtube_c23_702_frame_02.jpg,0,youtube
original_sequences_youtube_c23_243_frame_03.jpg,0,youtube
manipulated_sequences_Face2Face_c23_642_635_frame_03.jpg,1,Face2Face
manipulated_sequences_Face2Face_c23_406_391_frame_05.jpg,1,Face2Face
manipulated_sequences_NeuralTextures_c23_482_465_frame_04.jpg,1,NeuralTextures
manipulated_sequences_Face2Face_c23_695_422_frame_03.jpg,1,Face2Face
manipulated_sequences_Face2Face_c23_791_770_frame_02.jpg,1,Face2Face
manipulated_sequences_FaceSwap_c23_504_502_frame_05.jpg,1,FaceSwap
manipulated_sequences_FaceShifter_c23_690_689_frame_02.jpg,1,FaceShifter
original_sequences_youtube_c23_686_frame_03.jpg,0,youtube
original_sequences_youtube_c23_803_frame_03.jpg,0,youtube
manipulated_sequences_FaceShifter_c23_704_723_frame_05.jpg,1,FaceShifter
original_sequences_youtube_c23_458_frame_01.jpg,0,youtube
manipulated_sequences_FaceShifter_c23_380_358_frame_02.jpg,1,FaceShifter
original_sequences_youtube_c23_644_frame_02.jpg,0,youtube
manipulated_sequences_Deepfakes_c23_295_099_frame_04.jpg,1,Deepfakes
manipulated_sequences_FaceShifter_c23_619_620_frame_03.jpg,1,FaceShifter
manipulated_sequences_FaceSwap_c23_050_059_frame_05.jpg,1,FaceSwap
manipulated_sequences_FaceShifter_c23_134_192_frame_05.jpg,1,FaceShifter
manipulated_sequences_NeuralTextures_c23_063_041_frame_05.jpg,1,NeuralTextures
manipulated_sequences_FaceSwap_c23_423_421_frame_03.jpg,1,FaceSwap
original_sequences_youtube_c23_149_frame_01.jpg,0,youtube
original_sequences_youtube_c23_945_frame_05.jpg,0,youtube
manipulated_sequences_FaceShifter_c23_281_474_frame_04.jpg,1,FaceShifter
manipulated_sequences_FaceSwap_c23_623_630_frame_01.jpg,1,FaceSwap
manipulated_sequences_FaceSwap_c23_671_677_frame_03.jpg,1,FaceSwap
original_sequences_youtube_c23_015_frame_03.jpg,0,youtube
manipulated_sequences_Deepfakes_c23_075_977_frame_05.jpg,1,Deepfakes
original_sequences_youtube_c23_883_frame_04.jpg,0,youtube
original_sequences_youtube_c23_112_frame_01.jpg,0,youtube
manipulated_sequences_Face2Face_c23_872_873_frame_02.jpg,1,Face2Face
manipulated_sequences_FaceShifter_c23_029_048_frame_03.jpg,1,FaceShifter
original_sequences_youtube_c23_989_frame_03.jpg,0,youtube
manipulated_sequences_FaceShifter_c23_165_137_frame_04.jpg,1,FaceShifter
original_sequences_youtube_c23_394_frame_01.jpg,0,youtube
original_sequences_youtube_c23_403_frame_03.jpg,0,youtube
manipulated_sequences_NeuralTextures_c23_903_792_frame_04.jpg,1,NeuralTextures
manipulated_sequences_FaceShifter_c23_181_199_frame_02.jpg,1,FaceShifter
manipulated_sequences_FaceShifter_c23_694_767_frame_04.jpg,1,FaceShifter
manipulated_sequences_FaceShifter_c23_812_821_frame_05.jpg,1,FaceShifter
original_sequences_youtube_c23_757_frame_02.jpg,0,youtube
original_sequences_youtube_c23_563_frame_02.jpg,0,youtube
manipulated_sequences_Deepfakes_c23_227_169_frame_05.jpg,1,Deepfakes
manipulated_sequences_FaceSwap_c23_507_418_frame_01.jpg,1,FaceSwap
manipulated_sequences_FaceSwap_c23_601_653_frame_02.jpg,1,FaceSwap
original_sequences_youtube_c23_523_frame_05.jpg,0,youtube
manipulated_sequences_FaceSwap_c23_371_367_frame_03.jpg,1,FaceSwap
manipulated_sequences_FaceSwap_c23_573_757_frame_03.jpg,1,FaceSwap
original_sequences_youtube_c23_808_frame_03.jpg,0,youtube
original_sequences_youtube_c23_217_frame_01.jpg,0,youtube
original_sequences_youtube_c23_609_frame_05.jpg,0,youtube
manipulated_sequences_Face2Face_c23_357_432_frame_01.jpg,1,Face2Face
manipulated_sequences_Face2Face_c23_164_216_frame_01.jpg,1,Face2Face
original_sequences_youtube_c23_439_frame_03.jpg,0,youtube
original_sequences_youtube_c23_985_frame_05.jpg,0,youtube
original_sequences_youtube_c23_533_frame_02.jpg,0,youtube
original_sequences_youtube_c23_957_frame_01.jpg,0,youtube
original_sequences_youtube_c23_468_frame_05.jpg,0,youtube
manipulated_sequences_FaceShifter_c23_321_288_frame_01.jpg,1,FaceShifter
manipulated_sequences_Deepfakes_c23_696_686_frame_05.jpg,1,Deepfakes
original_sequences_youtube_c23_996_frame_01.jpg,0,youtube
manipulated_sequences_Deepfakes_c23_242_182_frame_01.jpg,1,Deepfakes
manipulated_sequences_FaceSwap_c23_785_736_frame_02.jpg,1,FaceSwap
original_sequences_youtube_c23_255_frame_04.jpg,0,youtube
manipulated_sequences_FaceShifter_c23_674_744_frame_02.jpg,1,FaceShifter
original_sequences_youtube_c23_130_frame_04.jpg,0,youtube
manipulated_sequences_FaceSwap_c23_635_642_frame_01.jpg,1,FaceSwap
manipulated_sequences_FaceShifter_c23_483_370_frame_02.jpg,1,FaceShifter
original_sequences_youtube_c23_117_frame_03.jpg,0,youtube
original_sequences_youtube_c23_022_frame_03.jpg,0,youtube
original_sequences_youtube_c23_412_frame_02.jpg,0,youtube
original_sequences_youtube_c23_328_frame_03.jpg,0,youtube
manipulated_sequences_Deepfakes_c23_776_676_frame_04.jpg,1,Deepfakes
original_sequences_youtube_c23_425_frame_04.jpg,0,youtube
manipulated_sequences_Deepfakes_c23_681_711_frame_02.jpg,1,Deepfakes
original_sequences_youtube_c23_041_frame_01.jpg,0,youtube
original_sequences_youtube_c23_884_frame_05.jpg,0,youtube
manipulated_sequences_Deepfakes_c23_357_432_frame_01.jpg,1,Deepfakes
original_sequences_youtube_c23_923_frame_02.jpg,0,youtube
manipulated_sequences_Deepfakes_c23_356_324_frame_01.jpg,1,Deepfakes
manipulated_sequences_Deepfakes_c23_458_722_frame_02.jpg,1,Deepfakes
original_sequences_youtube_c23_978_frame_01.jpg,0,youtube
manipulated_sequences_Deepfakes_c23_948_965_frame_04.jpg,1,Deepfakes
original_sequences_youtube_c23_524_frame_03.jpg,0,youtube
manipulated_sequences_NeuralTextures_c23_317_359_frame_01.jpg,1,NeuralTextures
manipulated_sequences_FaceShifter_c23_973_970_frame_01.jpg,1,FaceShifter
manipulated_sequences_Face2Face_c23_575_603_frame_01.jpg,1,Face2Face
manipulated_sequences_FaceShifter_c23_674_744_frame_05.jpg,1,FaceShifter
manipulated_sequences_FaceShifter_c23_948_965_frame_03.jpg,1,FaceShifter
original_sequences_youtube_c23_310_frame_04.jpg,0,youtube
manipulated_sequences_FaceSwap_c23_558_583_frame_01.jpg,1,FaceSwap
manipulated_sequences_Deepfakes_c23_690_689_frame_02.jpg,1,Deepfakes
manipulated_sequences_FaceSwap_c23_807_273_frame_05.jpg,1,FaceSwap
manipulated_sequences_NeuralTextures_c23_503_756_frame_04.jpg,1,NeuralTextures
manipulated_sequences_FaceShifter_c23_468_470_frame_03.jpg,1,FaceShifter
original_sequences_youtube_c23_877_frame_02.jpg,0,youtube
manipulated_sequences_NeuralTextures_c23_768_793_frame_01.jpg,1,NeuralTextures
original_sequences_youtube_c23_606_frame_02.jpg,0,youtube
original_sequences_youtube_c23_494_frame_03.jpg,0,youtube
original_sequences_youtube_c23_588_frame_04.jpg,0,youtube
original_sequences_youtube_c23_201_frame_04.jpg,0,youtube
manipulated_sequences_NeuralTextures_c23_624_570_frame_04.jpg,1,NeuralTextures
original_sequences_youtube_c23_668_frame_05.jpg,0,youtube
original_sequences_youtube_c23_119_frame_03.jpg,0,youtube
manipulated_sequences_Deepfakes_c23_120_118_frame_02.jpg,1,Deepfakes
original_sequences_youtube_c23_553_frame_01.jpg,0,youtube
manipulated_sequences_Deepfakes_c23_695_422_frame_03.jpg,1,Deepfakes
original_sequences_youtube_c23_434_frame_05.jpg,0,youtube
original_sequences_youtube_c23_540_frame_04.jpg,0,youtube
original_sequences_youtube_c23_658_frame_04.jpg,0,youtube
original_sequences_youtube_c23_824_frame_02.jpg,0,youtube
original_sequences_youtube_c23_982_frame_03.jpg,0,youtube
original_sequences_youtube_c23_939_frame_03.jpg,0,youtube
manipulated_sequences_NeuralTextures_c23_394_373_frame_05.jpg,1,NeuralTextures
manipulated_sequences_FaceSwap_c23_527_454_frame_05.jpg,1,FaceSwap
manipulated_sequences_NeuralTextures_c23_419_824_frame_01.jpg,1,NeuralTextures
manipulated_sequences_FaceShifter_c23_817_827_frame_03.jpg,1,FaceShifter
manipulated_sequences_FaceSwap_c23_489_022_frame_03.jpg,1,FaceSwap
manipulated_sequences_NeuralTextures_c23_806_781_frame_05.jpg,1,NeuralTextures
manipulated_sequences_FaceSwap_c23_790_014_frame_03.jpg,1,FaceSwap
manipulated_sequences_Face2Face_c23_432_357_frame_04.jpg,1,Face2Face
manipulated_sequences_NeuralTextures_c23_612_702_frame_04.jpg,1,NeuralTextures
manipulated_sequences_FaceSwap_c23_781_806_frame_01.jpg,1,FaceSwap
original_sequences_youtube_c23_055_frame_02.jpg,0,youtube
manipulated_sequences_FaceSwap_c23_315_322_frame_05.jpg,1,FaceSwap
original_sequences_youtube_c23_148_frame_03.jpg,0,youtube
manipulated_sequences_FaceSwap_c23_141_161_frame_02.jpg,1,FaceSwap
manipulated_sequences_Deepfakes_c23_898_922_frame_01.jpg,1,Deepfakes
original_sequences_youtube_c23_705_frame_02.jpg,0,youtube
manipulated_sequences_FaceSwap_c23_536_540_frame_04.jpg,1,FaceSwap
original_sequences_youtube_c23_461_frame_01.jpg,0,youtube
original_sequences_youtube_c23_928_frame_02.jpg,0,youtube
manipulated_sequences_Face2Face_c23_314_347_frame_04.jpg,1,Face2Face
manipulated_sequences_FaceSwap_c23_879_963_frame_01.jpg,1,FaceSwap
manipulated_sequences_FaceShifter_c23_132_007_frame_05.jpg,1,FaceShifter
original_sequences_youtube_c23_681_frame_04.jpg,0,youtube
original_sequences_youtube_c23_809_frame_02.jpg,0,youtube
manipulated_sequences_FaceShifter_c23_824_419_frame_02.jpg,1,FaceShifter
original_sequences_youtube_c23_227_frame_03.jpg,0,youtube
manipulated_sequences_FaceShifter_c23_075_977_frame_01.jpg,1,FaceShifter
manipulated_sequences_Deepfakes_c23_854_747_frame_02.jpg,1,Deepfakes
manipulated_sequences_Face2Face_c23_591_605_frame_03.jpg,1,Face2Face
original_sequences_youtube_c23_351_frame_05.jpg,0,youtube
manipulated_sequences_NeuralTextures_c23_571_746_frame_04.jpg,1,NeuralTextures
manipulated_sequences_FaceShifter_c23_022_489_frame_02.jpg,1,FaceShifter
manipulated_sequences_Face2Face_c23_083_213_frame_04.jpg,1,Face2Face
original_sequences_youtube_c23_146_frame_03.jpg,0,youtube
original_sequences_youtube_c23_169_frame_02.jpg,0,youtube
manipulated_sequences_Deepfakes_c23_142_138_frame_03.jpg,1,Deepfakes
manipulated_sequences_NeuralTextures_c23_965_948_frame_02.jpg,1,NeuralTextures
manipulated_sequences_FaceSwap_c23_530_594_frame_04.jpg,1,FaceSwap
manipulated_sequences_FaceShifter_c23_588_556_frame_04.jpg,1,FaceShifter
manipulated_sequences_Deepfakes_c23_674_744_frame_02.jpg,1,Deepfakes
manipulated_sequences_FaceSwap_c23_407_374_frame_04.jpg,1,FaceSwap
manipulated_sequences_NeuralTextures_c23_782_787_frame_02.jpg,1,NeuralTextures
original_sequences_youtube_c23_021_frame_01.jpg,0,youtube
manipulated_sequences_NeuralTextures_c23_746_571_frame_03.jpg,1,NeuralTextures
manipulated_sequences_Face2Face_c23_395_401_frame_04.jpg,1,Face2Face
manipulated_sequences_FaceShifter_c23_672_720_frame_04.jpg,1,FaceShifter
manipulated_sequences_FaceSwap_c23_579_701_frame_05.jpg,1,FaceSwap
manipulated_sequences_Deepfakes_c23_132_007_frame_05.jpg,1,Deepfakes
manipulated_sequences_NeuralTextures_c23_672_720_frame_04.jpg,1,NeuralTextures
manipulated_sequences_NeuralTextures_c23_920_811_frame_05.jpg,1,NeuralTextures
manipulated_sequences_Face2Face_c23_252_266_frame_03.jpg,1,Face2Face
manipulated_sequences_NeuralTextures_c23_879_963_frame_01.jpg,1,NeuralTextures
manipulated_sequences_FaceSwap_c23_395_401_frame_01.jpg,1,FaceSwap
original_sequences_youtube_c23_427_frame_02.jpg,0,youtube
original_sequences_youtube_c23_148_frame_02.jpg,0,youtube
manipulated_sequences_Face2Face_c23_957_959_frame_02.jpg,1,Face2Face
manipulated_sequences_Face2Face_c23_873_872_frame_03.jpg,1,Face2Face
manipulated_sequences_Deepfakes_c23_574_547_frame_02.jpg,1,Deepfakes
original_sequences_youtube_c23_925_frame_02.jpg,0,youtube
original_sequences_youtube_c23_693_frame_01.jpg,0,youtube
original_sequences_youtube_c23_651_frame_02.jpg,0,youtube
original_sequences_youtube_c23_550_frame_02.jpg,0,youtube
manipulated_sequences_Deepfakes_c23_281_474_frame_04.jpg,1,Deepfakes
original_sequences_youtube_c23_721_frame_04.jpg,0,youtube
original_sequences_youtube_c23_714_frame_05.jpg,0,youtube
original_sequences_youtube_c23_691_frame_04.jpg,0,youtube
original_sequences_youtube_c23_638_frame_04.jpg,0,youtube
manipulated_sequences_FaceSwap_c23_483_370_frame_02.jpg,1,FaceSwap
manipulated_sequences_NeuralTextures_c23_676_776_frame_03.jpg,1,NeuralTextures
manipulated_sequences_NeuralTextures_c23_217_117_frame_01.jpg,1,NeuralTextures
original_sequences_youtube_c23_206_frame_01.jpg,0,youtube
manipulated_sequences_FaceSwap_c23_783_916_frame_03.jpg,1,FaceSwap
manipulated_sequences_Deepfakes_c23_138_142_frame_01.jpg,1,Deepfakes
original_sequences_youtube_c23_105_frame_01.jpg,0,youtube
manipulated_sequences_Face2Face_c23_637_427_frame_03.jpg,1,Face2Face
manipulated_sequences_NeuralTextures_c23_780_869_frame_04.jpg,1,NeuralTextures
original_sequences_youtube_c23_118_frame_04.jpg,0,youtube
original_sequences_youtube_c23_595_frame_03.jpg,0,youtube
original_sequences_youtube_c23_940_frame_03.jpg,0,youtube
original_sequences_youtube_c23_603_frame_03.jpg,0,youtube
manipulated_sequences_FaceSwap_c23_228_289_frame_05.jpg,1,FaceSwap
manipulated_sequences_Face2Face_c23_216_164_frame_04.jpg,1,Face2Face
original_sequences_youtube_c23_943_frame_05.jpg,0,youtube
manipulated_sequences_Face2Face_c23_391_406_frame_01.jpg,1,Face2Face
original_sequences_youtube_c23_009_frame_02.jpg,0,youtube
manipulated_sequences_NeuralTextures_c23_926_900_frame_02.jpg,1,NeuralTextures
original_sequences_youtube_c23_987_frame_04.jpg,0,youtube
manipulated_sequences_Deepfakes_c23_072_037_frame_03.jpg,1,Deepfakes
original_sequences_youtube_c23_429_frame_01.jpg,0,youtube
manipulated_sequences_Face2Face_c23_830_828_frame_04.jpg,1,Face2Face
manipulated_sequences_FaceShifter_c23_346_351_frame_03.jpg,1,FaceShifter
manipulated_sequences_FaceShifter_c23_780_869_frame_04.jpg,1,FaceShifter
manipulated_sequences_NeuralTextures_c23_240_290_frame_04.jpg,1,NeuralTextures
original_sequences_youtube_c23_899_frame_03.jpg,0,youtube
original_sequences_youtube_c23_538_frame_03.jpg,0,youtube
original_sequences_youtube_c23_553_frame_03.jpg,0,youtube
manipulated_sequences_Face2Face_c23_143_140_frame_03.jpg,1,Face2Face
manipulated_sequences_NeuralTextures_c23_015_919_frame_04.jpg,1,NeuralTextures
manipulated_sequences_Deepfakes_c23_170_186_frame_05.jpg,1,Deepfakes
original_sequences_youtube_c23_957_frame_04.jpg,0,youtube
manipulated_sequences_FaceSwap_c23_980_992_frame_03.jpg,1,FaceSwap
original_sequences_youtube_c23_764_frame_04.jpg,0,youtube
original_sequences_youtube_c23_813_frame_04.jpg,0,youtube
original_sequences_youtube_c23_659_frame_05.jpg,0,youtube
original_sequences_youtube_c23_342_frame_04.jpg,0,youtube
manipulated_sequences_FaceSwap_c23_873_872_frame_01.jpg,1,FaceSwap
original_sequences_youtube_c23_799_frame_03.jpg,0,youtube
original_sequences_youtube_c23_546_frame_04.jpg,0,youtube
original_sequences_youtube_c23_254_frame_03.jpg,0,youtube
manipulated_sequences_Deepfakes_c23_437_360_frame_05.jpg,1,Deepfakes
original_sequences_youtube_c23_932_frame_05.jpg,0,youtube
original_sequences_youtube_c23_361_frame_03.jpg,0,youtube
original_sequences_youtube_c23_751_frame_04.jpg,0,youtube
manipulated_sequences_FaceSwap_c23_672_720_frame_01.jpg,1,FaceSwap
manipulated_sequences_FaceShifter_c23_366_473_frame_04.jpg,1,FaceShifter
original_sequences_youtube_c23_687_frame_04.jpg,0,youtube
manipulated_sequences_NeuralTextures_c23_589_565_frame_04.jpg,1,NeuralTextures
original_sequences_youtube_c23_735_frame_01.jpg,0,youtube
original_sequences_youtube_c23_608_frame_04.jpg,0,youtube
manipulated_sequences_FaceSwap_c23_643_646_frame_02.jpg,1,FaceSwap
manipulated_sequences_Face2Face_c23_442_195_frame_04.jpg,1,Face2Face
original_sequences_youtube_c23_144_frame_04.jpg,0,youtube
manipulated_sequences_Deepfakes_c23_928_160_frame_02.jpg,1,Deepfakes
manipulated_sequences_Face2Face_c23_295_099_frame_02.jpg,1,Face2Face
manipulated_sequences_NeuralTextures_c23_057_070_frame_05.jpg,1,NeuralTextures
manipulated_sequences_Face2Face_c23_008_990_frame_01.jpg,1,Face2Face
original_sequences_youtube_c23_423_frame_03.jpg,0,youtube
manipulated_sequences_FaceSwap_c23_127_129_frame_04.jpg,1,FaceSwap
manipulated_sequences_FaceShifter_c23_039_058_frame_02.jpg,1,FaceShifter
original_sequences_youtube_c23_027_frame_05.jpg,0,youtube
manipulated_sequences_FaceSwap_c23_756_503_frame_03.jpg,1,FaceSwap
original_sequences_youtube_c23_625_frame_05.jpg,0,youtube
manipulated_sequences_FaceSwap_c23_781_806_frame_02.jpg,1,FaceSwap
manipulated_sequences_Face2Face_c23_738_804_frame_04.jpg,1,Face2Face
original_sequences_youtube_c23_663_frame_05.jpg,0,youtube
manipulated_sequences_FaceSwap_c23_696_686_frame_02.jpg,1,FaceSwap
manipulated_sequences_NeuralTextures_c23_855_801_frame_03.jpg,1,NeuralTextures
manipulated_sequences_Face2Face_c23_449_451_frame_01.jpg,1,Face2Face
manipulated_sequences_Deepfakes_c23_103_082_frame_02.jpg,1,Deepfakes
manipulated_sequences_Face2Face_c23_261_254_frame_05.jpg,1,Face2Face
original_sequences_youtube_c23_256_frame_04.jpg,0,youtube
original_sequences_youtube_c23_163_frame_05.jpg,0,youtube
original_sequences_youtube_c23_663_frame_04.jpg,0,youtube
original_sequences_youtube_c23_965_frame_03.jpg,0,youtube
manipulated_sequences_FaceShifter_c23_521_517_frame_01.jpg,1,FaceShifter
original_sequences_youtube_c23_726_frame_02.jpg,0,youtube
original_sequences_youtube_c23_451_frame_03.jpg,0,youtube
manipulated_sequences_NeuralTextures_c23_347_314_frame_01.jpg,1,NeuralTextures
manipulated_sequences_NeuralTextures_c23_595_597_frame_05.jpg,1,NeuralTextures
manipulated_sequences_Face2Face_c23_390_709_frame_05.jpg,1,Face2Face
original_sequences_youtube_c23_851_frame_02.jpg,0,youtube
original_sequences_youtube_c23_359_frame_04.jpg,0,youtube
original_sequences_youtube_c23_303_frame_02.jpg,0,youtube
manipulated_sequences_NeuralTextures_c23_783_916_frame_03.jpg,1,NeuralTextures
manipulated_sequences_Face2Face_c23_962_929_frame_05.jpg,1,Face2Face
manipulated_sequences_FaceSwap_c23_572_554_frame_02.jpg,1,FaceSwap
manipulated_sequences_NeuralTextures_c23_449_451_frame_01.jpg,1,NeuralTextures
manipulated_sequences_NeuralTextures_c23_782_787_frame_01.jpg,1,NeuralTextures
original_sequences_youtube_c23_371_frame_04.jpg,0,youtube
manipulated_sequences_FaceSwap_c23_438_434_frame_05.jpg,1,FaceSwap
original_sequences_youtube_c23_217_frame_03.jpg,0,youtube
manipulated_sequences_NeuralTextures_c23_599_585_frame_02.jpg,1,NeuralTextures
original_sequences_youtube_c23_277_frame_04.jpg,0,youtube
manipulated_sequences_Face2Face_c23_866_878_frame_03.jpg,1,Face2Face
original_sequences_youtube_c23_390_frame_03.jpg,0,youtube
manipulated_sequences_NeuralTextures_c23_201_203_frame_02.jpg,1,NeuralTextures
original_sequences_youtube_c23_618_frame_02.jpg,0,youtube
original_sequences_youtube_c23_502_frame_04.jpg,0,youtube
manipulated_sequences_Face2Face_c23_073_024_frame_02.jpg,1,Face2Face
manipulated_sequences_Deepfakes_c23_848_894_frame_04.jpg,1,Deepfakes
manipulated_sequences_Deepfakes_c23_719_737_frame_04.jpg,1,Deepfakes
original_sequences_youtube_c23_396_frame_01.jpg,0,youtube
manipulated_sequences_FaceSwap_c23_570_624_frame_03.jpg,1,FaceSwap
manipulated_sequences_Deepfakes_c23_700_813_frame_02.jpg,1,Deepfakes
manipulated_sequences_FaceShifter_c23_097_033_frame_04.jpg,1,FaceShifter
original_sequences_youtube_c23_765_frame_01.jpg,0,youtube
original_sequences_youtube_c23_939_frame_05.jpg,0,youtube
manipulated_sequences_NeuralTextures_c23_277_335_frame_03.jpg,1,NeuralTextures
original_sequences_youtube_c23_069_frame_01.jpg,0,youtube
manipulated_sequences_FaceShifter_c23_449_451_frame_01.jpg,1,FaceShifter
manipulated_sequences_FaceShifter_c23_539_499_frame_01.jpg,1,FaceShifter
original_sequences_youtube_c23_544_frame_05.jpg,0,youtube
original_sequences_youtube_c23_952_frame_02.jpg,0,youtube
manipulated_sequences_Face2Face_c23_202_348_frame_02.jpg,1,Face2Face
manipulated_sequences_NeuralTextures_c23_676_776_frame_05.jpg,1,NeuralTextures
manipulated_sequences_Face2Face_c23_076_079_frame_05.jpg,1,Face2Face
manipulated_sequences_FaceShifter_c23_999_960_frame_02.jpg,1,FaceShifter
original_sequences_youtube_c23_157_frame_03.jpg,0,youtube
manipulated_sequences_FaceSwap_c23_904_046_frame_05.jpg,1,FaceSwap
manipulated_sequences_FaceSwap_c23_572_554_frame_04.jpg,1,FaceSwap
original_sequences_youtube_c23_739_frame_01.jpg,0,youtube
original_sequences_youtube_c23_025_frame_01.jpg,0,youtube
original_sequences_youtube_c23_439_frame_05.jpg,0,youtube
original_sequences_youtube_c23_801_frame_05.jpg,0,youtube
original_sequences_youtube_c23_482_frame_02.jpg,0,youtube
original_sequences_youtube_c23_052_frame_03.jpg,0,youtube
original_sequences_youtube_c23_398_frame_05.jpg,0,youtube
manipulated_sequences_Deepfakes_c23_227_169_frame_02.jpg,1,Deepfakes
manipulated_sequences_NeuralTextures_c23_791_770_frame_05.jpg,1,NeuralTextures
manipulated_sequences_FaceSwap_c23_212_179_frame_04.jpg,1,FaceSwap
original_sequences_youtube_c23_199_frame_04.jpg,0,youtube
manipulated_sequences_FaceSwap_c23_818_820_frame_01.jpg,1,FaceSwap
original_sequences_youtube_c23_334_frame_03.jpg,0,youtube
manipulated_sequences_FaceShifter_c23_546_621_frame_05.jpg,1,FaceShifter
manipulated_sequences_FaceShifter_c23_879_963_frame_03.jpg,1,FaceShifter
manipulated_sequences_Face2Face_c23_748_355_frame_03.jpg,1,Face2Face
original_sequences_youtube_c23_411_frame_02.jpg,0,youtube
original_sequences_youtube_c23_632_frame_03.jpg,0,youtube
original_sequences_youtube_c23_200_frame_05.jpg,0,youtube
original_sequences_youtube_c23_700_frame_03.jpg,0,youtube
manipulated_sequences_NeuralTextures_c23_340_341_frame_01.jpg,1,NeuralTextures
manipulated_sequences_Deepfakes_c23_488_399_frame_03.jpg,1,Deepfakes
manipulated_sequences_Face2Face_c23_561_998_frame_03.jpg,1,Face2Face
original_sequences_youtube_c23_771_frame_04.jpg,0,youtube
original_sequences_youtube_c23_704_frame_04.jpg,0,youtube
manipulated_sequences_FaceShifter_c23_063_041_frame_05.jpg,1,FaceShifter
original_sequences_youtube_c23_364_frame_01.jpg,0,youtube
manipulated_sequences_FaceSwap_c23_171_173_frame_04.jpg,1,FaceSwap
manipulated_sequences_FaceShifter_c23_141_161_frame_02.jpg,1,FaceShifter
manipulated_sequences_Deepfakes_c23_779_794_frame_03.jpg,1,Deepfakes
manipulated_sequences_Deepfakes_c23_116_091_frame_01.jpg,1,Deepfakes
original_sequences_youtube_c23_044_frame_02.jpg,0,youtube
manipulated_sequences_Deepfakes_c23_348_202_frame_03.jpg,1,Deepfakes
manipulated_sequences_NeuralTextures_c23_818_820_frame_01.jpg,1,NeuralTextures
manipulated_sequences_Deepfakes_c23_531_549_frame_05.jpg,1,Deepfakes
manipulated_sequences_FaceShifter_c23_872_873_frame_05.jpg,1,FaceShifter
manipulated_sequences_NeuralTextures_c23_377_333_frame_03.jpg,1,NeuralTextures
original_sequences_youtube_c23_587_frame_04.jpg,0,youtube
manipulated_sequences_Face2Face_c23_504_502_frame_05.jpg,1,Face2Face
original_sequences_youtube_c23_057_frame_05.jpg,0,youtube
manipulated_sequences_FaceSwap_c23_524_580_frame_04.jpg,1,FaceSwap
original_sequences_youtube_c23_008_frame_03.jpg,0,youtube
manipulated_sequences_Face2Face_c23_642_635_frame_05.jpg,1,Face2Face
original_sequences_youtube_c23_261_frame_04.jpg,0,youtube
original_sequences_youtube_c23_584_frame_01.jpg,0,youtube
manipulated_sequences_FaceShifter_c23_328_320_frame_03.jpg,1,FaceShifter
manipulated_sequences_Face2Face_c23_488_399_frame_03.jpg,1,Face2Face
manipulated_sequences_NeuralTextures_c23_267_286_frame_05.jpg,1,NeuralTextures
manipulated_sequences_Face2Face_c23_706_479_frame_05.jpg,1,Face2Face
manipulated_sequences_FaceShifter_c23_208_215_frame_03.jpg,1,FaceShifter
manipulated_sequences_NeuralTextures_c23_708_772_frame_04.jpg,1,NeuralTextures
manipulated_sequences_FaceSwap_c23_536_540_frame_01.jpg,1,FaceSwap
original_sequences_youtube_c23_667_frame_01.jpg,0,youtube
manipulated_sequences_FaceShifter_c23_411_410_frame_05.jpg,1,FaceShifter
original_sequences_youtube_c23_030_frame_01.jpg,0,youtube
original_sequences_youtube_c23_019_frame_03.jpg,0,youtube
manipulated_sequences_Face2Face_c23_847_906_frame_01.jpg,1,Face2Face
manipulated_sequences_FaceShifter_c23_367_371_frame_04.jpg,1,FaceShifter
manipulated_sequences_FaceShifter_c23_295_099_frame_04.jpg,1,FaceShifter
manipulated_sequences_Deepfakes_c23_374_407_frame_01.jpg,1,Deepfakes
original_sequences_youtube_c23_564_frame_05.jpg,0,youtube
original_sequences_youtube_c23_234_frame_02.jpg,0,youtube
manipulated_sequences_NeuralTextures_c23_694_767_frame_03.jpg,1,NeuralTextures
manipulated_sequences_NeuralTextures_c23_561_998_frame_05.jpg,1,NeuralTextures
manipulated_sequences_NeuralTextures_c23_454_527_frame_01.jpg,1,NeuralTextures
manipulated_sequences_NeuralTextures_c23_468_470_frame_05.jpg,1,NeuralTextures
original_sequences_youtube_c23_063_frame_03.jpg,0,youtube
manipulated_sequences_Deepfakes_c23_438_434_frame_01.jpg,1,Deepfakes
original_sequences_youtube_c23_396_frame_03.jpg,0,youtube
original_sequences_youtube_c23_327_frame_03.jpg,0,youtube
original_sequences_youtube_c23_098_frame_04.jpg,0,youtube
original_sequences_youtube_c23_682_frame_02.jpg,0,youtube
manipulated_sequences_FaceShifter_c23_893_913_frame_01.jpg,1,FaceShifter
manipulated_sequences_FaceShifter_c23_452_550_frame_01.jpg,1,FaceShifter
original_sequences_youtube_c23_826_frame_01.jpg,0,youtube
manipulated_sequences_FaceSwap_c23_583_558_frame_02.jpg,1,FaceSwap
manipulated_sequences_FaceSwap_c23_227_169_frame_02.jpg,1,FaceSwap
manipulated_sequences_NeuralTextures_c23_900_926_frame_05.jpg,1,NeuralTextures
original_sequences_youtube_c23_466_frame_01.jpg,0,youtube
manipulated_sequences_Face2Face_c23_986_994_frame_04.jpg,1,Face2Face
original_sequences_youtube_c23_037_frame_03.jpg,0,youtube
manipulated_sequences_Face2Face_c23_455_471_frame_03.jpg,1,Face2Face
manipulated_sequences_NeuralTextures_c23_593_577_frame_02.jpg,1,NeuralTextures
manipulated_sequences_FaceSwap_c23_354_362_frame_05.jpg,1,FaceSwap
original_sequences_youtube_c23_455_frame_04.jpg,0,youtube
original_sequences_youtube_c23_001_frame_04.jpg,0,youtube
original_sequences_youtube_c23_926_frame_04.jpg,0,youtube
manipulated_sequences_NeuralTextures_c23_848_894_frame_04.jpg,1,NeuralTextures
original_sequences_youtube_c23_430_frame_02.jpg,0,youtube
original_sequences_youtube_c23_427_frame_05.jpg,0,youtube
manipulated_sequences_Face2Face_c23_317_359_frame_01.jpg,1,Face2Face
original_sequences_youtube_c23_632_frame_02.jpg,0,youtube
original_sequences_youtube_c23_432_frame_01.jpg,0,youtube
manipulated_sequences_FaceSwap_c23_127_129_frame_05.jpg,1,FaceSwap
original_sequences_youtube_c23_168_frame_02.jpg,0,youtube
original_sequences_youtube_c23_761_frame_04.jpg,0,youtube
original_sequences_youtube_c23_083_frame_03.jpg,0,youtube
original_sequences_youtube_c23_595_frame_01.jpg,0,youtube
manipulated_sequences_Face2Face_c23_438_434_frame_05.jpg,1,Face2Face
original_sequences_youtube_c23_706_frame_05.jpg,0,youtube
original_sequences_youtube_c23_516_frame_05.jpg,0,youtube
original_sequences_youtube_c23_028_frame_02.jpg,0,youtube
manipulated_sequences_NeuralTextures_c23_442_195_frame_04.jpg,1,NeuralTextures
manipulated_sequences_Deepfakes_c23_380_358_frame_02.jpg,1,Deepfakes
manipulated_sequences_FaceSwap_c23_202_348_frame_04.jpg,1,FaceSwap
manipulated_sequences_Deepfakes_c23_727_729_frame_03.jpg,1,Deepfakes
manipulated_sequences_Face2Face_c23_624_570_frame_04.jpg,1,Face2Face
manipulated_sequences_NeuralTextures_c23_359_317_frame_05.jpg,1,NeuralTextures
original_sequences_youtube_c23_767_frame_02.jpg,0,youtube
manipulated_sequences_Deepfakes_c23_377_333_frame_03.jpg,1,Deepfakes
manipulated_sequences_NeuralTextures_c23_733_935_frame_05.jpg,1,NeuralTextures
original_sequences_youtube_c23_176_frame_04.jpg,0,youtube
manipulated_sequences_NeuralTextures_c23_652_773_frame_02.jpg,1,NeuralTextures
manipulated_sequences_Face2Face_c23_572_554_frame_03.jpg,1,Face2Face
manipulated_sequences_Face2Face_c23_979_875_frame_02.jpg,1,Face2Face
original_sequences_youtube_c23_547_frame_02.jpg,0,youtube
original_sequences_youtube_c23_054_frame_03.jpg,0,youtube
original_sequences_youtube_c23_107_frame_05.jpg,0,youtube
manipulated_sequences_Face2Face_c23_435_456_frame_05.jpg,1,Face2Face
manipulated_sequences_Face2Face_c23_647_622_frame_05.jpg,1,Face2Face
manipulated_sequences_FaceSwap_c23_630_623_frame_04.jpg,1,FaceSwap
manipulated_sequences_FaceShifter_c23_741_731_frame_04.jpg,1,FaceShifter
manipulated_sequences_FaceShifter_c23_158_379_frame_02.jpg,1,FaceShifter
manipulated_sequences_Deepfakes_c23_036_035_frame_02.jpg,1,Deepfakes
original_sequences_youtube_c23_427_frame_03.jpg,0,youtube
manipulated_sequences_Face2Face_c23_601_653_frame_01.jpg,1,Face2Face
manipulated_sequences_FaceSwap_c23_103_082_frame_02.jpg,1,FaceSwap
manipulated_sequences_FaceShifter_c23_273_807_frame_03.jpg,1,FaceShifter
manipulated_sequences_NeuralTextures_c23_798_778_frame_04.jpg,1,NeuralTextures
manipulated_sequences_FaceSwap_c23_458_722_frame_02.jpg,1,FaceSwap
original_sequences_youtube_c23_970_frame_03.jpg,0,youtube
original_sequences_youtube_c23_512_frame_01.jpg,0,youtube
original_sequences_youtube_c23_804_frame_02.jpg,0,youtube
manipulated_sequences_Deepfakes_c23_760_611_frame_04.jpg,1,Deepfakes
manipulated_sequences_FaceShifter_c23_014_790_frame_01.jpg,1,FaceShifter
manipulated_sequences_FaceShifter_c23_469_481_frame_02.jpg,1,FaceShifter
manipulated_sequences_FaceSwap_c23_001_870_frame_05.jpg,1,FaceSwap
original_sequences_youtube_c23_367_frame_03.jpg,0,youtube
manipulated_sequences_FaceShifter_c23_197_224_frame_05.jpg,1,FaceShifter
manipulated_sequences_FaceShifter_c23_050_059_frame_05.jpg,1,FaceShifter
manipulated_sequences_FaceSwap_c23_444_655_frame_03.jpg,1,FaceSwap
manipulated_sequences_Face2Face_c23_621_546_frame_04.jpg,1,Face2Face
manipulated_sequences_FaceSwap_c23_032_944_frame_03.jpg,1,FaceSwap
manipulated_sequences_Face2Face_c23_523_541_frame_02.jpg,1,Face2Face
manipulated_sequences_NeuralTextures_c23_607_683_frame_05.jpg,1,NeuralTextures
original_sequences_youtube_c23_730_frame_01.jpg,0,youtube
original_sequences_youtube_c23_979_frame_02.jpg,0,youtube
original_sequences_youtube_c23_746_frame_03.jpg,0,youtube
original_sequences_youtube_c23_109_frame_03.jpg,0,youtube
original_sequences_youtube_c23_063_frame_05.jpg,0,youtube
manipulated_sequences_FaceShifter_c23_570_624_frame_04.jpg,1,FaceShifter
manipulated_sequences_Deepfakes_c23_188_191_frame_02.jpg,1,Deepfakes
original_sequences_youtube_c23_268_frame_04.jpg,0,youtube
original_sequences_youtube_c23_693_frame_04.jpg,0,youtube
manipulated_sequences_FaceShifter_c23_392_339_frame_01.jpg,1,FaceShifter
original_sequences_youtube_c23_974_frame_05.jpg,0,youtube
original_sequences_youtube_c23_714_frame_04.jpg,0,youtube
original_sequences_youtube_c23_426_frame_02.jpg,0,youtube
original_sequences_youtube_c23_560_frame_01.jpg,0,youtube
manipulated_sequences_NeuralTextures_c23_213_083_frame_02.jpg,1,NeuralTextures
original_sequences_youtube_c23_757_frame_05.jpg,0,youtube
original_sequences_youtube_c23_888_frame_05.jpg,0,youtube
manipulated_sequences_NeuralTextures_c23_124_085_frame_01.jpg,1,NeuralTextures
original_sequences_youtube_c23_757_frame_03.jpg,0,youtube
original_sequences_youtube_c23_232_frame_01.jpg,0,youtube
original_sequences_youtube_c23_550_frame_04.jpg,0,youtube
original_sequences_youtube_c23_109_frame_04.jpg,0,youtube
manipulated_sequences_FaceShifter_c23_482_465_frame_03.jpg,1,FaceShifter
manipulated_sequences_Face2Face_c23_473_366_frame_04.jpg,1,Face2Face
manipulated_sequences_FaceShifter_c23_524_580_frame_04.jpg,1,FaceShifter
original_sequences_youtube_c23_149_frame_03.jpg,0,youtube
original_sequences_youtube_c23_748_frame_04.jpg,0,youtube
manipulated_sequences_FaceShifter_c23_405_393_frame_02.jpg,1,FaceShifter
manipulated_sequences_FaceSwap_c23_505_600_frame_04.jpg,1,FaceSwap
original_sequences_youtube_c23_988_frame_05.jpg,0,youtube
manipulated_sequences_FaceShifter_c23_142_138_frame_03.jpg,1,FaceShifter
manipulated_sequences_FaceSwap_c23_280_249_frame_04.jpg,1,FaceSwap
manipulated_sequences_NeuralTextures_c23_786_819_frame_02.jpg,1,NeuralTextures
manipulated_sequences_FaceShifter_c23_697_581_frame_04.jpg,1,FaceShifter
manipulated_sequences_NeuralTextures_c23_866_878_frame_03.jpg,1,NeuralTextures
manipulated_sequences_Deepfakes_c23_854_747_frame_05.jpg,1,Deepfakes
manipulated_sequences_Deepfakes_c23_104_126_frame_05.jpg,1,Deepfakes
original_sequences_youtube_c23_900_frame_02.jpg,0,youtube
original_sequences_youtube_c23_753_frame_04.jpg,0,youtube
original_sequences_youtube_c23_864_frame_02.jpg,0,youtube
original_sequences_youtube_c23_821_frame_02.jpg,0,youtube
manipulated_sequences_FaceShifter_c23_791_770_frame_04.jpg,1,FaceShifter
manipulated_sequences_Face2Face_c23_281_474_frame_05.jpg,1,Face2Face
manipulated_sequences_FaceSwap_c23_453_402_frame_01.jpg,1,FaceSwap
manipulated_sequences_Face2Face_c23_791_770_frame_05.jpg,1,Face2Face
manipulated_sequences_Deepfakes_c23_284_263_frame_02.jpg,1,Deepfakes
original_sequences_youtube_c23_247_frame_01.jpg,0,youtube
original_sequences_youtube_c23_741_frame_01.jpg,0,youtube
manipulated_sequences_NeuralTextures_c23_288_321_frame_05.jpg,1,NeuralTextures
original_sequences_youtube_c23_825_frame_04.jpg,0,youtube
original_sequences_youtube_c23_406_frame_02.jpg,0,youtube
manipulated_sequences_NeuralTextures_c23_622_647_frame_04.jpg,1,NeuralTextures
manipulated_sequences_NeuralTextures_c23_250_461_frame_03.jpg,1,NeuralTextures
original_sequences_youtube_c23_275_frame_04.jpg,0,youtube
original_sequences_youtube_c23_292_frame_03.jpg,0,youtube
original_sequences_youtube_c23_079_frame_02.jpg,0,youtube
manipulated_sequences_Face2Face_c23_806_781_frame_05.jpg,1,Face2Face
original_sequences_youtube_c23_049_frame_04.jpg,0,youtube
original_sequences_youtube_c23_048_frame_01.jpg,0,youtube
original_sequences_youtube_c23_711_frame_03.jpg,0,youtube
original_sequences_youtube_c23_376_frame_01.jpg,0,youtube
manipulated_sequences_NeuralTextures_c23_393_405_frame_01.jpg,1,NeuralTextures
manipulated_sequences_FaceShifter_c23_041_063_frame_04.jpg,1,FaceShifter
original_sequences_youtube_c23_754_frame_01.jpg,0,youtube
manipulated_sequences_FaceShifter_c23_537_563_frame_01.jpg,1,FaceShifter
original_sequences_youtube_c23_734_frame_04.jpg,0,youtube
manipulated_sequences_FaceSwap_c23_346_351_frame_03.jpg,1,FaceSwap
original_sequences_youtube_c23_165_frame_01.jpg,0,youtube
original_sequences_youtube_c23_176_frame_05.jpg,0,youtube
original_sequences_youtube_c23_102_frame_02.jpg,0,youtube
original_sequences_youtube_c23_221_frame_02.jpg,0,youtube
original_sequences_youtube_c23_926_frame_01.jpg,0,youtube
manipulated_sequences_Deepfakes_c23_572_554_frame_03.jpg,1,Deepfakes
manipulated_sequences_FaceShifter_c23_950_836_frame_04.jpg,1,FaceShifter
original_sequences_youtube_c23_755_frame_01.jpg,0,youtube
original_sequences_youtube_c23_849_frame_02.jpg,0,youtube
manipulated_sequences_Face2Face_c23_452_550_frame_03.jpg,1,Face2Face
original_sequences_youtube_c23_762_frame_05.jpg,0,youtube
manipulated_sequences_FaceShifter_c23_704_723_frame_01.jpg,1,FaceShifter
original_sequences_youtube_c23_713_frame_05.jpg,0,youtube
original_sequences_youtube_c23_574_frame_03.jpg,0,youtube
manipulated_sequences_Face2Face_c23_966_988_frame_02.jpg,1,Face2Face
original_sequences_youtube_c23_679_frame_02.jpg,0,youtube
manipulated_sequences_FaceSwap_c23_957_959_frame_04.jpg,1,FaceSwap
original_sequences_youtube_c23_859_frame_01.jpg,0,youtube
manipulated_sequences_FaceShifter_c23_357_432_frame_01.jpg,1,FaceShifter
manipulated_sequences_FaceShifter_c23_435_456_frame_05.jpg,1,FaceShifter
original_sequences_youtube_c23_767_frame_04.jpg,0,youtube
original_sequences_youtube_c23_548_frame_04.jpg,0,youtube
original_sequences_youtube_c23_300_frame_04.jpg,0,youtube
manipulated_sequences_FaceSwap_c23_591_605_frame_03.jpg,1,FaceSwap
original_sequences_youtube_c23_627_frame_04.jpg,0,youtube
manipulated_sequences_FaceSwap_c23_083_213_frame_04.jpg,1,FaceSwap
original_sequences_youtube_c23_328_frame_01.jpg,0,youtube
original_sequences_youtube_c23_354_frame_01.jpg,0,youtube
original_sequences_youtube_c23_262_frame_03.jpg,0,youtube
original_sequences_youtube_c23_672_frame_01.jpg,0,youtube
manipulated_sequences_Face2Face_c23_722_458_frame_02.jpg,1,Face2Face
original_sequences_youtube_c23_545_frame_01.jpg,0,youtube
original_sequences_youtube_c23_086_frame_04.jpg,0,youtube
original_sequences_youtube_c23_029_frame_03.jpg,0,youtube
original_sequences_youtube_c23_653_frame_05.jpg,0,youtube
manipulated_sequences_FaceSwap_c23_264_271_frame_04.jpg,1,FaceSwap
original_sequences_youtube_c23_475_frame_03.jpg,0,youtube
manipulated_sequences_FaceSwap_c23_096_101_frame_01.jpg,1,FaceSwap
original_sequences_youtube_c23_386_frame_05.jpg,0,youtube
manipulated_sequences_FaceSwap_c23_469_481_frame_02.jpg,1,FaceSwap
original_sequences_youtube_c23_790_frame_04.jpg,0,youtube
original_sequences_youtube_c23_578_frame_03.jpg,0,youtube
original_sequences_youtube_c23_137_frame_02.jpg,0,youtube
original_sequences_youtube_c23_885_frame_05.jpg,0,youtube
original_sequences_youtube_c23_815_frame_05.jpg,0,youtube
original_sequences_youtube_c23_026_frame_03.jpg,0,youtube
original_sequences_youtube_c23_171_frame_02.jpg,0,youtube
manipulated_sequences_NeuralTextures_c23_669_682_frame_04.jpg,1,NeuralTextures
original_sequences_youtube_c23_155_frame_04.jpg,0,youtube
original_sequences_youtube_c23_667_frame_05.jpg,0,youtube
manipulated_sequences_Deepfakes_c23_534_490_frame_01.jpg,1,Deepfakes
original_sequences_youtube_c23_434_frame_03.jpg,0,youtube
original_sequences_youtube_c23_623_frame_02.jpg,0,youtube
manipulated_sequences_FaceShifter_c23_067_025_frame_05.jpg,1,FaceShifter
original_sequences_youtube_c23_920_frame_01.jpg,0,youtube
original_sequences_youtube_c23_783_frame_01.jpg,0,youtube
original_sequences_youtube_c23_116_frame_01.jpg,0,youtube
manipulated_sequences_FaceShifter_c23_367_371_frame_03.jpg,1,FaceShifter
manipulated_sequences_Face2Face_c23_589_565_frame_04.jpg,1,Face2Face
manipulated_sequences_Face2Face_c23_423_421_frame_05.jpg,1,Face2Face
original_sequences_youtube_c23_730_frame_03.jpg,0,youtube
original_sequences_youtube_c23_997_frame_02.jpg,0,youtube
original_sequences_youtube_c23_691_frame_03.jpg,0,youtube
original_sequences_youtube_c23_664_frame_02.jpg,0,youtube
manipulated_sequences_FaceSwap_c23_830_828_frame_04.jpg,1,FaceSwap
original_sequences_youtube_c23_844_frame_05.jpg,0,youtube
original_sequences_youtube_c23_691_frame_05.jpg,0,youtube
manipulated_sequences_FaceSwap_c23_386_154_frame_03.jpg,1,FaceSwap
manipulated_sequences_FaceShifter_c23_085_124_frame_01.jpg,1,FaceShifter
original_sequences_youtube_c23_128_frame_04.jpg,0,youtube
manipulated_sequences_FaceShifter_c23_831_508_frame_03.jpg,1,FaceShifter
original_sequences_youtube_c23_539_frame_04.jpg,0,youtube
manipulated_sequences_NeuralTextures_c23_847_906_frame_01.jpg,1,NeuralTextures
manipulated_sequences_FaceShifter_c23_531_549_frame_05.jpg,1,FaceShifter
original_sequences_youtube_c23_269_frame_05.jpg,0,youtube
manipulated_sequences_Face2Face_c23_273_807_frame_03.jpg,1,Face2Face
original_sequences_youtube_c23_805_frame_04.jpg,0,youtube
manipulated_sequences_Face2Face_c23_207_908_frame_02.jpg,1,Face2Face
original_sequences_youtube_c23_533_frame_04.jpg,0,youtube
original_sequences_youtube_c23_573_frame_03.jpg,0,youtube
original_sequences_youtube_c23_875_frame_03.jpg,0,youtube
original_sequences_youtube_c23_948_frame_02.jpg,0,youtube
manipulated_sequences_NeuralTextures_c23_081_087_frame_05.jpg,1,NeuralTextures
original_sequences_youtube_c23_896_frame_02.jpg,0,youtube
manipulated_sequences_Deepfakes_c23_517_521_frame_02.jpg,1,Deepfakes
manipulated_sequences_FaceShifter_c23_807_273_frame_05.jpg,1,FaceShifter
manipulated_sequences_NeuralTextures_c23_424_408_frame_05.jpg,1,NeuralTextures
manipulated_sequences_NeuralTextures_c23_397_602_frame_04.jpg,1,NeuralTextures
manipulated_sequences_NeuralTextures_c23_207_908_frame_02.jpg,1,NeuralTextures
original_sequences_youtube_c23_888_frame_01.jpg,0,youtube
original_sequences_youtube_c23_418_frame_01.jpg,0,youtube
original_sequences_youtube_c23_896_frame_04.jpg,0,youtube
manipulated_sequences_Face2Face_c23_212_179_frame_03.jpg,1,Face2Face
manipulated_sequences_Face2Face_c23_032_944_frame_05.jpg,1,Face2Face
original_sequences_youtube_c23_118_frame_03.jpg,0,youtube
manipulated_sequences_FaceShifter_c23_253_183_frame_01.jpg,1,FaceShifter
manipulated_sequences_Face2Face_c23_743_750_frame_04.jpg,1,Face2Face
manipulated_sequences_Face2Face_c23_940_941_frame_02.jpg,1,Face2Face
manipulated_sequences_NeuralTextures_c23_843_859_frame_02.jpg,1,NeuralTextures
original_sequences_youtube_c23_349_frame_03.jpg,0,youtube
original_sequences_youtube_c23_852_frame_03.jpg,0,youtube
original_sequences_youtube_c23_346_frame_03.jpg,0,youtube
original_sequences_youtube_c23_899_frame_02.jpg,0,youtube
manipulated_sequences_FaceSwap_c23_249_280_frame_02.jpg,1,FaceSwap
original_sequences_youtube_c23_680_frame_04.jpg,0,youtube
original_sequences_youtube_c23_796_frame_05.jpg,0,youtube
manipulated_sequences_Deepfakes_c23_092_098_frame_01.jpg,1,Deepfakes
manipulated_sequences_FaceShifter_c23_551_631_frame_05.jpg,1,FaceShifter
original_sequences_youtube_c23_334_frame_02.jpg,0,youtube
manipulated_sequences_FaceShifter_c23_513_305_frame_03.jpg,1,FaceShifter
original_sequences_youtube_c23_536_frame_03.jpg,0,youtube
original_sequences_youtube_c23_145_frame_03.jpg,0,youtube
original_sequences_youtube_c23_990_frame_05.jpg,0,youtube
original_sequences_youtube_c23_359_frame_02.jpg,0,youtube
manipulated_sequences_Deepfakes_c23_638_640_frame_03.jpg,1,Deepfakes
manipulated_sequences_Face2Face_c23_536_540_frame_04.jpg,1,Face2Face
manipulated_sequences_FaceShifter_c23_431_447_frame_04.jpg,1,FaceShifter
manipulated_sequences_Deepfakes_c23_264_271_frame_04.jpg,1,Deepfakes
original_sequences_youtube_c23_263_frame_05.jpg,0,youtube
original_sequences_youtube_c23_013_frame_03.jpg,0,youtube
manipulated_sequences_Face2Face_c23_423_421_frame_03.jpg,1,Face2Face
manipulated_sequences_FaceShifter_c23_340_341_frame_05.jpg,1,FaceShifter
manipulated_sequences_Face2Face_c23_130_139_frame_02.jpg,1,Face2Face
original_sequences_youtube_c23_893_frame_04.jpg,0,youtube
original_sequences_youtube_c23_406_frame_04.jpg,0,youtube
original_sequences_youtube_c23_153_frame_01.jpg,0,youtube
original_sequences_youtube_c23_250_frame_05.jpg,0,youtube
original_sequences_youtube_c23_397_frame_03.jpg,0,youtube
manipulated_sequences_FaceSwap_c23_503_756_frame_04.jpg,1,FaceSwap
manipulated_sequences_Deepfakes_c23_812_821_frame_05.jpg,1,Deepfakes
original_sequences_youtube_c23_541_frame_03.jpg,0,youtube
original_sequences_youtube_c23_385_frame_01.jpg,0,youtube
manipulated_sequences_FaceShifter_c23_756_503_frame_03.jpg,1,FaceShifter
original_sequences_youtube_c23_755_frame_04.jpg,0,youtube
original_sequences_youtube_c23_375_frame_02.jpg,0,youtube
original_sequences_youtube_c23_032_frame_04.jpg,0,youtube
original_sequences_youtube_c23_118_frame_05.jpg,0,youtube
manipulated_sequences_Deepfakes_c23_434_438_frame_05.jpg,1,Deepfakes
original_sequences_youtube_c23_192_frame_02.jpg,0,youtube
original_sequences_youtube_c23_086_frame_03.jpg,0,youtube
original_sequences_youtube_c23_362_frame_02.jpg,0,youtube
manipulated_sequences_Face2Face_c23_572_554_frame_04.jpg,1,Face2Face
original_sequences_youtube_c23_503_frame_05.jpg,0,youtube
original_sequences_youtube_c23_298_frame_02.jpg,0,youtube
original_sequences_youtube_c23_079_frame_04.jpg,0,youtube
original_sequences_youtube_c23_171_frame_04.jpg,0,youtube
manipulated_sequences_FaceShifter_c23_339_392_frame_03.jpg,1,FaceShifter
manipulated_sequences_Face2Face_c23_032_944_frame_03.jpg,1,Face2Face
original_sequences_youtube_c23_938_frame_03.jpg,0,youtube
manipulated_sequences_FaceSwap_c23_521_517_frame_01.jpg,1,FaceSwap
manipulated_sequences_NeuralTextures_c23_118_120_frame_01.jpg,1,NeuralTextures
manipulated_sequences_Face2Face_c23_818_820_frame_01.jpg,1,Face2Face
original_sequences_youtube_c23_457_frame_03.jpg,0,youtube
manipulated_sequences_Deepfakes_c23_149_152_frame_05.jpg,1,Deepfakes
manipulated_sequences_Deepfakes_c23_502_504_frame_03.jpg,1,Deepfakes
original_sequences_youtube_c23_016_frame_01.jpg,0,youtube
manipulated_sequences_NeuralTextures_c23_970_973_frame_03.jpg,1,NeuralTextures
original_sequences_youtube_c23_593_frame_05.jpg,0,youtube
original_sequences_youtube_c23_997_frame_03.jpg,0,youtube
manipulated_sequences_FaceSwap_c23_622_647_frame_01.jpg,1,FaceSwap
original_sequences_youtube_c23_963_frame_05.jpg,0,youtube
manipulated_sequences_FaceShifter_c23_216_164_frame_05.jpg,1,FaceShifter
original_sequences_youtube_c23_431_frame_05.jpg,0,youtube
manipulated_sequences_NeuralTextures_c23_390_709_frame_03.jpg,1,NeuralTextures
original_sequences_youtube_c23_809_frame_04.jpg,0,youtube
manipulated_sequences_NeuralTextures_c23_452_550_frame_04.jpg,1,NeuralTextures
original_sequences_youtube_c23_661_frame_03.jpg,0,youtube
manipulated_sequences_FaceSwap_c23_785_736_frame_03.jpg,1,FaceSwap
original_sequences_youtube_c23_180_frame_05.jpg,0,youtube
manipulated_sequences_Face2Face_c23_837_890_frame_02.jpg,1,Face2Face
manipulated_sequences_FaceSwap_c23_551_631_frame_05.jpg,1,FaceSwap
original_sequences_youtube_c23_599_frame_01.jpg,0,youtube
manipulated_sequences_Deepfakes_c23_830_828_frame_02.jpg,1,Deepfakes
original_sequences_youtube_c23_279_frame_02.jpg,0,youtube
original_sequences_youtube_c23_807_frame_03.jpg,0,youtube
original_sequences_youtube_c23_886_frame_02.jpg,0,youtube
manipulated_sequences_Deepfakes_c23_969_897_frame_01.jpg,1,Deepfakes
manipulated_sequences_Deepfakes_c23_438_434_frame_02.jpg,1,Deepfakes
original_sequences_youtube_c23_897_frame_03.jpg,0,youtube
original_sequences_youtube_c23_876_frame_05.jpg,0,youtube
manipulated_sequences_NeuralTextures_c23_894_848_frame_02.jpg,1,NeuralTextures
original_sequences_youtube_c23_261_frame_03.jpg,0,youtube
original_sequences_youtube_c23_795_frame_05.jpg,0,youtube
manipulated_sequences_Deepfakes_c23_642_635_frame_04.jpg,1,Deepfakes
original_sequences_youtube_c23_553_frame_02.jpg,0,youtube
original_sequences_youtube_c23_820_frame_01.jpg,0,youtube
original_sequences_youtube_c23_728_frame_04.jpg,0,youtube
original_sequences_youtube_c23_468_frame_04.jpg,0,youtube
manipulated_sequences_Face2Face_c23_117_217_frame_01.jpg,1,Face2Face
original_sequences_youtube_c23_894_frame_02.jpg,0,youtube
manipulated_sequences_Face2Face_c23_755_759_frame_04.jpg,1,Face2Face
manipulated_sequences_Deepfakes_c23_635_642_frame_02.jpg,1,Deepfakes
original_sequences_youtube_c23_989_frame_04.jpg,0,youtube
original_sequences_youtube_c23_184_frame_05.jpg,0,youtube
manipulated_sequences_NeuralTextures_c23_896_128_frame_04.jpg,1,NeuralTextures
original_sequences_youtube_c23_388_frame_01.jpg,0,youtube
original_sequences_youtube_c23_508_frame_03.jpg,0,youtube
original_sequences_youtube_c23_009_frame_03.jpg,0,youtube
original_sequences_youtube_c23_918_frame_04.jpg,0,youtube
original_sequences_youtube_c23_285_frame_03.jpg,0,youtube
original_sequences_youtube_c23_021_frame_02.jpg,0,youtube
manipulated_sequences_FaceShifter_c23_320_328_frame_01.jpg,1,FaceShifter
original_sequences_youtube_c23_968_frame_01.jpg,0,youtube
original_sequences_youtube_c23_325_frame_01.jpg,0,youtube
original_sequences_youtube_c23_541_frame_02.jpg,0,youtube
original_sequences_youtube_c23_841_frame_01.jpg,0,youtube
manipulated_sequences_FaceSwap_c23_408_424_frame_03.jpg,1,FaceSwap
original_sequences_youtube_c23_024_frame_03.jpg,0,youtube
original_sequences_youtube_c23_199_frame_01.jpg,0,youtube
original_sequences_youtube_c23_623_frame_01.jpg,0,youtube
manipulated_sequences_FaceShifter_c23_908_207_frame_05.jpg,1,FaceShifter
original_sequences_youtube_c23_969_frame_04.jpg,0,youtube
manipulated_sequences_Face2Face_c23_035_036_frame_05.jpg,1,Face2Face
original_sequences_youtube_c23_977_frame_05.jpg,0,youtube
original_sequences_youtube_c23_396_frame_04.jpg,0,youtube
original_sequences_youtube_c23_733_frame_01.jpg,0,youtube
manipulated_sequences_Deepfakes_c23_749_659_frame_05.jpg,1,Deepfakes
manipulated_sequences_Deepfakes_c23_596_609_frame_01.jpg,1,Deepfakes
original_sequences_youtube_c23_893_frame_02.jpg,0,youtube
original_sequences_youtube_c23_245_frame_04.jpg,0,youtube
manipulated_sequences_NeuralTextures_c23_452_550_frame_01.jpg,1,NeuralTextures
manipulated_sequences_Deepfakes_c23_078_955_frame_01.jpg,1,Deepfakes
original_sequences_youtube_c23_526_frame_01.jpg,0,youtube
manipulated_sequences_Deepfakes_c23_912_927_frame_05.jpg,1,Deepfakes
original_sequences_youtube_c23_428_frame_05.jpg,0,youtube
original_sequences_youtube_c23_155_frame_05.jpg,0,youtube
manipulated_sequences_FaceSwap_c23_116_091_frame_01.jpg,1,FaceSwap
original_sequences_youtube_c23_390_frame_05.jpg,0,youtube
manipulated_sequences_Face2Face_c23_031_163_frame_01.jpg,1,Face2Face
manipulated_sequences_Deepfakes_c23_271_264_frame_03.jpg,1,Deepfakes
manipulated_sequences_Face2Face_c23_768_793_frame_01.jpg,1,Face2Face
manipulated_sequences_FaceSwap_c23_424_408_frame_02.jpg,1,FaceSwap
original_sequences_youtube_c23_518_frame_04.jpg,0,youtube
original_sequences_youtube_c23_852_frame_01.jpg,0,youtube
original_sequences_youtube_c23_260_frame_03.jpg,0,youtube
original_sequences_youtube_c23_466_frame_05.jpg,0,youtube
original_sequences_youtube_c23_786_frame_05.jpg,0,youtube
original_sequences_youtube_c23_676_frame_04.jpg,0,youtube
manipulated_sequences_FaceSwap_c23_810_838_frame_03.jpg,1,FaceSwap
original_sequences_youtube_c23_823_frame_02.jpg,0,youtube
manipulated_sequences_FaceSwap_c23_828_830_frame_03.jpg,1,FaceSwap
manipulated_sequences_NeuralTextures_c23_741_731_frame_03.jpg,1,NeuralTextures
manipulated_sequences_Face2Face_c23_609_596_frame_01.jpg,1,Face2Face
original_sequences_youtube_c23_172_frame_05.jpg,0,youtube
manipulated_sequences_FaceSwap_c23_873_872_frame_04.jpg,1,FaceSwap
original_sequences_youtube_c23_599_frame_04.jpg,0,youtube
original_sequences_youtube_c23_137_frame_04.jpg,0,youtube
original_sequences_youtube_c23_811_frame_04.jpg,0,youtube
manipulated_sequences_FaceSwap_c23_374_407_frame_04.jpg,1,FaceSwap
manipulated_sequences_NeuralTextures_c23_898_922_frame_04.jpg,1,NeuralTextures
original_sequences_youtube_c23_999_frame_03.jpg,0,youtube
original_sequences_youtube_c23_297_frame_03.jpg,0,youtube
manipulated_sequences_FaceShifter_c23_713_726_frame_01.jpg,1,FaceShifter
original_sequences_youtube_c23_801_frame_04.jpg,0,youtube
original_sequences_youtube_c23_445_frame_05.jpg,0,youtube
original_sequences_youtube_c23_793_frame_05.jpg,0,youtube
manipulated_sequences_FaceSwap_c23_898_922_frame_03.jpg,1,FaceSwap
original_sequences_youtube_c23_400_frame_01.jpg,0,youtube
original_sequences_youtube_c23_977_frame_03.jpg,0,youtube
manipulated_sequences_Deepfakes_c23_490_534_frame_03.jpg,1,Deepfakes
manipulated_sequences_FaceSwap_c23_368_378_frame_02.jpg,1,FaceSwap
manipulated_sequences_Deepfakes_c23_971_564_frame_02.jpg,1,Deepfakes
manipulated_sequences_FaceSwap_c23_886_877_frame_03.jpg,1,FaceSwap
original_sequences_youtube_c23_404_frame_04.jpg,0,youtube
manipulated_sequences_NeuralTextures_c23_372_413_frame_01.jpg,1,NeuralTextures
manipulated_sequences_FaceSwap_c23_902_901_frame_03.jpg,1,FaceSwap
original_sequences_youtube_c23_766_frame_03.jpg,0,youtube
original_sequences_youtube_c23_713_frame_04.jpg,0,youtube
manipulated_sequences_Face2Face_c23_667_446_frame_03.jpg,1,Face2Face
manipulated_sequences_FaceSwap_c23_716_712_frame_02.jpg,1,FaceSwap
manipulated_sequences_NeuralTextures_c23_549_531_frame_03.jpg,1,NeuralTextures
original_sequences_youtube_c23_352_frame_02.jpg,0,youtube
original_sequences_youtube_c23_604_frame_05.jpg,0,youtube
manipulated_sequences_NeuralTextures_c23_033_097_frame_02.jpg,1,NeuralTextures
manipulated_sequences_NeuralTextures_c23_075_977_frame_04.jpg,1,NeuralTextures
manipulated_sequences_FaceSwap_c23_424_408_frame_04.jpg,1,FaceSwap
original_sequences_youtube_c23_294_frame_02.jpg,0,youtube
original_sequences_youtube_c23_417_frame_03.jpg,0,youtube
manipulated_sequences_FaceShifter_c23_963_879_frame_04.jpg,1,FaceShifter
original_sequences_youtube_c23_213_frame_01.jpg,0,youtube
manipulated_sequences_Face2Face_c23_727_729_frame_04.jpg,1,Face2Face
original_sequences_youtube_c23_743_frame_03.jpg,0,youtube
original_sequences_youtube_c23_460_frame_05.jpg,0,youtube
original_sequences_youtube_c23_878_frame_02.jpg,0,youtube
original_sequences_youtube_c23_827_frame_01.jpg,0,youtube
original_sequences_youtube_c23_014_frame_03.jpg,0,youtube
manipulated_sequences_NeuralTextures_c23_831_508_frame_04.jpg,1,NeuralTextures
manipulated_sequences_NeuralTextures_c23_981_985_frame_04.jpg,1,NeuralTextures
manipulated_sequences_FaceSwap_c23_506_478_frame_02.jpg,1,FaceSwap
original_sequences_youtube_c23_897_frame_01.jpg,0,youtube
original_sequences_youtube_c23_577_frame_02.jpg,0,youtube
original_sequences_youtube_c23_101_frame_05.jpg,0,youtube
original_sequences_youtube_c23_257_frame_04.jpg,0,youtube
manipulated_sequences_NeuralTextures_c23_823_584_frame_02.jpg,1,NeuralTextures
original_sequences_youtube_c23_864_frame_04.jpg,0,youtube
manipulated_sequences_Face2Face_c23_123_119_frame_04.jpg,1,Face2Face
original_sequences_youtube_c23_898_frame_03.jpg,0,youtube
original_sequences_youtube_c23_601_frame_01.jpg,0,youtube
original_sequences_youtube_c23_481_frame_05.jpg,0,youtube
original_sequences_youtube_c23_568_frame_01.jpg,0,youtube
manipulated_sequences_NeuralTextures_c23_769_784_frame_05.jpg,1,NeuralTextures
manipulated_sequences_Face2Face_c23_337_522_frame_03.jpg,1,Face2Face
manipulated_sequences_FaceSwap_c23_230_204_frame_02.jpg,1,FaceSwap
original_sequences_youtube_c23_522_frame_01.jpg,0,youtube
manipulated_sequences_Face2Face_c23_399_488_frame_05.jpg,1,Face2Face
manipulated_sequences_FaceShifter_c23_895_915_frame_02.jpg,1,FaceShifter
manipulated_sequences_FaceSwap_c23_225_151_frame_02.jpg,1,FaceSwap
manipulated_sequences_NeuralTextures_c23_371_367_frame_03.jpg,1,NeuralTextures
manipulated_sequences_FaceSwap_c23_642_635_frame_05.jpg,1,FaceSwap
original_sequences_youtube_c23_109_frame_02.jpg,0,youtube
original_sequences_youtube_c23_822_frame_04.jpg,0,youtube
original_sequences_youtube_c23_435_frame_04.jpg,0,youtube
manipulated_sequences_FaceSwap_c23_570_624_frame_04.jpg,1,FaceSwap
original_sequences_youtube_c23_425_frame_05.jpg,0,youtube
manipulated_sequences_FaceSwap_c23_522_337_frame_02.jpg,1,FaceSwap
original_sequences_youtube_c23_601_frame_02.jpg,0,youtube
manipulated_sequences_FaceSwap_c23_227_169_frame_05.jpg,1,FaceSwap
manipulated_sequences_Deepfakes_c23_352_319_frame_04.jpg,1,Deepfakes
original_sequences_youtube_c23_297_frame_04.jpg,0,youtube
manipulated_sequences_Face2Face_c23_342_416_frame_05.jpg,1,Face2Face
original_sequences_youtube_c23_174_frame_02.jpg,0,youtube
original_sequences_youtube_c23_437_frame_03.jpg,0,youtube
original_sequences_youtube_c23_446_frame_05.jpg,0,youtube
original_sequences_youtube_c23_933_frame_01.jpg,0,youtube
manipulated_sequences_Deepfakes_c23_454_527_frame_03.jpg,1,Deepfakes
original_sequences_youtube_c23_996_frame_03.jpg,0,youtube
manipulated_sequences_FaceShifter_c23_761_766_frame_03.jpg,1,FaceShifter
original_sequences_youtube_c23_491_frame_05.jpg,0,youtube
original_sequences_youtube_c23_175_frame_03.jpg,0,youtube
manipulated_sequences_Face2Face_c23_583_558_frame_02.jpg,1,Face2Face
original_sequences_youtube_c23_458_frame_02.jpg,0,youtube
manipulated_sequences_FaceSwap_c23_350_349_frame_05.jpg,1,FaceSwap
original_sequences_youtube_c23_503_frame_02.jpg,0,youtube
original_sequences_youtube_c23_604_frame_03.jpg,0,youtube
manipulated_sequences_Face2Face_c23_919_015_frame_02.jpg,1,Face2Face
manipulated_sequences_FaceSwap_c23_894_848_frame_05.jpg,1,FaceSwap
manipulated_sequences_Deepfakes_c23_813_700_frame_03.jpg,1,Deepfakes
manipulated_sequences_NeuralTextures_c23_030_193_frame_01.jpg,1,NeuralTextures
original_sequences_youtube_c23_602_frame_02.jpg,0,youtube
manipulated_sequences_NeuralTextures_c23_975_978_frame_05.jpg,1,NeuralTextures
manipulated_sequences_NeuralTextures_c23_036_035_frame_02.jpg,1,NeuralTextures
manipulated_sequences_NeuralTextures_c23_984_967_frame_03.jpg,1,NeuralTextures
manipulated_sequences_Face2Face_c23_170_186_frame_05.jpg,1,Face2Face
original_sequences_youtube_c23_300_frame_02.jpg,0,youtube
manipulated_sequences_Face2Face_c23_092_098_frame_03.jpg,1,Face2Face
manipulated_sequences_FaceShifter_c23_325_492_frame_03.jpg,1,FaceShifter
manipulated_sequences_Deepfakes_c23_839_864_frame_05.jpg,1,Deepfakes
manipulated_sequences_FaceSwap_c23_942_943_frame_04.jpg,1,FaceSwap
original_sequences_youtube_c23_758_frame_03.jpg,0,youtube
manipulated_sequences_Deepfakes_c23_150_153_frame_05.jpg,1,Deepfakes
original_sequences_youtube_c23_891_frame_04.jpg,0,youtube
manipulated_sequences_Face2Face_c23_889_045_frame_03.jpg,1,Face2Face
manipulated_sequences_Face2Face_c23_383_353_frame_04.jpg,1,Face2Face
original_sequences_youtube_c23_831_frame_05.jpg,0,youtube
manipulated_sequences_NeuralTextures_c23_340_341_frame_04.jpg,1,NeuralTextures
original_sequences_youtube_c23_725_frame_01.jpg,0,youtube
manipulated_sequences_Face2Face_c23_919_015_frame_01.jpg,1,Face2Face
manipulated_sequences_FaceSwap_c23_519_515_frame_04.jpg,1,FaceSwap
original_sequences_youtube_c23_820_frame_04.jpg,0,youtube
original_sequences_youtube_c23_435_frame_05.jpg,0,youtube
manipulated_sequences_NeuralTextures_c23_179_212_frame_03.jpg,1,NeuralTextures
original_sequences_youtube_c23_554_frame_04.jpg,0,youtube
manipulated_sequences_FaceShifter_c23_978_975_frame_02.jpg,1,FaceShifter
original_sequences_youtube_c23_624_frame_01.jpg,0,youtube
original_sequences_youtube_c23_529_frame_04.jpg,0,youtube
manipulated_sequences_FaceShifter_c23_472_511_frame_02.jpg,1,FaceShifter
manipulated_sequences_FaceSwap_c23_861_858_frame_05.jpg,1,FaceSwap
original_sequences_youtube_c23_880_frame_01.jpg,0,youtube
original_sequences_youtube_c23_941_frame_05.jpg,0,youtube
manipulated_sequences_NeuralTextures_c23_917_924_frame_04.jpg,1,NeuralTextures
original_sequences_youtube_c23_372_frame_04.jpg,0,youtube
manipulated_sequences_Face2Face_c23_183_253_frame_02.jpg,1,Face2Face
manipulated_sequences_NeuralTextures_c23_367_371_frame_04.jpg,1,NeuralTextures
manipulated_sequences_FaceShifter_c23_207_908_frame_05.jpg,1,FaceShifter
original_sequences_youtube_c23_504_frame_03.jpg,0,youtube
original_sequences_youtube_c23_121_frame_01.jpg,0,youtube
original_sequences_youtube_c23_541_frame_01.jpg,0,youtube
manipulated_sequences_Deepfakes_c23_907_795_frame_05.jpg,1,Deepfakes
manipulated_sequences_Deepfakes_c23_053_095_frame_05.jpg,1,Deepfakes
original_sequences_youtube_c23_834_frame_05.jpg,0,youtube
original_sequences_youtube_c23_395_frame_05.jpg,0,youtube
original_sequences_youtube_c23_269_frame_02.jpg,0,youtube
manipulated_sequences_FaceSwap_c23_147_055_frame_04.jpg,1,FaceSwap
original_sequences_youtube_c23_140_frame_01.jpg,0,youtube
original_sequences_youtube_c23_402_frame_01.jpg,0,youtube
manipulated_sequences_FaceShifter_c23_850_764_frame_04.jpg,1,FaceShifter
manipulated_sequences_FaceSwap_c23_546_621_frame_05.jpg,1,FaceSwap
manipulated_sequences_FaceSwap_c23_700_813_frame_02.jpg,1,FaceSwap
original_sequences_youtube_c23_212_frame_03.jpg,0,youtube
manipulated_sequences_FaceSwap_c23_483_370_frame_04.jpg,1,FaceSwap
manipulated_sequences_Face2Face_c23_472_511_frame_04.jpg,1,Face2Face
manipulated_sequences_FaceSwap_c23_824_419_frame_02.jpg,1,FaceSwap
manipulated_sequences_FaceShifter_c23_694_767_frame_03.jpg,1,FaceShifter
original_sequences_youtube_c23_584_frame_02.jpg,0,youtube
original_sequences_youtube_c23_991_frame_03.jpg,0,youtube
manipulated_sequences_FaceShifter_c23_278_306_frame_05.jpg,1,FaceShifter
original_sequences_youtube_c23_356_frame_03.jpg,0,youtube
original_sequences_youtube_c23_111_frame_04.jpg,0,youtube
manipulated_sequences_NeuralTextures_c23_001_870_frame_02.jpg,1,NeuralTextures
manipulated_sequences_Face2Face_c23_524_580_frame_05.jpg,1,Face2Face
manipulated_sequences_Face2Face_c23_397_602_frame_04.jpg,1,Face2Face
manipulated_sequences_Face2Face_c23_672_720_frame_01.jpg,1,Face2Face
original_sequences_youtube_c23_055_frame_01.jpg,0,youtube
manipulated_sequences_NeuralTextures_c23_489_022_frame_03.jpg,1,NeuralTextures
original_sequences_youtube_c23_080_frame_04.jpg,0,youtube
manipulated_sequences_NeuralTextures_c23_897_969_frame_01.jpg,1,NeuralTextures
original_sequences_youtube_c23_176_frame_01.jpg,0,youtube
original_sequences_youtube_c23_774_frame_04.jpg,0,youtube
original_sequences_youtube_c23_979_frame_04.jpg,0,youtube
manipulated_sequences_Deepfakes_c23_921_569_frame_03.jpg,1,Deepfakes
original_sequences_youtube_c23_854_frame_05.jpg,0,youtube
manipulated_sequences_Face2Face_c23_608_675_frame_05.jpg,1,Face2Face
original_sequences_youtube_c23_911_frame_03.jpg,0,youtube
manipulated_sequences_Face2Face_c23_513_305_frame_01.jpg,1,Face2Face
manipulated_sequences_NeuralTextures_c23_010_005_frame_05.jpg,1,NeuralTextures
original_sequences_youtube_c23_406_frame_01.jpg,0,youtube
original_sequences_youtube_c23_786_frame_01.jpg,0,youtube
manipulated_sequences_NeuralTextures_c23_175_159_frame_03.jpg,1,NeuralTextures
manipulated_sequences_FaceShifter_c23_053_095_frame_05.jpg,1,FaceShifter
manipulated_sequences_NeuralTextures_c23_212_179_frame_02.jpg,1,NeuralTextures
original_sequences_youtube_c23_029_frame_04.jpg,0,youtube
original_sequences_youtube_c23_683_frame_03.jpg,0,youtube
manipulated_sequences_Face2Face_c23_903_792_frame_04.jpg,1,Face2Face
original_sequences_youtube_c23_172_frame_03.jpg,0,youtube
original_sequences_youtube_c23_837_frame_03.jpg,0,youtube
manipulated_sequences_NeuralTextures_c23_914_899_frame_04.jpg,1,NeuralTextures
original_sequences_youtube_c23_783_frame_04.jpg,0,youtube
manipulated_sequences_FaceSwap_c23_085_124_frame_04.jpg,1,FaceSwap
manipulated_sequences_Deepfakes_c23_124_085_frame_05.jpg,1,Deepfakes
manipulated_sequences_FaceSwap_c23_186_170_frame_02.jpg,1,FaceSwap
manipulated_sequences_NeuralTextures_c23_354_362_frame_05.jpg,1,NeuralTextures
manipulated_sequences_Deepfakes_c23_782_787_frame_01.jpg,1,Deepfakes
manipulated_sequences_Face2Face_c23_438_434_frame_01.jpg,1,Face2Face
original_sequences_youtube_c23_642_frame_04.jpg,0,youtube
manipulated_sequences_NeuralTextures_c23_228_289_frame_05.jpg,1,NeuralTextures
manipulated_sequences_Face2Face_c23_448_361_frame_02.jpg,1,Face2Face
original_sequences_youtube_c23_628_frame_05.jpg,0,youtube
original_sequences_youtube_c23_744_frame_02.jpg,0,youtube
original_sequences_youtube_c23_099_frame_05.jpg,0,youtube
manipulated_sequences_Deepfakes_c23_223_586_frame_03.jpg,1,Deepfakes
manipulated_sequences_FaceSwap_c23_831_508_frame_03.jpg,1,FaceSwap
original_sequences_youtube_c23_095_frame_03.jpg,0,youtube
manipulated_sequences_NeuralTextures_c23_488_399_frame_04.jpg,1,NeuralTextures
manipulated_sequences_Face2Face_c23_045_889_frame_01.jpg,1,Face2Face
original_sequences_youtube_c23_179_frame_05.jpg,0,youtube
original_sequences_youtube_c23_497_frame_02.jpg,0,youtube
original_sequences_youtube_c23_854_frame_01.jpg,0,youtube
original_sequences_youtube_c23_508_frame_05.jpg,0,youtube
original_sequences_youtube_c23_247_frame_02.jpg,0,youtube
original_sequences_youtube_c23_869_frame_02.jpg,0,youtube
manipulated_sequences_Face2Face_c23_253_183_frame_05.jpg,1,Face2Face
original_sequences_youtube_c23_483_frame_01.jpg,0,youtube
original_sequences_youtube_c23_705_frame_05.jpg,0,youtube
original_sequences_youtube_c23_718_frame_03.jpg,0,youtube
manipulated_sequences_NeuralTextures_c23_495_512_frame_05.jpg,1,NeuralTextures
manipulated_sequences_Face2Face_c23_355_748_frame_02.jpg,1,Face2Face
manipulated_sequences_FaceSwap_c23_408_424_frame_05.jpg,1,FaceSwap
original_sequences_youtube_c23_618_frame_01.jpg,0,youtube
original_sequences_youtube_c23_126_frame_03.jpg,0,youtube
original_sequences_youtube_c23_211_frame_01.jpg,0,youtube
manipulated_sequences_Face2Face_c23_902_901_frame_03.jpg,1,Face2Face
original_sequences_youtube_c23_309_frame_02.jpg,0,youtube
manipulated_sequences_Face2Face_c23_301_262_frame_03.jpg,1,Face2Face
original_sequences_youtube_c23_411_frame_01.jpg,0,youtube
original_sequences_youtube_c23_650_frame_03.jpg,0,youtube
manipulated_sequences_FaceShifter_c23_716_712_frame_05.jpg,1,FaceShifter
manipulated_sequences_FaceShifter_c23_317_359_frame_01.jpg,1,FaceShifter
manipulated_sequences_NeuralTextures_c23_630_623_frame_04.jpg,1,NeuralTextures
original_sequences_youtube_c23_305_frame_02.jpg,0,youtube
original_sequences_youtube_c23_644_frame_05.jpg,0,youtube
original_sequences_youtube_c23_047_frame_01.jpg,0,youtube
original_sequences_youtube_c23_532_frame_02.jpg,0,youtube
original_sequences_youtube_c23_085_frame_04.jpg,0,youtube
original_sequences_youtube_c23_074_frame_05.jpg,0,youtube
original_sequences_youtube_c23_743_frame_02.jpg,0,youtube
manipulated_sequences_FaceShifter_c23_635_642_frame_02.jpg,1,FaceShifter
original_sequences_youtube_c23_409_frame_04.jpg,0,youtube
original_sequences_youtube_c23_305_frame_03.jpg,0,youtube
manipulated_sequences_Deepfakes_c23_957_959_frame_04.jpg,1,Deepfakes
manipulated_sequences_FaceShifter_c23_974_953_frame_01.jpg,1,FaceShifter
manipulated_sequences_NeuralTextures_c23_704_723_frame_05.jpg,1,NeuralTextures
manipulated_sequences_Deepfakes_c23_355_748_frame_05.jpg,1,Deepfakes
original_sequences_youtube_c23_771_frame_03.jpg,0,youtube
original_sequences_youtube_c23_159_frame_04.jpg,0,youtube
manipulated_sequences_Deepfakes_c23_007_132_frame_05.jpg,1,Deepfakes
manipulated_sequences_Face2Face_c23_964_174_frame_04.jpg,1,Face2Face
manipulated_sequences_Face2Face_c23_861_858_frame_05.jpg,1,Face2Face
original_sequences_youtube_c23_708_frame_04.jpg,0,youtube
original_sequences_youtube_c23_615_frame_01.jpg,0,youtube
manipulated_sequences_FaceSwap_c23_638_640_frame_03.jpg,1,FaceSwap
manipulated_sequences_FaceSwap_c23_681_711_frame_02.jpg,1,FaceSwap
manipulated_sequences_FaceShifter_c23_234_187_frame_04.jpg,1,FaceShifter
original_sequences_youtube_c23_602_frame_01.jpg,0,youtube
original_sequences_youtube_c23_454_frame_03.jpg,0,youtube
manipulated_sequences_FaceSwap_c23_462_467_frame_03.jpg,1,FaceSwap
manipulated_sequences_NeuralTextures_c23_103_082_frame_02.jpg,1,NeuralTextures
manipulated_sequences_Deepfakes_c23_975_978_frame_05.jpg,1,Deepfakes
original_sequences_youtube_c23_595_frame_04.jpg,0,youtube
original_sequences_youtube_c23_542_frame_05.jpg,0,youtube
manipulated_sequences_FaceSwap_c23_092_098_frame_05.jpg,1,FaceSwap
original_sequences_youtube_c23_085_frame_02.jpg,0,youtube
original_sequences_youtube_c23_031_frame_03.jpg,0,youtube
manipulated_sequences_FaceShifter_c23_320_328_frame_02.jpg,1,FaceShifter
original_sequences_youtube_c23_929_frame_03.jpg,0,youtube
original_sequences_youtube_c23_599_frame_02.jpg,0,youtube
manipulated_sequences_NeuralTextures_c23_325_492_frame_04.jpg,1,NeuralTextures
original_sequences_youtube_c23_587_frame_01.jpg,0,youtube
manipulated_sequences_FaceShifter_c23_271_264_frame_03.jpg,1,FaceShifter
original_sequences_youtube_c23_592_frame_01.jpg,0,youtube
manipulated_sequences_Deepfakes_c23_750_743_frame_02.jpg,1,Deepfakes
manipulated_sequences_Face2Face_c23_875_979_frame_04.jpg,1,Face2Face
manipulated_sequences_Deepfakes_c23_408_424_frame_05.jpg,1,Deepfakes
manipulated_sequences_FaceShifter_c23_393_405_frame_03.jpg,1,FaceShifter
manipulated_sequences_Deepfakes_c23_424_408_frame_02.jpg,1,Deepfakes
original_sequences_youtube_c23_531_frame_05.jpg,0,youtube
original_sequences_youtube_c23_635_frame_02.jpg,0,youtube
manipulated_sequences_Face2Face_c23_529_633_frame_04.jpg,1,Face2Face
manipulated_sequences_FaceSwap_c23_281_474_frame_05.jpg,1,FaceSwap
manipulated_sequences_NeuralTextures_c23_041_063_frame_04.jpg,1,NeuralTextures
original_sequences_youtube_c23_042_frame_05.jpg,0,youtube
original_sequences_youtube_c23_354_frame_04.jpg,0,youtube
original_sequences_youtube_c23_018_frame_01.jpg,0,youtube
manipulated_sequences_NeuralTextures_c23_653_601_frame_03.jpg,1,NeuralTextures
original_sequences_youtube_c23_921_frame_02.jpg,0,youtube
manipulated_sequences_NeuralTextures_c23_608_675_frame_05.jpg,1,NeuralTextures
original_sequences_youtube_c23_684_frame_02.jpg,0,youtube
original_sequences_youtube_c23_675_frame_03.jpg,0,youtube
original_sequences_youtube_c23_436_frame_04.jpg,0,youtube
manipulated_sequences_FaceShifter_c23_727_729_frame_03.jpg,1,FaceShifter
manipulated_sequences_Deepfakes_c23_048_029_frame_04.jpg,1,Deepfakes
manipulated_sequences_NeuralTextures_c23_216_164_frame_04.jpg,1,NeuralTextures
original_sequences_youtube_c23_126_frame_02.jpg,0,youtube
original_sequences_youtube_c23_100_frame_01.jpg,0,youtube
original_sequences_youtube_c23_435_frame_03.jpg,0,youtube
original_sequences_youtube_c23_081_frame_01.jpg,0,youtube
original_sequences_youtube_c23_066_frame_03.jpg,0,youtube
original_sequences_youtube_c23_558_frame_05.jpg,0,youtube
manipulated_sequences_Face2Face_c23_179_212_frame_05.jpg,1,Face2Face
original_sequences_youtube_c23_335_frame_05.jpg,0,youtube
original_sequences_youtube_c23_625_frame_02.jpg,0,youtube
manipulated_sequences_Face2Face_c23_687_615_frame_05.jpg,1,Face2Face
manipulated_sequences_FaceShifter_c23_798_778_frame_04.jpg,1,FaceShifter
manipulated_sequences_Deepfakes_c23_685_613_frame_05.jpg,1,Deepfakes
original_sequences_youtube_c23_037_frame_04.jpg,0,youtube
manipulated_sequences_Deepfakes_c23_230_204_frame_05.jpg,1,Deepfakes
original_sequences_youtube_c23_649_frame_01.jpg,0,youtube
original_sequences_youtube_c23_022_frame_01.jpg,0,youtube
original_sequences_youtube_c23_905_frame_05.jpg,0,youtube
manipulated_sequences_FaceShifter_c23_966_988_frame_01.jpg,1,FaceShifter
original_sequences_youtube_c23_669_frame_03.jpg,0,youtube
manipulated_sequences_FaceShifter_c23_424_408_frame_02.jpg,1,FaceShifter
manipulated_sequences_NeuralTextures_c23_325_492_frame_03.jpg,1,NeuralTextures
manipulated_sequences_Face2Face_c23_201_203_frame_02.jpg,1,Face2Face
manipulated_sequences_NeuralTextures_c23_601_653_frame_01.jpg,1,NeuralTextures
manipulated_sequences_NeuralTextures_c23_921_569_frame_02.jpg,1,NeuralTextures
manipulated_sequences_FaceSwap_c23_520_542_frame_05.jpg,1,FaceSwap
original_sequences_youtube_c23_961_frame_01.jpg,0,youtube
original_sequences_youtube_c23_193_frame_03.jpg,0,youtube
manipulated_sequences_NeuralTextures_c23_278_306_frame_05.jpg,1,NeuralTextures
manipulated_sequences_FaceSwap_c23_473_366_frame_04.jpg,1,FaceSwap
original_sequences_youtube_c23_886_frame_03.jpg,0,youtube
manipulated_sequences_FaceShifter_c23_925_933_frame_02.jpg,1,FaceShifter
original_sequences_youtube_c23_415_frame_01.jpg,0,youtube
manipulated_sequences_NeuralTextures_c23_149_152_frame_02.jpg,1,NeuralTextures
manipulated_sequences_FaceSwap_c23_737_719_frame_02.jpg,1,FaceSwap
original_sequences_youtube_c23_952_frame_05.jpg,0,youtube
manipulated_sequences_Deepfakes_c23_409_382_frame_03.jpg,1,Deepfakes
manipulated_sequences_FaceShifter_c23_964_174_frame_04.jpg,1,FaceShifter
original_sequences_youtube_c23_400_frame_05.jpg,0,youtube
original_sequences_youtube_c23_552_frame_01.jpg,0,youtube
original_sequences_youtube_c23_072_frame_01.jpg,0,youtube
manipulated_sequences_Face2Face_c23_595_597_frame_05.jpg,1,Face2Face
original_sequences_youtube_c23_286_frame_05.jpg,0,youtube
original_sequences_youtube_c23_128_frame_02.jpg,0,youtube
original_sequences_youtube_c23_289_frame_03.jpg,0,youtube
original_sequences_youtube_c23_016_frame_05.jpg,0,youtube
original_sequences_youtube_c23_843_frame_03.jpg,0,youtube
manipulated_sequences_Face2Face_c23_626_562_frame_03.jpg,1,Face2Face
original_sequences_youtube_c23_361_frame_01.jpg,0,youtube
original_sequences_youtube_c23_011_frame_03.jpg,0,youtube
original_sequences_youtube_c23_884_frame_04.jpg,0,youtube
manipulated_sequences_FaceSwap_c23_761_766_frame_02.jpg,1,FaceSwap
manipulated_sequences_Face2Face_c23_237_236_frame_03.jpg,1,Face2Face
manipulated_sequences_Deepfakes_c23_568_628_frame_03.jpg,1,Deepfakes
manipulated_sequences_FaceShifter_c23_249_280_frame_01.jpg,1,FaceShifter
manipulated_sequences_NeuralTextures_c23_601_653_frame_02.jpg,1,NeuralTextures
manipulated_sequences_Face2Face_c23_469_481_frame_02.jpg,1,Face2Face
original_sequences_youtube_c23_940_frame_05.jpg,0,youtube
manipulated_sequences_Deepfakes_c23_843_859_frame_02.jpg,1,Deepfakes
original_sequences_youtube_c23_892_frame_04.jpg,0,youtube
original_sequences_youtube_c23_275_frame_05.jpg,0,youtube
manipulated_sequences_FaceSwap_c23_602_397_frame_05.jpg,1,FaceSwap
original_sequences_youtube_c23_464_frame_04.jpg,0,youtube
original_sequences_youtube_c23_272_frame_02.jpg,0,youtube
manipulated_sequences_FaceSwap_c23_287_426_frame_05.jpg,1,FaceSwap
original_sequences_youtube_c23_426_frame_03.jpg,0,youtube
manipulated_sequences_FaceSwap_c23_966_988_frame_01.jpg,1,FaceSwap
original_sequences_youtube_c23_870_frame_05.jpg,0,youtube
manipulated_sequences_NeuralTextures_c23_597_595_frame_03.jpg,1,NeuralTextures
original_sequences_youtube_c23_480_frame_02.jpg,0,youtube
original_sequences_youtube_c23_075_frame_05.jpg,0,youtube
manipulated_sequences_FaceShifter_c23_712_716_frame_01.jpg,1,FaceShifter
manipulated_sequences_Deepfakes_c23_874_291_frame_02.jpg,1,Deepfakes
original_sequences_youtube_c23_959_frame_05.jpg,0,youtube
original_sequences_youtube_c23_701_frame_05.jpg,0,youtube
manipulated_sequences_FaceShifter_c23_623_630_frame_01.jpg,1,FaceShifter
original_sequences_youtube_c23_358_frame_01.jpg,0,youtube
original_sequences_youtube_c23_352_frame_01.jpg,0,youtube
original_sequences_youtube_c23_572_frame_05.jpg,0,youtube
original_sequences_youtube_c23_949_frame_01.jpg,0,youtube
original_sequences_youtube_c23_438_frame_04.jpg,0,youtube
original_sequences_youtube_c23_627_frame_01.jpg,0,youtube
manipulated_sequences_Face2Face_c23_717_684_frame_01.jpg,1,Face2Face
original_sequences_youtube_c23_167_frame_01.jpg,0,youtube
manipulated_sequences_FaceSwap_c23_963_879_frame_05.jpg,1,FaceSwap
manipulated_sequences_FaceShifter_c23_015_919_frame_04.jpg,1,FaceShifter
manipulated_sequences_Face2Face_c23_761_766_frame_02.jpg,1,Face2Face
manipulated_sequences_FaceSwap_c23_431_447_frame_01.jpg,1,FaceSwap
manipulated_sequences_FaceShifter_c23_519_515_frame_02.jpg,1,FaceShifter
original_sequences_youtube_c23_458_frame_05.jpg,0,youtube
original_sequences_youtube_c23_349_frame_05.jpg,0,youtube
original_sequences_youtube_c23_484_frame_01.jpg,0,youtube
original_sequences_youtube_c23_971_frame_02.jpg,0,youtube
manipulated_sequences_Deepfakes_c23_407_374_frame_04.jpg,1,Deepfakes
original_sequences_youtube_c23_573_frame_04.jpg,0,youtube
original_sequences_youtube_c23_768_frame_03.jpg,0,youtube
original_sequences_youtube_c23_167_frame_04.jpg,0,youtube
original_sequences_youtube_c23_413_frame_05.jpg,0,youtube
original_sequences_youtube_c23_138_frame_02.jpg,0,youtube
original_sequences_youtube_c23_895_frame_05.jpg,0,youtube
manipulated_sequences_NeuralTextures_c23_301_262_frame_03.jpg,1,NeuralTextures
manipulated_sequences_Deepfakes_c23_013_883_frame_01.jpg,1,Deepfakes
manipulated_sequences_Deepfakes_c23_593_577_frame_02.jpg,1,Deepfakes
manipulated_sequences_Deepfakes_c23_842_714_frame_04.jpg,1,Deepfakes
manipulated_sequences_FaceSwap_c23_472_511_frame_02.jpg,1,FaceSwap
manipulated_sequences_Deepfakes_c23_982_004_frame_01.jpg,1,Deepfakes
manipulated_sequences_NeuralTextures_c23_119_123_frame_01.jpg,1,NeuralTextures
original_sequences_youtube_c23_472_frame_05.jpg,0,youtube
manipulated_sequences_Deepfakes_c23_033_097_frame_04.jpg,1,Deepfakes
manipulated_sequences_NeuralTextures_c23_524_580_frame_05.jpg,1,NeuralTextures
original_sequences_youtube_c23_445_frame_01.jpg,0,youtube
original_sequences_youtube_c23_568_frame_03.jpg,0,youtube
original_sequences_youtube_c23_071_frame_04.jpg,0,youtube
original_sequences_youtube_c23_235_frame_02.jpg,0,youtube
original_sequences_youtube_c23_330_frame_04.jpg,0,youtube
original_sequences_youtube_c23_056_frame_02.jpg,0,youtube
original_sequences_youtube_c23_235_frame_05.jpg,0,youtube
original_sequences_youtube_c23_861_frame_02.jpg,0,youtube
original_sequences_youtube_c23_074_frame_02.jpg,0,youtube
original_sequences_youtube_c23_377_frame_01.jpg,0,youtube
manipulated_sequences_Deepfakes_c23_768_793_frame_03.jpg,1,Deepfakes
manipulated_sequences_Deepfakes_c23_866_878_frame_03.jpg,1,Deepfakes
manipulated_sequences_FaceShifter_c23_630_623_frame_01.jpg,1,FaceShifter
manipulated_sequences_FaceSwap_c23_431_447_frame_03.jpg,1,FaceSwap
manipulated_sequences_FaceShifter_c23_499_539_frame_04.jpg,1,FaceShifter
original_sequences_youtube_c23_837_frame_04.jpg,0,youtube
original_sequences_youtube_c23_140_frame_04.jpg,0,youtube
original_sequences_youtube_c23_413_frame_04.jpg,0,youtube
original_sequences_youtube_c23_097_frame_03.jpg,0,youtube
manipulated_sequences_FaceSwap_c23_921_569_frame_02.jpg,1,FaceSwap
original_sequences_youtube_c23_904_frame_04.jpg,0,youtube
manipulated_sequences_FaceSwap_c23_326_501_frame_05.jpg,1,FaceSwap
original_sequences_youtube_c23_597_frame_03.jpg,0,youtube
original_sequences_youtube_c23_347_frame_01.jpg,0,youtube
manipulated_sequences_Face2Face_c23_075_977_frame_05.jpg,1,Face2Face
manipulated_sequences_FaceShifter_c23_306_278_frame_04.jpg,1,FaceShifter
manipulated_sequences_Face2Face_c23_825_074_frame_03.jpg,1,Face2Face
manipulated_sequences_NeuralTextures_c23_619_620_frame_03.jpg,1,NeuralTextures
manipulated_sequences_Deepfakes_c23_706_479_frame_04.jpg,1,Deepfakes
manipulated_sequences_Deepfakes_c23_940_941_frame_02.jpg,1,Deepfakes
original_sequences_youtube_c23_289_frame_04.jpg,0,youtube
manipulated_sequences_Deepfakes_c23_495_512_frame_01.jpg,1,Deepfakes
original_sequences_youtube_c23_196_frame_03.jpg,0,youtube
manipulated_sequences_NeuralTextures_c23_675_608_frame_04.jpg,1,NeuralTextures
original_sequences_youtube_c23_321_frame_05.jpg,0,youtube
manipulated_sequences_Deepfakes_c23_577_593_frame_05.jpg,1,Deepfakes
original_sequences_youtube_c23_936_frame_02.jpg,0,youtube
manipulated_sequences_NeuralTextures_c23_982_004_frame_01.jpg,1,NeuralTextures
original_sequences_youtube_c23_094_frame_01.jpg,0,youtube
original_sequences_youtube_c23_074_frame_04.jpg,0,youtube
original_sequences_youtube_c23_862_frame_01.jpg,0,youtube
manipulated_sequences_FaceSwap_c23_866_878_frame_03.jpg,1,FaceSwap
original_sequences_youtube_c23_608_frame_05.jpg,0,youtube
original_sequences_youtube_c23_134_frame_01.jpg,0,youtube
original_sequences_youtube_c23_908_frame_05.jpg,0,youtube
manipulated_sequences_Face2Face_c23_171_173_frame_04.jpg,1,Face2Face
original_sequences_youtube_c23_333_frame_01.jpg,0,youtube
manipulated_sequences_NeuralTextures_c23_740_796_frame_01.jpg,1,NeuralTextures
original_sequences_youtube_c23_082_frame_03.jpg,0,youtube
manipulated_sequences_Deepfakes_c23_810_838_frame_03.jpg,1,Deepfakes
original_sequences_youtube_c23_791_frame_01.jpg,0,youtube
manipulated_sequences_Face2Face_c23_945_044_frame_05.jpg,1,Face2Face
original_sequences_youtube_c23_532_frame_05.jpg,0,youtube
manipulated_sequences_FaceShifter_c23_325_492_frame_04.jpg,1,FaceShifter
original_sequences_youtube_c23_052_frame_02.jpg,0,youtube
manipulated_sequences_Face2Face_c23_541_523_frame_05.jpg,1,Face2Face
manipulated_sequences_Face2Face_c23_203_201_frame_05.jpg,1,Face2Face
original_sequences_youtube_c23_534_frame_05.jpg,0,youtube
original_sequences_youtube_c23_374_frame_01.jpg,0,youtube
manipulated_sequences_FaceShifter_c23_202_348_frame_02.jpg,1,FaceShifter
original_sequences_youtube_c23_379_frame_01.jpg,0,youtube
original_sequences_youtube_c23_474_frame_03.jpg,0,youtube
original_sequences_youtube_c23_154_frame_02.jpg,0,youtube
manipulated_sequences_FaceShifter_c23_749_659_frame_05.jpg,1,FaceShifter
manipulated_sequences_Face2Face_c23_863_853_frame_03.jpg,1,Face2Face
manipulated_sequences_FaceShifter_c23_993_989_frame_04.jpg,1,FaceShifter
original_sequences_youtube_c23_404_frame_01.jpg,0,youtube
original_sequences_youtube_c23_055_frame_05.jpg,0,youtube
manipulated_sequences_NeuralTextures_c23_227_169_frame_01.jpg,1,NeuralTextures
manipulated_sequences_FaceShifter_c23_037_072_frame_02.jpg,1,FaceShifter
manipulated_sequences_Face2Face_c23_306_278_frame_04.jpg,1,Face2Face
original_sequences_youtube_c23_586_frame_03.jpg,0,youtube
original_sequences_youtube_c23_851_frame_03.jpg,0,youtube
manipulated_sequences_Deepfakes_c23_375_251_frame_04.jpg,1,Deepfakes
original_sequences_youtube_c23_959_frame_03.jpg,0,youtube
original_sequences_youtube_c23_581_frame_02.jpg,0,youtube
manipulated_sequences_NeuralTextures_c23_410_411_frame_03.jpg,1,NeuralTextures
manipulated_sequences_Deepfakes_c23_336_338_frame_05.jpg,1,Deepfakes
manipulated_sequences_NeuralTextures_c23_329_327_frame_04.jpg,1,NeuralTextures
manipulated_sequences_NeuralTextures_c23_355_748_frame_02.jpg,1,NeuralTextures
manipulated_sequences_FaceSwap_c23_589_565_frame_01.jpg,1,FaceSwap
original_sequences_youtube_c23_907_frame_04.jpg,0,youtube
manipulated_sequences_Deepfakes_c23_513_305_frame_03.jpg,1,Deepfakes
manipulated_sequences_Face2Face_c23_690_689_frame_05.jpg,1,Face2Face
original_sequences_youtube_c23_383_frame_03.jpg,0,youtube
original_sequences_youtube_c23_243_frame_02.jpg,0,youtube
original_sequences_youtube_c23_352_frame_04.jpg,0,youtube
manipulated_sequences_NeuralTextures_c23_884_968_frame_03.jpg,1,NeuralTextures
original_sequences_youtube_c23_239_frame_05.jpg,0,youtube
original_sequences_youtube_c23_034_frame_04.jpg,0,youtube
manipulated_sequences_FaceShifter_c23_032_944_frame_05.jpg,1,FaceShifter
manipulated_sequences_FaceShifter_c23_539_499_frame_02.jpg,1,FaceShifter
manipulated_sequences_Deepfakes_c23_572_554_frame_04.jpg,1,Deepfakes
original_sequences_youtube_c23_501_frame_03.jpg,0,youtube
original_sequences_youtube_c23_891_frame_01.jpg,0,youtube
manipulated_sequences_Face2Face_c23_784_769_frame_03.jpg,1,Face2Face
original_sequences_youtube_c23_271_frame_03.jpg,0,youtube
manipulated_sequences_Face2Face_c23_954_976_frame_05.jpg,1,Face2Face
original_sequences_youtube_c23_717_frame_05.jpg,0,youtube
manipulated_sequences_Deepfakes_c23_792_903_frame_04.jpg,1,Deepfakes
original_sequences_youtube_c23_547_frame_03.jpg,0,youtube
original_sequences_youtube_c23_639_frame_02.jpg,0,youtube
manipulated_sequences_FaceShifter_c23_748_355_frame_03.jpg,1,FaceShifter
manipulated_sequences_FaceShifter_c23_242_182_frame_01.jpg,1,FaceShifter
manipulated_sequences_FaceSwap_c23_499_539_frame_04.jpg,1,FaceSwap
original_sequences_youtube_c23_561_frame_05.jpg,0,youtube
manipulated_sequences_FaceShifter_c23_581_697_frame_03.jpg,1,FaceShifter
original_sequences_youtube_c23_281_frame_05.jpg,0,youtube
manipulated_sequences_NeuralTextures_c23_928_160_frame_04.jpg,1,NeuralTextures
manipulated_sequences_FaceSwap_c23_255_214_frame_03.jpg,1,FaceSwap
manipulated_sequences_FaceShifter_c23_323_302_frame_03.jpg,1,FaceShifter
original_sequences_youtube_c23_135_frame_05.jpg,0,youtube
manipulated_sequences_FaceShifter_c23_599_585_frame_02.jpg,1,FaceShifter
original_sequences_youtube_c23_214_frame_01.jpg,0,youtube
original_sequences_youtube_c23_310_frame_02.jpg,0,youtube
manipulated_sequences_FaceSwap_c23_237_236_frame_03.jpg,1,FaceSwap
manipulated_sequences_FaceShifter_c23_448_361_frame_02.jpg,1,FaceShifter
original_sequences_youtube_c23_102_frame_05.jpg,0,youtube
original_sequences_youtube_c23_701_frame_03.jpg,0,youtube
manipulated_sequences_Face2Face_c23_115_939_frame_02.jpg,1,Face2Face
manipulated_sequences_Face2Face_c23_816_649_frame_05.jpg,1,Face2Face
manipulated_sequences_Deepfakes_c23_492_325_frame_01.jpg,1,Deepfakes
manipulated_sequences_NeuralTextures_c23_667_446_frame_03.jpg,1,NeuralTextures
original_sequences_youtube_c23_633_frame_05.jpg,0,youtube
manipulated_sequences_Face2Face_c23_697_581_frame_04.jpg,1,Face2Face
manipulated_sequences_FaceShifter_c23_430_459_frame_03.jpg,1,FaceShifter
manipulated_sequences_Face2Face_c23_320_328_frame_02.jpg,1,Face2Face
manipulated_sequences_FaceSwap_c23_607_683_frame_05.jpg,1,FaceSwap
original_sequences_youtube_c23_496_frame_05.jpg,0,youtube
manipulated_sequences_NeuralTextures_c23_621_546_frame_04.jpg,1,NeuralTextures
manipulated_sequences_Face2Face_c23_578_636_frame_04.jpg,1,Face2Face
manipulated_sequences_Deepfakes_c23_507_418_frame_01.jpg,1,Deepfakes
manipulated_sequences_FaceShifter_c23_644_657_frame_05.jpg,1,FaceShifter
original_sequences_youtube_c23_259_frame_04.jpg,0,youtube
original_sequences_youtube_c23_775_frame_03.jpg,0,youtube
original_sequences_youtube_c23_747_frame_02.jpg,0,youtube
manipulated_sequences_Deepfakes_c23_850_764_frame_04.jpg,1,Deepfakes
manipulated_sequences_Deepfakes_c23_642_635_frame_05.jpg,1,Deepfakes
original_sequences_youtube_c23_590_frame_02.jpg,0,youtube
manipulated_sequences_FaceShifter_c23_930_763_frame_03.jpg,1,FaceShifter
original_sequences_youtube_c23_447_frame_05.jpg,0,youtube
original_sequences_youtube_c23_626_frame_01.jpg,0,youtube
manipulated_sequences_NeuralTextures_c23_635_642_frame_02.jpg,1,NeuralTextures
manipulated_sequences_NeuralTextures_c23_873_872_frame_01.jpg,1,NeuralTextures
original_sequences_youtube_c23_934_frame_03.jpg,0,youtube
original_sequences_youtube_c23_789_frame_05.jpg,0,youtube
original_sequences_youtube_c23_241_frame_05.jpg,0,youtube
manipulated_sequences_Deepfakes_c23_985_981_frame_03.jpg,1,Deepfakes
original_sequences_youtube_c23_951_frame_05.jpg,0,youtube
original_sequences_youtube_c23_786_frame_03.jpg,0,youtube
original_sequences_youtube_c23_963_frame_04.jpg,0,youtube
original_sequences_youtube_c23_560_frame_02.jpg,0,youtube
original_sequences_youtube_c23_936_frame_05.jpg,0,youtube
manipulated_sequences_FaceShifter_c23_670_661_frame_03.jpg,1,FaceShifter
manipulated_sequences_Deepfakes_c23_341_340_frame_02.jpg,1,Deepfakes
manipulated_sequences_Face2Face_c23_013_883_frame_01.jpg,1,Face2Face
manipulated_sequences_FaceShifter_c23_647_622_frame_03.jpg,1,FaceShifter
manipulated_sequences_FaceSwap_c23_341_340_frame_02.jpg,1,FaceSwap
original_sequences_youtube_c23_404_frame_03.jpg,0,youtube
original_sequences_youtube_c23_276_frame_02.jpg,0,youtube
original_sequences_youtube_c23_564_frame_04.jpg,0,youtube
manipulated_sequences_FaceShifter_c23_561_998_frame_05.jpg,1,FaceShifter
manipulated_sequences_FaceShifter_c23_194_235_frame_02.jpg,1,FaceShifter
manipulated_sequences_FaceShifter_c23_785_736_frame_01.jpg,1,FaceShifter
original_sequences_youtube_c23_254_frame_01.jpg,0,youtube
manipulated_sequences_Face2Face_c23_558_583_frame_01.jpg,1,Face2Face
manipulated_sequences_Deepfakes_c23_738_804_frame_04.jpg,1,Deepfakes
manipulated_sequences_Face2Face_c23_892_112_frame_01.jpg,1,Face2Face
manipulated_sequences_FaceSwap_c23_544_532_frame_02.jpg,1,FaceSwap
manipulated_sequences_FaceSwap_c23_197_224_frame_05.jpg,1,FaceSwap
manipulated_sequences_FaceShifter_c23_695_422_frame_03.jpg,1,FaceShifter
original_sequences_youtube_c23_953_frame_05.jpg,0,youtube
original_sequences_youtube_c23_322_frame_02.jpg,0,youtube
original_sequences_youtube_c23_193_frame_02.jpg,0,youtube
original_sequences_youtube_c23_760_frame_05.jpg,0,youtube
original_sequences_youtube_c23_177_frame_02.jpg,0,youtube
manipulated_sequences_NeuralTextures_c23_719_737_frame_04.jpg,1,NeuralTextures
manipulated_sequences_Face2Face_c23_005_010_frame_03.jpg,1,Face2Face
manipulated_sequences_FaceSwap_c23_884_968_frame_01.jpg,1,FaceSwap
manipulated_sequences_FaceShifter_c23_409_382_frame_03.jpg,1,FaceShifter
manipulated_sequences_FaceShifter_c23_282_238_frame_03.jpg,1,FaceShifter
manipulated_sequences_FaceShifter_c23_036_035_frame_02.jpg,1,FaceShifter
manipulated_sequences_FaceSwap_c23_901_902_frame_04.jpg,1,FaceSwap
manipulated_sequences_FaceSwap_c23_864_839_frame_04.jpg,1,FaceSwap
original_sequences_youtube_c23_021_frame_05.jpg,0,youtube
manipulated_sequences_FaceShifter_c23_192_134_frame_05.jpg,1,FaceShifter
original_sequences_youtube_c23_798_frame_04.jpg,0,youtube
original_sequences_youtube_c23_296_frame_02.jpg,0,youtube
manipulated_sequences_FaceShifter_c23_841_639_frame_02.jpg,1,FaceShifter
original_sequences_youtube_c23_488_frame_05.jpg,0,youtube
manipulated_sequences_Deepfakes_c23_708_772_frame_04.jpg,1,Deepfakes
manipulated_sequences_FaceSwap_c23_921_569_frame_03.jpg,1,FaceSwap
original_sequences_youtube_c23_275_frame_02.jpg,0,youtube
manipulated_sequences_Deepfakes_c23_980_992_frame_03.jpg,1,Deepfakes
original_sequences_youtube_c23_628_frame_02.jpg,0,youtube
original_sequences_youtube_c23_418_frame_05.jpg,0,youtube
manipulated_sequences_Deepfakes_c23_191_188_frame_03.jpg,1,Deepfakes
original_sequences_youtube_c23_919_frame_01.jpg,0,youtube
manipulated_sequences_FaceShifter_c23_904_046_frame_05.jpg,1,FaceShifter
original_sequences_youtube_c23_088_frame_01.jpg,0,youtube
manipulated_sequences_FaceSwap_c23_149_152_frame_05.jpg,1,FaceSwap
original_sequences_youtube_c23_736_frame_01.jpg,0,youtube
original_sequences_youtube_c23_899_frame_04.jpg,0,youtube
manipulated_sequences_FaceSwap_c23_768_793_frame_01.jpg,1,FaceSwap
original_sequences_youtube_c23_908_frame_02.jpg,0,youtube
original_sequences_youtube_c23_800_frame_03.jpg,0,youtube
original_sequences_youtube_c23_251_frame_02.jpg,0,youtube
manipulated_sequences_Deepfakes_c23_280_249_frame_04.jpg,1,Deepfakes
manipulated_sequences_FaceSwap_c23_391_406_frame_03.jpg,1,FaceSwap
original_sequences_youtube_c23_119_frame_01.jpg,0,youtube
original_sequences_youtube_c23_154_frame_01.jpg,0,youtube
manipulated_sequences_FaceSwap_c23_733_935_frame_03.jpg,1,FaceSwap
manipulated_sequences_FaceShifter_c23_921_569_frame_03.jpg,1,FaceShifter
manipulated_sequences_NeuralTextures_c23_647_622_frame_04.jpg,1,NeuralTextures
manipulated_sequences_FaceShifter_c23_146_256_frame_03.jpg,1,FaceShifter
manipulated_sequences_Face2Face_c23_311_387_frame_01.jpg,1,Face2Face
manipulated_sequences_FaceShifter_c23_296_293_frame_04.jpg,1,FaceShifter
original_sequences_youtube_c23_508_frame_01.jpg,0,youtube
original_sequences_youtube_c23_810_frame_04.jpg,0,youtube
manipulated_sequences_FaceShifter_c23_441_439_frame_03.jpg,1,FaceShifter
original_sequences_youtube_c23_160_frame_05.jpg,0,youtube
original_sequences_youtube_c23_077_frame_04.jpg,0,youtube
original_sequences_youtube_c23_876_frame_01.jpg,0,youtube
original_sequences_youtube_c23_217_frame_05.jpg,0,youtube
manipulated_sequences_FaceShifter_c23_919_015_frame_01.jpg,1,FaceShifter
original_sequences_youtube_c23_633_frame_01.jpg,0,youtube
manipulated_sequences_FaceSwap_c23_854_747_frame_02.jpg,1,FaceSwap
manipulated_sequences_NeuralTextures_c23_329_327_frame_05.jpg,1,NeuralTextures
manipulated_sequences_NeuralTextures_c23_785_736_frame_02.jpg,1,NeuralTextures
original_sequences_youtube_c23_617_frame_03.jpg,0,youtube
original_sequences_youtube_c23_252_frame_02.jpg,0,youtube
original_sequences_youtube_c23_518_frame_02.jpg,0,youtube
manipulated_sequences_NeuralTextures_c23_961_069_frame_03.jpg,1,NeuralTextures
original_sequences_youtube_c23_125_frame_05.jpg,0,youtube
manipulated_sequences_FaceSwap_c23_630_623_frame_03.jpg,1,FaceSwap
original_sequences_youtube_c23_399_frame_03.jpg,0,youtube
original_sequences_youtube_c23_564_frame_01.jpg,0,youtube
original_sequences_youtube_c23_690_frame_04.jpg,0,youtube
manipulated_sequences_Deepfakes_c23_630_623_frame_01.jpg,1,Deepfakes
manipulated_sequences_FaceSwap_c23_722_458_frame_02.jpg,1,FaceSwap
original_sequences_youtube_c23_825_frame_01.jpg,0,youtube
manipulated_sequences_Face2Face_c23_999_960_frame_02.jpg,1,Face2Face
original_sequences_youtube_c23_995_frame_05.jpg,0,youtube
manipulated_sequences_Deepfakes_c23_130_139_frame_02.jpg,1,Deepfakes
manipulated_sequences_FaceShifter_c23_633_529_frame_04.jpg,1,FaceShifter
manipulated_sequences_FaceSwap_c23_898_922_frame_04.jpg,1,FaceSwap
original_sequences_youtube_c23_047_frame_03.jpg,0,youtube
original_sequences_youtube_c23_453_frame_02.jpg,0,youtube
manipulated_sequences_Face2Face_c23_333_377_frame_03.jpg,1,Face2Face
manipulated_sequences_FaceSwap_c23_029_048_frame_03.jpg,1,FaceSwap
manipulated_sequences_FaceSwap_c23_831_508_frame_04.jpg,1,FaceSwap
original_sequences_youtube_c23_751_frame_01.jpg,0,youtube
manipulated_sequences_Deepfakes_c23_559_543_frame_02.jpg,1,Deepfakes
original_sequences_youtube_c23_345_frame_04.jpg,0,youtube
manipulated_sequences_NeuralTextures_c23_458_722_frame_02.jpg,1,NeuralTextures
original_sequences_youtube_c23_646_frame_05.jpg,0,youtube
original_sequences_youtube_c23_062_frame_03.jpg,0,youtube
manipulated_sequences_Face2Face_c23_776_676_frame_04.jpg,1,Face2Face
manipulated_sequences_Face2Face_c23_494_445_frame_04.jpg,1,Face2Face
original_sequences_youtube_c23_727_frame_03.jpg,0,youtube
manipulated_sequences_Face2Face_c23_231_663_frame_01.jpg,1,Face2Face
original_sequences_youtube_c23_170_frame_03.jpg,0,youtube
manipulated_sequences_Face2Face_c23_925_933_frame_02.jpg,1,Face2Face
manipulated_sequences_FaceShifter_c23_473_366_frame_04.jpg,1,FaceShifter
original_sequences_youtube_c23_938_frame_04.jpg,0,youtube
original_sequences_youtube_c23_795_frame_03.jpg,0,youtube
manipulated_sequences_FaceSwap_c23_191_188_frame_03.jpg,1,FaceSwap
manipulated_sequences_NeuralTextures_c23_495_512_frame_01.jpg,1,NeuralTextures
original_sequences_youtube_c23_606_frame_05.jpg,0,youtube
original_sequences_youtube_c23_516_frame_02.jpg,0,youtube
manipulated_sequences_Deepfakes_c23_894_848_frame_05.jpg,1,Deepfakes
manipulated_sequences_FaceSwap_c23_007_132_frame_02.jpg,1,FaceSwap
manipulated_sequences_FaceSwap_c23_206_221_frame_01.jpg,1,FaceSwap
manipulated_sequences_NeuralTextures_c23_559_543_frame_02.jpg,1,NeuralTextures
original_sequences_youtube_c23_261_frame_02.jpg,0,youtube
original_sequences_youtube_c23_851_frame_05.jpg,0,youtube
original_sequences_youtube_c23_976_frame_02.jpg,0,youtube
original_sequences_youtube_c23_900_frame_04.jpg,0,youtube
original_sequences_youtube_c23_621_frame_01.jpg,0,youtube
manipulated_sequences_FaceSwap_c23_732_691_frame_04.jpg,1,FaceSwap
manipulated_sequences_Deepfakes_c23_453_402_frame_02.jpg,1,Deepfakes
original_sequences_youtube_c23_921_frame_01.jpg,0,youtube
manipulated_sequences_FaceSwap_c23_510_528_frame_03.jpg,1,FaceSwap
original_sequences_youtube_c23_899_frame_05.jpg,0,youtube
original_sequences_youtube_c23_772_frame_01.jpg,0,youtube
original_sequences_youtube_c23_049_frame_03.jpg,0,youtube
manipulated_sequences_FaceSwap_c23_242_182_frame_01.jpg,1,FaceSwap
manipulated_sequences_FaceShifter_c23_740_796_frame_03.jpg,1,FaceShifter
manipulated_sequences_Deepfakes_c23_798_778_frame_04.jpg,1,Deepfakes
manipulated_sequences_FaceSwap_c23_441_439_frame_01.jpg,1,FaceSwap
manipulated_sequences_FaceSwap_c23_106_198_frame_04.jpg,1,FaceSwap
manipulated_sequences_FaceShifter_c23_720_672_frame_02.jpg,1,FaceShifter
original_sequences_youtube_c23_022_frame_05.jpg,0,youtube
original_sequences_youtube_c23_923_frame_05.jpg,0,youtube
original_sequences_youtube_c23_207_frame_05.jpg,0,youtube
original_sequences_youtube_c23_910_frame_05.jpg,0,youtube
manipulated_sequences_FaceSwap_c23_058_039_frame_01.jpg,1,FaceSwap
original_sequences_youtube_c23_670_frame_02.jpg,0,youtube
original_sequences_youtube_c23_802_frame_01.jpg,0,youtube
manipulated_sequences_FaceShifter_c23_786_819_frame_05.jpg,1,FaceShifter
manipulated_sequences_Face2Face_c23_757_573_frame_05.jpg,1,Face2Face
original_sequences_youtube_c23_348_frame_04.jpg,0,youtube
original_sequences_youtube_c23_421_frame_02.jpg,0,youtube
manipulated_sequences_FaceSwap_c23_076_079_frame_05.jpg,1,FaceSwap
manipulated_sequences_NeuralTextures_c23_366_473_frame_04.jpg,1,NeuralTextures
manipulated_sequences_Deepfakes_c23_418_507_frame_01.jpg,1,Deepfakes
original_sequences_youtube_c23_636_frame_01.jpg,0,youtube
manipulated_sequences_FaceSwap_c23_858_861_frame_03.jpg,1,FaceSwap
manipulated_sequences_Face2Face_c23_695_422_frame_04.jpg,1,Face2Face
manipulated_sequences_NeuralTextures_c23_694_767_frame_04.jpg,1,NeuralTextures
original_sequences_youtube_c23_728_frame_02.jpg,0,youtube
original_sequences_youtube_c23_821_frame_05.jpg,0,youtube
manipulated_sequences_NeuralTextures_c23_406_391_frame_04.jpg,1,NeuralTextures
original_sequences_youtube_c23_418_frame_02.jpg,0,youtube
manipulated_sequences_Face2Face_c23_872_873_frame_05.jpg,1,Face2Face
manipulated_sequences_Deepfakes_c23_393_405_frame_03.jpg,1,Deepfakes
original_sequences_youtube_c23_670_frame_03.jpg,0,youtube
original_sequences_youtube_c23_112_frame_05.jpg,0,youtube
manipulated_sequences_FaceShifter_c23_831_508_frame_04.jpg,1,FaceShifter
manipulated_sequences_Deepfakes_c23_583_558_frame_03.jpg,1,Deepfakes
original_sequences_youtube_c23_348_frame_01.jpg,0,youtube
original_sequences_youtube_c23_124_frame_02.jpg,0,youtube
original_sequences_youtube_c23_088_frame_03.jpg,0,youtube
manipulated_sequences_FaceShifter_c23_777_745_frame_03.jpg,1,FaceShifter
manipulated_sequences_Face2Face_c23_174_964_frame_04.jpg,1,Face2Face
original_sequences_youtube_c23_745_frame_01.jpg,0,youtube
original_sequences_youtube_c23_259_frame_05.jpg,0,youtube
manipulated_sequences_Deepfakes_c23_505_600_frame_04.jpg,1,Deepfakes
original_sequences_youtube_c23_077_frame_01.jpg,0,youtube
original_sequences_youtube_c23_389_frame_02.jpg,0,youtube
manipulated_sequences_FaceSwap_c23_070_057_frame_04.jpg,1,FaceSwap
original_sequences_youtube_c23_655_frame_03.jpg,0,youtube
original_sequences_youtube_c23_183_frame_03.jpg,0,youtube
original_sequences_youtube_c23_651_frame_01.jpg,0,youtube
manipulated_sequences_FaceShifter_c23_758_754_frame_02.jpg,1,FaceShifter
original_sequences_youtube_c23_371_frame_01.jpg,0,youtube
manipulated_sequences_Face2Face_c23_098_092_frame_03.jpg,1,Face2Face
manipulated_sequences_NeuralTextures_c23_489_022_frame_01.jpg,1,NeuralTextures
manipulated_sequences_FaceShifter_c23_355_748_frame_05.jpg,1,FaceShifter
manipulated_sequences_Face2Face_c23_766_761_frame_01.jpg,1,Face2Face
original_sequences_youtube_c23_523_frame_04.jpg,0,youtube
original_sequences_youtube_c23_458_frame_03.jpg,0,youtube
original_sequences_youtube_c23_424_frame_03.jpg,0,youtube
original_sequences_youtube_c23_304_frame_02.jpg,0,youtube
manipulated_sequences_Face2Face_c23_886_877_frame_03.jpg,1,Face2Face
manipulated_sequences_NeuralTextures_c23_689_690_frame_01.jpg,1,NeuralTextures
original_sequences_youtube_c23_462_frame_03.jpg,0,youtube
manipulated_sequences_Deepfakes_c23_395_401_frame_04.jpg,1,Deepfakes
original_sequences_youtube_c23_642_frame_02.jpg,0,youtube
manipulated_sequences_FaceShifter_c23_639_841_frame_01.jpg,1,FaceShifter
original_sequences_youtube_c23_853_frame_03.jpg,0,youtube
original_sequences_youtube_c23_543_frame_02.jpg,0,youtube
manipulated_sequences_FaceSwap_c23_084_042_frame_02.jpg,1,FaceSwap
original_sequences_youtube_c23_157_frame_05.jpg,0,youtube
manipulated_sequences_Face2Face_c23_323_302_frame_04.jpg,1,Face2Face
original_sequences_youtube_c23_349_frame_04.jpg,0,youtube
original_sequences_youtube_c23_161_frame_01.jpg,0,youtube
manipulated_sequences_FaceSwap_c23_347_314_frame_01.jpg,1,FaceSwap
manipulated_sequences_NeuralTextures_c23_806_781_frame_01.jpg,1,NeuralTextures
manipulated_sequences_NeuralTextures_c23_031_163_frame_04.jpg,1,NeuralTextures
manipulated_sequences_Face2Face_c23_200_189_frame_05.jpg,1,Face2Face
manipulated_sequences_Deepfakes_c23_137_165_frame_01.jpg,1,Deepfakes
manipulated_sequences_FaceShifter_c23_621_546_frame_04.jpg,1,FaceShifter
original_sequences_youtube_c23_089_frame_03.jpg,0,youtube
manipulated_sequences_Face2Face_c23_206_221_frame_01.jpg,1,Face2Face
original_sequences_youtube_c23_965_frame_01.jpg,0,youtube
manipulated_sequences_Face2Face_c23_430_459_frame_03.jpg,1,Face2Face
manipulated_sequences_FaceShifter_c23_900_926_frame_03.jpg,1,FaceShifter
original_sequences_youtube_c23_822_frame_02.jpg,0,youtube
manipulated_sequences_Deepfakes_c23_511_472_frame_05.jpg,1,Deepfakes
original_sequences_youtube_c23_605_frame_03.jpg,0,youtube
manipulated_sequences_FaceSwap_c23_549_531_frame_03.jpg,1,FaceSwap
original_sequences_youtube_c23_263_frame_01.jpg,0,youtube
original_sequences_youtube_c23_004_frame_02.jpg,0,youtube
manipulated_sequences_FaceSwap_c23_146_256_frame_03.jpg,1,FaceSwap
manipulated_sequences_FaceShifter_c23_794_779_frame_01.jpg,1,FaceShifter
original_sequences_youtube_c23_231_frame_03.jpg,0,youtube
manipulated_sequences_FaceShifter_c23_212_179_frame_02.jpg,1,FaceShifter
manipulated_sequences_NeuralTextures_c23_227_169_frame_02.jpg,1,NeuralTextures
original_sequences_youtube_c23_419_frame_01.jpg,0,youtube
manipulated_sequences_NeuralTextures_c23_320_328_frame_01.jpg,1,NeuralTextures
manipulated_sequences_Deepfakes_c23_505_600_frame_05.jpg,1,Deepfakes
manipulated_sequences_FaceSwap_c23_019_018_frame_04.jpg,1,FaceSwap
manipulated_sequences_Face2Face_c23_583_558_frame_03.jpg,1,Face2Face
original_sequences_youtube_c23_046_frame_05.jpg,0,youtube
manipulated_sequences_FaceShifter_c23_137_165_frame_01.jpg,1,FaceShifter
manipulated_sequences_Deepfakes_c23_320_328_frame_02.jpg,1,Deepfakes
manipulated_sequences_Deepfakes_c23_014_790_frame_03.jpg,1,Deepfakes
manipulated_sequences_FaceSwap_c23_458_722_frame_03.jpg,1,FaceSwap
original_sequences_youtube_c23_993_frame_05.jpg,0,youtube
original_sequences_youtube_c23_517_frame_01.jpg,0,youtube
original_sequences_youtube_c23_431_frame_04.jpg,0,youtube
original_sequences_youtube_c23_257_frame_01.jpg,0,youtube
manipulated_sequences_FaceSwap_c23_442_195_frame_04.jpg,1,FaceSwap
manipulated_sequences_Deepfakes_c23_639_841_frame_01.jpg,1,Deepfakes
manipulated_sequences_FaceSwap_c23_019_018_frame_02.jpg,1,FaceSwap
original_sequences_youtube_c23_890_frame_01.jpg,0,youtube
manipulated_sequences_FaceSwap_c23_390_709_frame_05.jpg,1,FaceSwap
original_sequences_youtube_c23_709_frame_02.jpg,0,youtube
manipulated_sequences_NeuralTextures_c23_319_352_frame_03.jpg,1,NeuralTextures
manipulated_sequences_Face2Face_c23_552_851_frame_02.jpg,1,Face2Face
original_sequences_youtube_c23_970_frame_05.jpg,0,youtube
original_sequences_youtube_c23_830_frame_02.jpg,0,youtube
original_sequences_youtube_c23_397_frame_01.jpg,0,youtube
original_sequences_youtube_c23_672_frame_04.jpg,0,youtube
original_sequences_youtube_c23_613_frame_01.jpg,0,youtube
original_sequences_youtube_c23_933_frame_05.jpg,0,youtube
manipulated_sequences_NeuralTextures_c23_367_371_frame_03.jpg,1,NeuralTextures
manipulated_sequences_Face2Face_c23_907_795_frame_05.jpg,1,Face2Face
original_sequences_youtube_c23_756_frame_03.jpg,0,youtube
manipulated_sequences_FaceSwap_c23_596_609_frame_02.jpg,1,FaceSwap
manipulated_sequences_Face2Face_c23_525_509_frame_03.jpg,1,Face2Face
original_sequences_youtube_c23_194_frame_05.jpg,0,youtube
original_sequences_youtube_c23_286_frame_04.jpg,0,youtube
manipulated_sequences_Face2Face_c23_489_022_frame_02.jpg,1,Face2Face
manipulated_sequences_NeuralTextures_c23_328_320_frame_03.jpg,1,NeuralTextures
manipulated_sequences_Deepfakes_c23_067_025_frame_05.jpg,1,Deepfakes
original_sequences_youtube_c23_065_frame_01.jpg,0,youtube
original_sequences_youtube_c23_958_frame_05.jpg,0,youtube
manipulated_sequences_Deepfakes_c23_253_183_frame_01.jpg,1,Deepfakes
original_sequences_youtube_c23_388_frame_04.jpg,0,youtube
original_sequences_youtube_c23_358_frame_03.jpg,0,youtube
manipulated_sequences_FaceSwap_c23_424_408_frame_05.jpg,1,FaceSwap
manipulated_sequences_FaceShifter_c23_676_776_frame_03.jpg,1,FaceShifter
original_sequences_youtube_c23_420_frame_01.jpg,0,youtube
manipulated_sequences_Deepfakes_c23_005_010_frame_05.jpg,1,Deepfakes
manipulated_sequences_Deepfakes_c23_452_550_frame_04.jpg,1,Deepfakes
original_sequences_youtube_c23_326_frame_04.jpg,0,youtube
original_sequences_youtube_c23_451_frame_01.jpg,0,youtube
original_sequences_youtube_c23_463_frame_02.jpg,0,youtube
original_sequences_youtube_c23_715_frame_04.jpg,0,youtube
original_sequences_youtube_c23_092_frame_02.jpg,0,youtube
original_sequences_youtube_c23_792_frame_02.jpg,0,youtube
manipulated_sequences_Deepfakes_c23_202_348_frame_02.jpg,1,Deepfakes
manipulated_sequences_NeuralTextures_c23_096_101_frame_01.jpg,1,NeuralTextures
manipulated_sequences_FaceSwap_c23_336_338_frame_04.jpg,1,FaceSwap
original_sequences_youtube_c23_136_frame_05.jpg,0,youtube
manipulated_sequences_FaceSwap_c23_944_032_frame_05.jpg,1,FaceSwap
manipulated_sequences_FaceSwap_c23_284_263_frame_02.jpg,1,FaceSwap
original_sequences_youtube_c23_966_frame_03.jpg,0,youtube
manipulated_sequences_Deepfakes_c23_137_165_frame_02.jpg,1,Deepfakes
manipulated_sequences_FaceSwap_c23_653_601_frame_01.jpg,1,FaceSwap
original_sequences_youtube_c23_464_frame_02.jpg,0,youtube
original_sequences_youtube_c23_585_frame_01.jpg,0,youtube
original_sequences_youtube_c23_926_frame_05.jpg,0,youtube
manipulated_sequences_NeuralTextures_c23_929_962_frame_03.jpg,1,NeuralTextures
manipulated_sequences_NeuralTextures_c23_031_163_frame_01.jpg,1,NeuralTextures
original_sequences_youtube_c23_986_frame_05.jpg,0,youtube
manipulated_sequences_FaceShifter_c23_625_650_frame_01.jpg,1,FaceShifter
manipulated_sequences_NeuralTextures_c23_527_454_frame_05.jpg,1,NeuralTextures
original_sequences_youtube_c23_824_frame_05.jpg,0,youtube
manipulated_sequences_NeuralTextures_c23_295_099_frame_02.jpg,1,NeuralTextures
original_sequences_youtube_c23_958_frame_02.jpg,0,youtube
manipulated_sequences_Deepfakes_c23_947_951_frame_04.jpg,1,Deepfakes
original_sequences_youtube_c23_453_frame_01.jpg,0,youtube
original_sequences_youtube_c23_441_frame_01.jpg,0,youtube
manipulated_sequences_FaceSwap_c23_887_275_frame_03.jpg,1,FaceSwap
original_sequences_youtube_c23_120_frame_03.jpg,0,youtube
original_sequences_youtube_c23_045_frame_05.jpg,0,youtube
manipulated_sequences_Deepfakes_c23_855_801_frame_03.jpg,1,Deepfakes
manipulated_sequences_NeuralTextures_c23_733_935_frame_03.jpg,1,NeuralTextures
manipulated_sequences_Deepfakes_c23_035_036_frame_05.jpg,1,Deepfakes
manipulated_sequences_Deepfakes_c23_085_124_frame_01.jpg,1,Deepfakes
original_sequences_youtube_c23_666_frame_04.jpg,0,youtube
manipulated_sequences_Deepfakes_c23_524_580_frame_04.jpg,1,Deepfakes
original_sequences_youtube_c23_064_frame_04.jpg,0,youtube
original_sequences_youtube_c23_550_frame_03.jpg,0,youtube
manipulated_sequences_FaceShifter_c23_386_154_frame_03.jpg,1,FaceShifter
original_sequences_youtube_c23_280_frame_04.jpg,0,youtube
original_sequences_youtube_c23_307_frame_02.jpg,0,youtube
manipulated_sequences_FaceShifter_c23_268_269_frame_05.jpg,1,FaceShifter
manipulated_sequences_Face2Face_c23_078_955_frame_05.jpg,1,Face2Face
manipulated_sequences_Deepfakes_c23_886_877_frame_03.jpg,1,Deepfakes
manipulated_sequences_NeuralTextures_c23_014_790_frame_01.jpg,1,NeuralTextures
original_sequences_youtube_c23_436_frame_02.jpg,0,youtube
original_sequences_youtube_c23_587_frame_02.jpg,0,youtube
manipulated_sequences_Face2Face_c23_339_392_frame_03.jpg,1,Face2Face
manipulated_sequences_Face2Face_c23_007_132_frame_05.jpg,1,Face2Face
original_sequences_youtube_c23_449_frame_01.jpg,0,youtube
manipulated_sequences_FaceShifter_c23_689_690_frame_01.jpg,1,FaceShifter
manipulated_sequences_FaceSwap_c23_416_342_frame_03.jpg,1,FaceSwap
original_sequences_youtube_c23_093_frame_02.jpg,0,youtube
manipulated_sequences_FaceShifter_c23_881_856_frame_03.jpg,1,FaceShifter
manipulated_sequences_Deepfakes_c23_296_293_frame_04.jpg,1,Deepfakes
original_sequences_youtube_c23_548_frame_01.jpg,0,youtube
manipulated_sequences_FaceSwap_c23_578_636_frame_04.jpg,1,FaceSwap
manipulated_sequences_FaceShifter_c23_179_212_frame_05.jpg,1,FaceShifter
original_sequences_youtube_c23_298_frame_04.jpg,0,youtube
manipulated_sequences_FaceShifter_c23_147_055_frame_04.jpg,1,FaceShifter
original_sequences_youtube_c23_878_frame_03.jpg,0,youtube
manipulated_sequences_Deepfakes_c23_855_801_frame_05.jpg,1,Deepfakes
manipulated_sequences_Face2Face_c23_727_729_frame_03.jpg,1,Face2Face
original_sequences_youtube_c23_945_frame_01.jpg,0,youtube
manipulated_sequences_FaceSwap_c23_277_335_frame_03.jpg,1,FaceSwap
original_sequences_youtube_c23_933_frame_04.jpg,0,youtube
original_sequences_youtube_c23_972_frame_03.jpg,0,youtube
original_sequences_youtube_c23_797_frame_03.jpg,0,youtube
original_sequences_youtube_c23_463_frame_04.jpg,0,youtube
manipulated_sequences_NeuralTextures_c23_453_402_frame_04.jpg,1,NeuralTextures
manipulated_sequences_FaceSwap_c23_135_880_frame_05.jpg,1,FaceSwap
original_sequences_youtube_c23_228_frame_05.jpg,0,youtube
original_sequences_youtube_c23_414_frame_03.jpg,0,youtube
original_sequences_youtube_c23_079_frame_01.jpg,0,youtube
manipulated_sequences_FaceSwap_c23_617_566_frame_05.jpg,1,FaceSwap
original_sequences_youtube_c23_084_frame_05.jpg,0,youtube
original_sequences_youtube_c23_877_frame_05.jpg,0,youtube
manipulated_sequences_Deepfakes_c23_111_094_frame_04.jpg,1,Deepfakes
manipulated_sequences_FaceSwap_c23_626_562_frame_04.jpg,1,FaceSwap
original_sequences_youtube_c23_979_frame_01.jpg,0,youtube
original_sequences_youtube_c23_262_frame_01.jpg,0,youtube
original_sequences_youtube_c23_392_frame_05.jpg,0,youtube
manipulated_sequences_Face2Face_c23_753_789_frame_05.jpg,1,Face2Face
original_sequences_youtube_c23_688_frame_03.jpg,0,youtube
manipulated_sequences_Face2Face_c23_855_801_frame_02.jpg,1,Face2Face
original_sequences_youtube_c23_045_frame_02.jpg,0,youtube
original_sequences_youtube_c23_399_frame_01.jpg,0,youtube
manipulated_sequences_Deepfakes_c23_010_005_frame_05.jpg,1,Deepfakes
manipulated_sequences_NeuralTextures_c23_538_493_frame_01.jpg,1,NeuralTextures
manipulated_sequences_NeuralTextures_c23_215_208_frame_05.jpg,1,NeuralTextures
manipulated_sequences_Face2Face_c23_593_577_frame_02.jpg,1,Face2Face
manipulated_sequences_Deepfakes_c23_820_818_frame_04.jpg,1,Deepfakes
original_sequences_youtube_c23_299_frame_04.jpg,0,youtube
manipulated_sequences_NeuralTextures_c23_281_474_frame_05.jpg,1,NeuralTextures
original_sequences_youtube_c23_716_frame_04.jpg,0,youtube
manipulated_sequences_Face2Face_c23_316_369_frame_04.jpg,1,Face2Face
original_sequences_youtube_c23_274_frame_05.jpg,0,youtube
original_sequences_youtube_c23_040_frame_02.jpg,0,youtube
manipulated_sequences_FaceShifter_c23_634_660_frame_05.jpg,1,FaceShifter
manipulated_sequences_FaceSwap_c23_311_387_frame_01.jpg,1,FaceSwap
manipulated_sequences_FaceSwap_c23_201_203_frame_01.jpg,1,FaceSwap
manipulated_sequences_FaceShifter_c23_336_338_frame_05.jpg,1,FaceShifter
original_sequences_youtube_c23_555_frame_02.jpg,0,youtube
manipulated_sequences_FaceSwap_c23_436_526_frame_03.jpg,1,FaceSwap
manipulated_sequences_Face2Face_c23_908_207_frame_05.jpg,1,Face2Face
original_sequences_youtube_c23_792_frame_05.jpg,0,youtube
original_sequences_youtube_c23_028_frame_01.jpg,0,youtube
manipulated_sequences_Deepfakes_c23_193_030_frame_02.jpg,1,Deepfakes
manipulated_sequences_Deepfakes_c23_117_217_frame_01.jpg,1,Deepfakes
original_sequences_youtube_c23_227_frame_05.jpg,0,youtube
original_sequences_youtube_c23_479_frame_03.jpg,0,youtube
manipulated_sequences_Deepfakes_c23_031_163_frame_04.jpg,1,Deepfakes
original_sequences_youtube_c23_753_frame_02.jpg,0,youtube
original_sequences_youtube_c23_964_frame_01.jpg,0,youtube
original_sequences_youtube_c23_073_frame_02.jpg,0,youtube
original_sequences_youtube_c23_049_frame_02.jpg,0,youtube
manipulated_sequences_FaceSwap_c23_061_080_frame_02.jpg,1,FaceSwap
manipulated_sequences_FaceShifter_c23_860_905_frame_02.jpg,1,FaceShifter
manipulated_sequences_FaceShifter_c23_511_472_frame_05.jpg,1,FaceShifter
original_sequences_youtube_c23_986_frame_02.jpg,0,youtube
original_sequences_youtube_c23_569_frame_05.jpg,0,youtube
original_sequences_youtube_c23_836_frame_04.jpg,0,youtube
original_sequences_youtube_c23_313_frame_04.jpg,0,youtube
original_sequences_youtube_c23_840_frame_01.jpg,0,youtube
manipulated_sequences_Deepfakes_c23_696_686_frame_04.jpg,1,Deepfakes
manipulated_sequences_Face2Face_c23_613_685_frame_01.jpg,1,Face2Face
manipulated_sequences_FaceShifter_c23_752_751_frame_04.jpg,1,FaceShifter
manipulated_sequences_FaceShifter_c23_733_935_frame_03.jpg,1,FaceShifter
manipulated_sequences_Face2Face_c23_070_057_frame_03.jpg,1,Face2Face
original_sequences_youtube_c23_726_frame_04.jpg,0,youtube
manipulated_sequences_NeuralTextures_c23_901_902_frame_02.jpg,1,NeuralTextures
manipulated_sequences_FaceShifter_c23_092_098_frame_01.jpg,1,FaceShifter
original_sequences_youtube_c23_861_frame_01.jpg,0,youtube
original_sequences_youtube_c23_283_frame_05.jpg,0,youtube
manipulated_sequences_FaceSwap_c23_080_061_frame_04.jpg,1,FaceSwap
original_sequences_youtube_c23_526_frame_02.jpg,0,youtube
manipulated_sequences_Deepfakes_c23_931_936_frame_02.jpg,1,Deepfakes
manipulated_sequences_FaceShifter_c23_980_992_frame_03.jpg,1,FaceShifter
manipulated_sequences_NeuralTextures_c23_318_334_frame_01.jpg,1,NeuralTextures
original_sequences_youtube_c23_133_frame_04.jpg,0,youtube
manipulated_sequences_Deepfakes_c23_032_944_frame_05.jpg,1,Deepfakes
original_sequences_youtube_c23_017_frame_01.jpg,0,youtube
original_sequences_youtube_c23_767_frame_03.jpg,0,youtube
manipulated_sequences_Deepfakes_c23_212_179_frame_02.jpg,1,Deepfakes
manipulated_sequences_Deepfakes_c23_606_567_frame_02.jpg,1,Deepfakes
manipulated_sequences_FaceSwap_c23_618_629_frame_01.jpg,1,FaceSwap
manipulated_sequences_FaceSwap_c23_642_635_frame_04.jpg,1,FaceSwap
manipulated_sequences_FaceSwap_c23_375_251_frame_04.jpg,1,FaceSwap
manipulated_sequences_NeuralTextures_c23_089_065_frame_05.jpg,1,NeuralTextures
original_sequences_youtube_c23_853_frame_01.jpg,0,youtube
original_sequences_youtube_c23_253_frame_02.jpg,0,youtube
original_sequences_youtube_c23_462_frame_05.jpg,0,youtube
manipulated_sequences_FaceSwap_c23_676_776_frame_03.jpg,1,FaceSwap
original_sequences_youtube_c23_104_frame_05.jpg,0,youtube
original_sequences_youtube_c23_336_frame_04.jpg,0,youtube
original_sequences_youtube_c23_072_frame_05.jpg,0,youtube
manipulated_sequences_FaceSwap_c23_513_305_frame_01.jpg,1,FaceSwap
original_sequences_youtube_c23_087_frame_01.jpg,0,youtube
original_sequences_youtube_c23_636_frame_02.jpg,0,youtube
original_sequences_youtube_c23_127_frame_03.jpg,0,youtube
manipulated_sequences_Deepfakes_c23_669_682_frame_04.jpg,1,Deepfakes
original_sequences_youtube_c23_697_frame_04.jpg,0,youtube
manipulated_sequences_FaceShifter_c23_781_806_frame_02.jpg,1,FaceShifter
manipulated_sequences_Deepfakes_c23_174_964_frame_04.jpg,1,Deepfakes
original_sequences_youtube_c23_582_frame_02.jpg,0,youtube
manipulated_sequences_NeuralTextures_c23_839_864_frame_05.jpg,1,NeuralTextures
original_sequences_youtube_c23_950_frame_01.jpg,0,youtube
original_sequences_youtube_c23_520_frame_04.jpg,0,youtube
manipulated_sequences_Face2Face_c23_519_515_frame_04.jpg,1,Face2Face
manipulated_sequences_FaceShifter_c23_106_198_frame_04.jpg,1,FaceShifter
original_sequences_youtube_c23_063_frame_01.jpg,0,youtube
original_sequences_youtube_c23_041_frame_04.jpg,0,youtube
original_sequences_youtube_c23_211_frame_04.jpg,0,youtube
manipulated_sequences_Face2Face_c23_627_658_frame_02.jpg,1,Face2Face
manipulated_sequences_Deepfakes_c23_802_885_frame_01.jpg,1,Deepfakes
original_sequences_youtube_c23_194_frame_04.jpg,0,youtube
manipulated_sequences_Face2Face_c23_723_704_frame_02.jpg,1,Face2Face
original_sequences_youtube_c23_364_frame_02.jpg,0,youtube
original_sequences_youtube_c23_709_frame_04.jpg,0,youtube
original_sequences_youtube_c23_060_frame_01.jpg,0,youtube
manipulated_sequences_Face2Face_c23_431_447_frame_03.jpg,1,Face2Face
original_sequences_youtube_c23_414_frame_01.jpg,0,youtube
original_sequences_youtube_c23_489_frame_03.jpg,0,youtube
original_sequences_youtube_c23_362_frame_05.jpg,0,youtube
original_sequences_youtube_c23_920_frame_02.jpg,0,youtube
manipulated_sequences_Face2Face_c23_138_142_frame_01.jpg,1,Face2Face
manipulated_sequences_FaceSwap_c23_229_247_frame_01.jpg,1,FaceSwap
manipulated_sequences_NeuralTextures_c23_380_358_frame_02.jpg,1,NeuralTextures
manipulated_sequences_FaceSwap_c23_676_776_frame_05.jpg,1,FaceSwap
original_sequences_youtube_c23_799_frame_04.jpg,0,youtube
manipulated_sequences_FaceSwap_c23_705_707_frame_05.jpg,1,FaceSwap
manipulated_sequences_Face2Face_c23_619_620_frame_03.jpg,1,Face2Face
manipulated_sequences_FaceSwap_c23_441_439_frame_03.jpg,1,FaceSwap
manipulated_sequences_Deepfakes_c23_633_529_frame_04.jpg,1,Deepfakes
manipulated_sequences_Face2Face_c23_536_540_frame_01.jpg,1,Face2Face
manipulated_sequences_FaceSwap_c23_745_777_frame_01.jpg,1,FaceSwap
original_sequences_youtube_c23_680_frame_03.jpg,0,youtube
original_sequences_youtube_c23_270_frame_05.jpg,0,youtube
original_sequences_youtube_c23_255_frame_02.jpg,0,youtube
manipulated_sequences_Deepfakes_c23_537_563_frame_01.jpg,1,Deepfakes
manipulated_sequences_NeuralTextures_c23_024_073_frame_01.jpg,1,NeuralTextures
original_sequences_youtube_c23_292_frame_02.jpg,0,youtube
original_sequences_youtube_c23_011_frame_02.jpg,0,youtube
manipulated_sequences_FaceShifter_c23_733_935_frame_05.jpg,1,FaceShifter
original_sequences_youtube_c23_063_frame_04.jpg,0,youtube
original_sequences_youtube_c23_572_frame_02.jpg,0,youtube
manipulated_sequences_NeuralTextures_c23_937_888_frame_05.jpg,1,NeuralTextures
manipulated_sequences_Face2Face_c23_493_538_frame_02.jpg,1,Face2Face
manipulated_sequences_Face2Face_c23_194_235_frame_02.jpg,1,Face2Face
original_sequences_youtube_c23_741_frame_05.jpg,0,youtube
original_sequences_youtube_c23_496_frame_04.jpg,0,youtube
original_sequences_youtube_c23_102_frame_01.jpg,0,youtube
manipulated_sequences_FaceShifter_c23_889_045_frame_03.jpg,1,FaceShifter
manipulated_sequences_Face2Face_c23_369_316_frame_05.jpg,1,Face2Face
original_sequences_youtube_c23_722_frame_04.jpg,0,youtube
original_sequences_youtube_c23_906_frame_04.jpg,0,youtube
manipulated_sequences_Face2Face_c23_059_050_frame_02.jpg,1,Face2Face
original_sequences_youtube_c23_438_frame_05.jpg,0,youtube
manipulated_sequences_FaceShifter_c23_108_052_frame_02.jpg,1,FaceShifter
manipulated_sequences_Deepfakes_c23_210_241_frame_04.jpg,1,Deepfakes
manipulated_sequences_NeuralTextures_c23_969_897_frame_01.jpg,1,NeuralTextures
original_sequences_youtube_c23_499_frame_02.jpg,0,youtube
original_sequences_youtube_c23_437_frame_05.jpg,0,youtube
original_sequences_youtube_c23_177_frame_04.jpg,0,youtube
original_sequences_youtube_c23_157_frame_02.jpg,0,youtube
original_sequences_youtube_c23_801_frame_01.jpg,0,youtube
original_sequences_youtube_c23_401_frame_01.jpg,0,youtube
original_sequences_youtube_c23_753_frame_03.jpg,0,youtube
manipulated_sequences_Face2Face_c23_337_522_frame_02.jpg,1,Face2Face
original_sequences_youtube_c23_653_frame_04.jpg,0,youtube
manipulated_sequences_NeuralTextures_c23_438_434_frame_02.jpg,1,NeuralTextures
original_sequences_youtube_c23_570_frame_01.jpg,0,youtube
manipulated_sequences_Face2Face_c23_767_694_frame_02.jpg,1,Face2Face
manipulated_sequences_Deepfakes_c23_706_479_frame_05.jpg,1,Deepfakes
original_sequences_youtube_c23_431_frame_01.jpg,0,youtube
manipulated_sequences_FaceShifter_c23_084_042_frame_05.jpg,1,FaceShifter
manipulated_sequences_FaceShifter_c23_078_955_frame_01.jpg,1,FaceShifter
original_sequences_youtube_c23_777_frame_04.jpg,0,youtube
original_sequences_youtube_c23_510_frame_01.jpg,0,youtube
original_sequences_youtube_c23_121_frame_03.jpg,0,youtube
original_sequences_youtube_c23_531_frame_02.jpg,0,youtube
manipulated_sequences_FaceSwap_c23_271_264_frame_02.jpg,1,FaceSwap
manipulated_sequences_FaceSwap_c23_650_625_frame_02.jpg,1,FaceSwap
original_sequences_youtube_c23_316_frame_01.jpg,0,youtube
original_sequences_youtube_c23_294_frame_04.jpg,0,youtube
manipulated_sequences_Deepfakes_c23_960_999_frame_05.jpg,1,Deepfakes
original_sequences_youtube_c23_209_frame_01.jpg,0,youtube
manipulated_sequences_Face2Face_c23_380_358_frame_02.jpg,1,Face2Face
manipulated_sequences_NeuralTextures_c23_962_929_frame_05.jpg,1,NeuralTextures
manipulated_sequences_Face2Face_c23_750_743_frame_02.jpg,1,Face2Face
original_sequences_youtube_c23_188_frame_01.jpg,0,youtube
original_sequences_youtube_c23_888_frame_03.jpg,0,youtube
manipulated_sequences_Deepfakes_c23_705_707_frame_02.jpg,1,Deepfakes
manipulated_sequences_FaceShifter_c23_935_733_frame_04.jpg,1,FaceShifter
manipulated_sequences_NeuralTextures_c23_383_353_frame_05.jpg,1,NeuralTextures
manipulated_sequences_NeuralTextures_c23_012_026_frame_03.jpg,1,NeuralTextures
original_sequences_youtube_c23_301_frame_03.jpg,0,youtube
original_sequences_youtube_c23_952_frame_01.jpg,0,youtube
original_sequences_youtube_c23_626_frame_05.jpg,0,youtube
manipulated_sequences_FaceShifter_c23_225_151_frame_02.jpg,1,FaceShifter
manipulated_sequences_Deepfakes_c23_723_704_frame_02.jpg,1,Deepfakes
original_sequences_youtube_c23_547_frame_04.jpg,0,youtube
original_sequences_youtube_c23_160_frame_03.jpg,0,youtube
manipulated_sequences_NeuralTextures_c23_758_754_frame_01.jpg,1,NeuralTextures
original_sequences_youtube_c23_891_frame_03.jpg,0,youtube
original_sequences_youtube_c23_043_frame_04.jpg,0,youtube
original_sequences_youtube_c23_300_frame_05.jpg,0,youtube
manipulated_sequences_NeuralTextures_c23_142_138_frame_05.jpg,1,NeuralTextures
original_sequences_youtube_c23_368_frame_01.jpg,0,youtube
manipulated_sequences_Face2Face_c23_255_214_frame_03.jpg,1,Face2Face
manipulated_sequences_FaceShifter_c23_326_501_frame_05.jpg,1,FaceShifter
manipulated_sequences_FaceSwap_c23_455_471_frame_03.jpg,1,FaceSwap
original_sequences_youtube_c23_423_frame_04.jpg,0,youtube
original_sequences_youtube_c23_888_frame_02.jpg,0,youtube
original_sequences_youtube_c23_044_frame_01.jpg,0,youtube
original_sequences_youtube_c23_656_frame_03.jpg,0,youtube
manipulated_sequences_Face2Face_c23_229_247_frame_01.jpg,1,Face2Face
manipulated_sequences_NeuralTextures_c23_643_646_frame_02.jpg,1,NeuralTextures
manipulated_sequences_FaceShifter_c23_810_838_frame_03.jpg,1,FaceShifter
original_sequences_youtube_c23_823_frame_04.jpg,0,youtube
manipulated_sequences_FaceSwap_c23_652_773_frame_02.jpg,1,FaceSwap
original_sequences_youtube_c23_138_frame_05.jpg,0,youtube
manipulated_sequences_FaceSwap_c23_695_422_frame_03.jpg,1,FaceSwap
original_sequences_youtube_c23_556_frame_01.jpg,0,youtube
manipulated_sequences_NeuralTextures_c23_135_880_frame_05.jpg,1,NeuralTextures
original_sequences_youtube_c23_323_frame_01.jpg,0,youtube
original_sequences_youtube_c23_486_frame_02.jpg,0,youtube
manipulated_sequences_NeuralTextures_c23_506_478_frame_01.jpg,1,NeuralTextures
original_sequences_youtube_c23_727_frame_05.jpg,0,youtube
original_sequences_youtube_c23_903_frame_01.jpg,0,youtube
original_sequences_youtube_c23_280_frame_05.jpg,0,youtube
original_sequences_youtube_c23_671_frame_01.jpg,0,youtube
manipulated_sequences_Deepfakes_c23_167_166_frame_04.jpg,1,Deepfakes
manipulated_sequences_Deepfakes_c23_651_835_frame_04.jpg,1,Deepfakes
original_sequences_youtube_c23_876_frame_04.jpg,0,youtube
manipulated_sequences_Deepfakes_c23_621_546_frame_04.jpg,1,Deepfakes
manipulated_sequences_Deepfakes_c23_931_936_frame_05.jpg,1,Deepfakes
manipulated_sequences_FaceShifter_c23_839_864_frame_01.jpg,1,FaceShifter
manipulated_sequences_Face2Face_c23_202_348_frame_04.jpg,1,Face2Face
manipulated_sequences_Deepfakes_c23_824_419_frame_03.jpg,1,Deepfakes
manipulated_sequences_NeuralTextures_c23_336_338_frame_04.jpg,1,NeuralTextures
original_sequences_youtube_c23_153_frame_04.jpg,0,youtube
original_sequences_youtube_c23_278_frame_04.jpg,0,youtube
original_sequences_youtube_c23_724_frame_04.jpg,0,youtube
original_sequences_youtube_c23_943_frame_03.jpg,0,youtube
original_sequences_youtube_c23_594_frame_03.jpg,0,youtube
manipulated_sequences_FaceSwap_c23_437_360_frame_05.jpg,1,FaceSwap
manipulated_sequences_FaceSwap_c23_597_595_frame_03.jpg,1,FaceSwap
original_sequences_youtube_c23_613_frame_03.jpg,0,youtube
original_sequences_youtube_c23_819_frame_03.jpg,0,youtube
manipulated_sequences_FaceShifter_c23_738_804_frame_04.jpg,1,FaceShifter
original_sequences_youtube_c23_033_frame_05.jpg,0,youtube
manipulated_sequences_Deepfakes_c23_354_362_frame_05.jpg,1,Deepfakes
original_sequences_youtube_c23_907_frame_01.jpg,0,youtube
original_sequences_youtube_c23_689_frame_03.jpg,0,youtube
original_sequences_youtube_c23_418_frame_03.jpg,0,youtube
manipulated_sequences_FaceSwap_c23_926_900_frame_02.jpg,1,FaceSwap
original_sequences_youtube_c23_901_frame_01.jpg,0,youtube
original_sequences_youtube_c23_022_frame_02.jpg,0,youtube
original_sequences_youtube_c23_660_frame_05.jpg,0,youtube
original_sequences_youtube_c23_001_frame_02.jpg,0,youtube
manipulated_sequences_Deepfakes_c23_758_754_frame_02.jpg,1,Deepfakes
manipulated_sequences_Deepfakes_c23_076_079_frame_05.jpg,1,Deepfakes
manipulated_sequences_NeuralTextures_c23_854_747_frame_02.jpg,1,NeuralTextures
manipulated_sequences_FaceSwap_c23_489_022_frame_02.jpg,1,FaceSwap
manipulated_sequences_Face2Face_c23_162_330_frame_03.jpg,1,Face2Face
manipulated_sequences_Deepfakes_c23_143_140_frame_03.jpg,1,Deepfakes
manipulated_sequences_FaceShifter_c23_638_640_frame_03.jpg,1,FaceShifter
original_sequences_youtube_c23_237_frame_03.jpg,0,youtube
manipulated_sequences_FaceSwap_c23_352_319_frame_04.jpg,1,FaceSwap
manipulated_sequences_Deepfakes_c23_030_193_frame_01.jpg,1,Deepfakes
manipulated_sequences_Face2Face_c23_672_720_frame_04.jpg,1,Face2Face
original_sequences_youtube_c23_234_frame_03.jpg,0,youtube
manipulated_sequences_Deepfakes_c23_829_808_frame_02.jpg,1,Deepfakes
manipulated_sequences_Face2Face_c23_975_978_frame_05.jpg,1,Face2Face
original_sequences_youtube_c23_915_frame_05.jpg,0,youtube
original_sequences_youtube_c23_646_frame_02.jpg,0,youtube
manipulated_sequences_Face2Face_c23_574_547_frame_02.jpg,1,Face2Face
manipulated_sequences_Deepfakes_c23_227_169_frame_01.jpg,1,Deepfakes
original_sequences_youtube_c23_715_frame_02.jpg,0,youtube
manipulated_sequences_FaceShifter_c23_653_601_frame_01.jpg,1,FaceShifter
original_sequences_youtube_c23_338_frame_04.jpg,0,youtube
original_sequences_youtube_c23_673_frame_04.jpg,0,youtube
original_sequences_youtube_c23_549_frame_02.jpg,0,youtube
original_sequences_youtube_c23_778_frame_05.jpg,0,youtube
manipulated_sequences_FaceShifter_c23_458_722_frame_04.jpg,1,FaceShifter
manipulated_sequences_FaceShifter_c23_153_150_frame_01.jpg,1,FaceShifter
manipulated_sequences_FaceSwap_c23_952_882_frame_05.jpg,1,FaceSwap
original_sequences_youtube_c23_134_frame_02.jpg,0,youtube
manipulated_sequences_FaceShifter_c23_869_780_frame_02.jpg,1,FaceShifter
manipulated_sequences_Deepfakes_c23_482_465_frame_03.jpg,1,Deepfakes
manipulated_sequences_NeuralTextures_c23_452_550_frame_03.jpg,1,NeuralTextures
manipulated_sequences_FaceSwap_c23_013_883_frame_01.jpg,1,FaceSwap
original_sequences_youtube_c23_284_frame_03.jpg,0,youtube
original_sequences_youtube_c23_380_frame_05.jpg,0,youtube
manipulated_sequences_FaceSwap_c23_919_015_frame_02.jpg,1,FaceSwap
original_sequences_youtube_c23_611_frame_03.jpg,0,youtube
manipulated_sequences_FaceSwap_c23_716_712_frame_05.jpg,1,FaceSwap
manipulated_sequences_FaceSwap_c23_672_720_frame_04.jpg,1,FaceSwap
manipulated_sequences_Deepfakes_c23_671_677_frame_03.jpg,1,Deepfakes
manipulated_sequences_Deepfakes_c23_988_966_frame_03.jpg,1,Deepfakes
original_sequences_youtube_c23_748_frame_01.jpg,0,youtube
original_sequences_youtube_c23_233_frame_01.jpg,0,youtube
manipulated_sequences_FaceShifter_c23_769_784_frame_02.jpg,1,FaceShifter
manipulated_sequences_Face2Face_c23_453_402_frame_01.jpg,1,Face2Face
manipulated_sequences_FaceShifter_c23_111_094_frame_03.jpg,1,FaceShifter
original_sequences_youtube_c23_103_frame_05.jpg,0,youtube
manipulated_sequences_FaceSwap_c23_077_100_frame_05.jpg,1,FaceSwap
original_sequences_youtube_c23_182_frame_05.jpg,0,youtube
original_sequences_youtube_c23_008_frame_01.jpg,0,youtube
manipulated_sequences_NeuralTextures_c23_268_269_frame_04.jpg,1,NeuralTextures
manipulated_sequences_Deepfakes_c23_549_531_frame_03.jpg,1,Deepfakes
manipulated_sequences_Face2Face_c23_897_969_frame_03.jpg,1,Face2Face
manipulated_sequences_NeuralTextures_c23_807_273_frame_05.jpg,1,NeuralTextures
original_sequences_youtube_c23_399_frame_05.jpg,0,youtube
manipulated_sequences_NeuralTextures_c23_441_439_frame_03.jpg,1,NeuralTextures
original_sequences_youtube_c23_706_frame_01.jpg,0,youtube
manipulated_sequences_FaceSwap_c23_094_111_frame_05.jpg,1,FaceSwap
original_sequences_youtube_c23_231_frame_02.jpg,0,youtube
manipulated_sequences_NeuralTextures_c23_352_319_frame_04.jpg,1,NeuralTextures
manipulated_sequences_FaceShifter_c23_143_140_frame_04.jpg,1,FaceShifter
original_sequences_youtube_c23_796_frame_02.jpg,0,youtube
manipulated_sequences_FaceShifter_c23_186_170_frame_02.jpg,1,FaceShifter
original_sequences_youtube_c23_480_frame_05.jpg,0,youtube
manipulated_sequences_Deepfakes_c23_458_722_frame_04.jpg,1,Deepfakes
original_sequences_youtube_c23_373_frame_05.jpg,0,youtube
manipulated_sequences_FaceShifter_c23_035_036_frame_03.jpg,1,FaceShifter
manipulated_sequences_Deepfakes_c23_479_706_frame_01.jpg,1,Deepfakes
manipulated_sequences_Deepfakes_c23_928_160_frame_04.jpg,1,Deepfakes
manipulated_sequences_Face2Face_c23_884_968_frame_01.jpg,1,Face2Face
original_sequences_youtube_c23_668_frame_04.jpg,0,youtube
original_sequences_youtube_c23_192_frame_01.jpg,0,youtube
manipulated_sequences_Deepfakes_c23_099_295_frame_04.jpg,1,Deepfakes
original_sequences_youtube_c23_825_frame_03.jpg,0,youtube
manipulated_sequences_NeuralTextures_c23_366_473_frame_02.jpg,1,NeuralTextures
original_sequences_youtube_c23_763_frame_03.jpg,0,youtube
original_sequences_youtube_c23_403_frame_04.jpg,0,youtube
manipulated_sequences_Deepfakes_c23_697_581_frame_04.jpg,1,Deepfakes
manipulated_sequences_FaceSwap_c23_380_358_frame_02.jpg,1,FaceSwap
manipulated_sequences_NeuralTextures_c23_637_427_frame_03.jpg,1,NeuralTextures
manipulated_sequences_NeuralTextures_c23_533_450_frame_03.jpg,1,NeuralTextures
manipulated_sequences_FaceShifter_c23_627_658_frame_02.jpg,1,FaceShifter
original_sequences_youtube_c23_131_frame_05.jpg,0,youtube
original_sequences_youtube_c23_000_frame_02.jpg,0,youtube
manipulated_sequences_Face2Face_c23_783_916_frame_03.jpg,1,Face2Face
original_sequences_youtube_c23_436_frame_03.jpg,0,youtube
manipulated_sequences_NeuralTextures_c23_456_435_frame_05.jpg,1,NeuralTextures
manipulated_sequences_FaceSwap_c23_461_250_frame_05.jpg,1,FaceSwap
manipulated_sequences_FaceShifter_c23_963_879_frame_05.jpg,1,FaceShifter
manipulated_sequences_FaceSwap_c23_458_722_frame_04.jpg,1,FaceSwap
manipulated_sequences_FaceShifter_c23_783_916_frame_05.jpg,1,FaceShifter
manipulated_sequences_FaceSwap_c23_063_041_frame_05.jpg,1,FaceSwap
original_sequences_youtube_c23_752_frame_02.jpg,0,youtube
manipulated_sequences_Face2Face_c23_963_879_frame_04.jpg,1,Face2Face
manipulated_sequences_FaceSwap_c23_455_471_frame_04.jpg,1,FaceSwap
original_sequences_youtube_c23_919_frame_04.jpg,0,youtube
original_sequences_youtube_c23_586_frame_05.jpg,0,youtube
original_sequences_youtube_c23_042_frame_03.jpg,0,youtube
manipulated_sequences_Deepfakes_c23_704_723_frame_01.jpg,1,Deepfakes
manipulated_sequences_FaceShifter_c23_465_482_frame_04.jpg,1,FaceShifter
manipulated_sequences_Face2Face_c23_554_572_frame_02.jpg,1,Face2Face
manipulated_sequences_FaceSwap_c23_559_543_frame_02.jpg,1,FaceSwap
original_sequences_youtube_c23_391_frame_01.jpg,0,youtube
original_sequences_youtube_c23_182_frame_04.jpg,0,youtube
original_sequences_youtube_c23_142_frame_05.jpg,0,youtube
manipulated_sequences_FaceSwap_c23_312_021_frame_04.jpg,1,FaceSwap
original_sequences_youtube_c23_289_frame_02.jpg,0,youtube
original_sequences_youtube_c23_464_frame_03.jpg,0,youtube
original_sequences_youtube_c23_859_frame_03.jpg,0,youtube
manipulated_sequences_NeuralTextures_c23_881_856_frame_02.jpg,1,NeuralTextures
original_sequences_youtube_c23_641_frame_04.jpg,0,youtube
manipulated_sequences_Face2Face_c23_280_249_frame_02.jpg,1,Face2Face
manipulated_sequences_FaceSwap_c23_405_393_frame_02.jpg,1,FaceSwap
manipulated_sequences_Deepfakes_c23_902_901_frame_03.jpg,1,Deepfakes
manipulated_sequences_FaceShifter_c23_049_946_frame_04.jpg,1,FaceShifter
manipulated_sequences_Face2Face_c23_312_021_frame_04.jpg,1,Face2Face
manipulated_sequences_FaceSwap_c23_914_899_frame_04.jpg,1,FaceSwap
original_sequences_youtube_c23_966_frame_05.jpg,0,youtube
manipulated_sequences_FaceSwap_c23_270_297_frame_04.jpg,1,FaceSwap
manipulated_sequences_NeuralTextures_c23_406_391_frame_05.jpg,1,NeuralTextures
manipulated_sequences_NeuralTextures_c23_022_489_frame_03.jpg,1,NeuralTextures
manipulated_sequences_Deepfakes_c23_149_152_frame_02.jpg,1,Deepfakes
manipulated_sequences_NeuralTextures_c23_518_131_frame_01.jpg,1,NeuralTextures
original_sequences_youtube_c23_176_frame_02.jpg,0,youtube
original_sequences_youtube_c23_087_frame_04.jpg,0,youtube
original_sequences_youtube_c23_531_frame_03.jpg,0,youtube
original_sequences_youtube_c23_006_frame_01.jpg,0,youtube
manipulated_sequences_FaceSwap_c23_202_348_frame_05.jpg,1,FaceSwap
original_sequences_youtube_c23_203_frame_01.jpg,0,youtube
original_sequences_youtube_c23_419_frame_02.jpg,0,youtube
original_sequences_youtube_c23_092_frame_04.jpg,0,youtube
original_sequences_youtube_c23_044_frame_05.jpg,0,youtube
original_sequences_youtube_c23_948_frame_04.jpg,0,youtube
manipulated_sequences_Face2Face_c23_521_517_frame_05.jpg,1,Face2Face
original_sequences_youtube_c23_934_frame_01.jpg,0,youtube
original_sequences_youtube_c23_189_frame_01.jpg,0,youtube
manipulated_sequences_FaceSwap_c23_337_522_frame_02.jpg,1,FaceSwap
original_sequences_youtube_c23_223_frame_03.jpg,0,youtube
manipulated_sequences_Face2Face_c23_898_922_frame_03.jpg,1,Face2Face
manipulated_sequences_NeuralTextures_c23_855_801_frame_02.jpg,1,NeuralTextures
manipulated_sequences_FaceShifter_c23_141_161_frame_01.jpg,1,FaceShifter
original_sequences_youtube_c23_773_frame_05.jpg,0,youtube
original_sequences_youtube_c23_675_frame_05.jpg,0,youtube
original_sequences_youtube_c23_137_frame_01.jpg,0,youtube
manipulated_sequences_FaceShifter_c23_517_521_frame_02.jpg,1,FaceShifter
manipulated_sequences_Deepfakes_c23_168_222_frame_03.jpg,1,Deepfakes
manipulated_sequences_Deepfakes_c23_281_474_frame_05.jpg,1,Deepfakes
original_sequences_youtube_c23_544_frame_03.jpg,0,youtube
manipulated_sequences_FaceShifter_c23_010_005_frame_05.jpg,1,FaceShifter
original_sequences_youtube_c23_234_frame_05.jpg,0,youtube
original_sequences_youtube_c23_132_frame_03.jpg,0,youtube
manipulated_sequences_NeuralTextures_c23_006_002_frame_01.jpg,1,NeuralTextures
manipulated_sequences_Deepfakes_c23_723_704_frame_05.jpg,1,Deepfakes
original_sequences_youtube_c23_950_frame_03.jpg,0,youtube
original_sequences_youtube_c23_303_frame_05.jpg,0,youtube
manipulated_sequences_FaceShifter_c23_837_890_frame_02.jpg,1,FaceShifter
manipulated_sequences_Deepfakes_c23_202_348_frame_05.jpg,1,Deepfakes
manipulated_sequences_Deepfakes_c23_073_024_frame_02.jpg,1,Deepfakes
manipulated_sequences_Deepfakes_c23_416_342_frame_03.jpg,1,Deepfakes
original_sequences_youtube_c23_676_frame_03.jpg,0,youtube
manipulated_sequences_FaceSwap_c23_589_565_frame_04.jpg,1,FaceSwap
